,creditscore,tenure,balance,numofproducts,hascrcard,isactivemember,estimatedsalary,exited,geography,gender,age
0,698,9,161994.0,1,0,0,90212.4,0,Spain,Female,39
1,612,1,0.0,1,1,1,83256.3,1,Spain,Male,35
2,601,1,64430.1,2,0,1,96518.0,0,France,Male,47
3,627,6,57809.3,1,1,0,188258.0,0,Germany,Female,30
4,745,10,96048.5,1,1,0,74510.6,0,Germany,Male,48
5,532,9,0.0,2,0,0,30583.9,0,France,Male,38
6,631,3,0.0,2,1,1,197963.0,0,Spain,Male,29
7,845,9,0.0,2,1,1,56186.0,0,France,Female,28
8,709,8,0.0,2,1,0,56214.1,0,France,Male,39
9,653,8,0.0,2,1,1,154640.0,0,France,Male,44
10,497,5,80542.8,1,0,0,88729.2,1,Germany,Male,41
11,545,4,0.0,1,1,0,94739.2,0,Spain,Female,32
12,596,9,0.0,1,1,0,48963.6,0,France,Male,39
13,526,5,53573.2,1,1,0,62831.0,0,France,Female,37
14,749,0,71497.8,2,0,0,151084.0,0,Germany,Female,44
15,616,1,103561.0,1,1,0,236.45,1,Germany,Female,41
16,618,5,96652.9,1,1,0,98686.4,1,France,Female,37
17,580,9,143391.0,1,0,0,146891.0,1,Germany,Male,44
18,787,5,0.0,2,1,0,47307.9,0,France,Male,25
19,574,1,0.0,2,0,1,71709.1,0,Spain,Male,36
20,761,6,138054.0,2,1,0,148779.0,0,France,Female,33
21,660,5,0.0,3,1,1,189016.0,1,Spain,Female,42
22,515,5,129388.0,1,0,1,147956.0,1,France,Male,48
23,586,10,66948.7,2,1,1,140759.0,0,Spain,Female,33
24,683,0,138171.0,2,1,1,188204.0,0,Germany,Female,32
25,487,2,0.0,2,1,0,77475.7,0,France,Male,45
26,704,2,0.0,1,1,0,35600.2,1,Spain,Female,24
27,724,4,88046.9,1,0,1,186942.0,1,Germany,Male,33
28,573,9,0.0,2,1,0,107124.0,0,Spain,Male,44
29,777,4,137851.0,1,1,0,5008.23,1,France,Female,30
30,709,10,0.0,2,0,0,129590.0,0,Spain,Male,23
31,698,8,155059.0,2,1,1,144584.0,0,Germany,Male,55
32,670,10,0.0,3,1,0,81602.0,0,France,Female,41
33,554,8,0.0,2,1,1,116748.0,0,Spain,Male,66
34,444,4,0.0,2,1,0,161654.0,1,France,Female,45
35,548,2,108914.0,2,1,1,140460.0,0,Germany,Female,36
36,587,3,83739.3,1,0,1,148798.0,0,Spain,Male,51
37,598,8,129992.0,2,0,1,46041.1,0,France,Male,28
38,535,9,134874.0,1,1,1,118826.0,0,Germany,Male,20
39,584,3,88594.9,1,1,0,178998.0,0,Germany,Female,41
40,793,3,137818.0,1,0,0,83997.8,0,France,Male,39
41,667,7,167557.0,1,1,1,41183.0,0,Spain,Male,39
42,656,7,141536.0,1,1,0,50595.1,1,Germany,Female,46
43,779,3,0.0,2,1,0,30804.7,0,Spain,Male,33
44,766,6,106435.0,1,0,1,137996.0,1,Germany,Female,34
45,789,8,66202.0,1,1,1,79458.1,0,France,Female,27
46,430,1,118894.0,1,0,0,2923.61,0,France,Male,35
47,802,4,0.0,2,1,1,81908.1,0,Spain,Male,40
48,684,3,102630.0,2,1,1,127433.0,0,Germany,Male,32
49,738,5,177997.0,1,0,1,19233.4,0,Spain,Male,38
50,712,7,0.0,2,1,0,170333.0,0,France,Female,31
51,559,7,0.0,2,1,1,190040.0,0,France,Female,42
52,735,9,0.0,1,1,1,114283.0,0,France,Male,73
53,601,9,133636.0,1,0,1,103316.0,0,Germany,Female,42
54,678,2,98009.1,2,0,1,31384.9,0,Germany,Female,44
55,633,3,144164.0,1,1,1,158646.0,0,Germany,Male,43
56,630,6,0.0,2,1,0,162698.0,0,France,Male,42
57,773,2,145578.0,1,0,1,186173.0,0,France,Male,64
58,734,7,123040.0,1,1,1,76503.1,0,Germany,Female,30
59,656,3,0.0,2,1,1,1276.87,0,France,Female,75
60,646,9,111574.0,1,1,1,30838.5,0,Germany,Male,39
61,634,4,0.0,2,1,1,164550.0,0,Spain,Female,41
62,738,6,114941.0,2,1,1,194896.0,1,Germany,Female,40
63,573,2,128243.0,1,1,1,11631.3,0,France,Male,27
64,721,6,100276.0,1,1,0,138564.0,1,Germany,Male,40
65,689,7,52016.1,2,1,1,72993.6,0,France,Female,46
66,690,1,144028.0,1,1,1,108731.0,1,Germany,Female,54
67,450,2,0.0,2,1,0,175481.0,0,Spain,Female,34
68,550,7,114355.0,1,1,0,54018.9,0,France,Female,40
69,719,5,105918.0,1,1,1,16246.6,0,France,Male,49
70,501,9,114631.0,1,0,1,91429.7,0,France,Male,42
71,623,1,0.0,2,0,0,39382.1,0,France,Female,29
72,581,7,189318.0,2,1,0,45026.2,1,Spain,Female,44
73,556,3,124213.0,2,1,0,62627.6,0,Germany,Male,33
74,619,5,132725.0,1,1,1,143913.0,0,Germany,Male,23
75,586,8,167736.0,2,0,1,104666.0,0,Germany,Male,37
76,739,6,0.0,1,0,0,122604.0,0,France,Female,30
77,537,5,100728.0,1,0,1,140858.0,1,Germany,Female,46
78,794,0,144880.0,2,0,1,175643.0,0,Spain,Male,31
79,828,8,134767.0,1,1,0,79355.9,0,Spain,Male,28
80,634,2,0.0,4,1,0,101040.0,1,France,Female,45
81,758,8,81710.5,1,1,1,116520.0,0,France,Male,51
82,757,1,127320.0,3,1,0,163170.0,0,Germany,Male,31
83,508,7,0.0,2,1,1,6123.15,0,France,Female,31
84,809,7,109558.0,1,1,0,183515.0,0,France,Male,24
85,481,3,163715.0,1,1,0,96123.7,0,Germany,Male,44
86,749,6,0.0,2,0,1,34948.8,0,France,Female,26
87,592,8,119278.0,2,0,1,19370.7,0,France,Female,38
88,681,7,69609.9,1,1,1,72127.8,0,France,Female,37
89,527,8,0.0,1,1,1,51711.6,0,Spain,Male,53
90,850,4,71379.5,2,1,1,154001.0,0,France,Female,34
91,650,8,0.0,2,1,1,113470.0,0,Spain,Male,20
92,492,10,77168.9,2,0,1,146700.0,0,Germany,Female,30
93,637,2,0.0,2,1,0,149666.0,0,France,Female,44
94,488,6,0.0,2,1,1,66393.9,0,France,Female,22
95,569,4,139840.0,1,1,1,163525.0,0,Spain,Female,41
96,633,3,0.0,2,1,0,120251.0,0,Spain,Female,46
97,661,7,143007.0,1,1,1,15650.9,0,Spain,Male,38
98,653,0,0.0,2,1,0,27862.6,0,France,Male,43
99,712,7,124616.0,1,1,1,69321.0,0,France,Male,35
100,524,10,67239.0,2,1,1,161811.0,0,Germany,Female,31
101,534,9,0.0,2,1,0,13871.3,0,France,Male,41
102,689,8,160272.0,1,1,0,49656.2,0,France,Male,40
103,554,7,105702.0,1,0,1,179798.0,1,Germany,Female,51
104,544,9,113829.0,1,1,1,124341.0,0,France,Male,64
105,536,9,0.0,1,1,0,121299.0,0,France,Female,41
106,671,6,99564.2,1,1,1,108872.0,1,Germany,Male,45
107,619,8,132796.0,3,1,1,191821.0,1,Germany,Female,42
108,698,6,125427.0,2,0,0,27654.4,0,Spain,Male,27
109,540,10,118159.0,1,1,1,158028.0,0,Spain,Female,31
110,496,1,102723.0,2,1,0,180845.0,0,France,Female,34
111,654,5,0.0,2,1,0,159311.0,0,Spain,Male,34
112,620,8,102252.0,1,1,0,120672.0,0,Germany,Female,34
113,608,3,106289.0,1,1,1,36639.2,0,Germany,Male,34
114,681,6,153722.0,1,1,0,101320.0,0,France,Male,38
115,477,1,128555.0,1,1,1,133173.0,0,France,Male,27
116,674,2,152798.0,1,1,0,175709.0,1,Germany,Male,34
117,726,6,0.0,2,1,1,54724.0,0,France,Female,24
118,444,6,0.0,1,1,0,130010.0,1,France,Male,45
119,632,6,126066.0,1,1,0,64345.6,1,Germany,Male,48
120,627,6,153548.0,1,0,0,35300.1,1,France,Male,44
121,615,7,0.0,2,1,1,156347.0,0,France,Male,30
122,570,4,82767.4,1,1,0,71811.9,0,France,Female,18
123,680,9,0.0,2,0,0,143774.0,0,Spain,Male,35
124,464,5,76001.6,1,1,1,158669.0,0,Spain,Female,34
125,781,6,147108.0,1,1,1,40066.9,0,France,Male,32
126,727,1,109680.0,1,0,1,753.37,0,Spain,Female,57
127,554,10,0.0,2,1,0,149629.0,1,France,Female,43
128,576,6,44582.1,3,0,1,67539.9,1,France,Female,55
129,622,5,179305.0,1,1,1,149044.0,0,France,Male,32
130,644,7,155060.0,1,1,0,29179.5,0,France,Male,28
131,678,2,116933.0,1,1,0,195054.0,1,Germany,Male,49
132,666,3,0.0,2,1,0,35156.5,0,France,Male,36
133,704,2,148197.0,2,1,0,182775.0,0,France,Male,24
134,601,7,114430.0,2,1,1,153012.0,0,Germany,Female,33
135,731,4,0.0,2,1,0,22299.3,0,Spain,Male,41
136,704,2,175510.0,2,1,0,152040.0,0,Spain,Female,36
137,656,9,0.0,2,1,1,85240.6,1,France,Female,48
138,607,10,106703.0,2,0,0,198314.0,0,Germany,Male,36
139,732,8,122338.0,2,1,0,187986.0,0,France,Female,34
140,463,2,101257.0,1,1,1,118114.0,0,France,Male,35
141,652,3,116353.0,2,0,1,193503.0,0,Germany,Female,58
142,765,6,0.0,2,1,1,159900.0,0,France,Male,44
143,601,10,98627.1,2,0,0,77977.7,0,France,Male,40
144,584,6,87361.0,2,1,0,120377.0,1,Germany,Female,46
145,778,6,0.0,2,1,1,106197.0,0,France,Male,42
146,601,1,98495.7,1,1,0,40014.8,1,Germany,Male,42
147,678,6,0.0,1,1,0,8199.5,0,France,Female,50
148,671,6,105865.0,2,1,0,145567.0,0,Germany,Female,31
149,577,5,110080.0,1,1,1,109794.0,0,Spain,Male,35
150,692,8,130701.0,1,1,0,59354.2,1,Germany,Female,41
151,850,3,51293.5,1,0,0,35534.7,0,Germany,Female,31
152,517,4,0.0,1,0,0,172674.0,1,France,Female,45
153,627,6,112373.0,1,1,1,118029.0,0,Germany,Male,30
154,561,6,166825.0,1,1,0,139452.0,0,Germany,Male,32
155,768,9,108308.0,1,1,0,41788.2,1,Germany,Male,37
156,583,4,0.0,3,1,0,163113.0,0,France,Female,27
157,687,2,154007.0,1,1,0,158408.0,0,Germany,Female,41
158,673,8,42157.1,1,1,0,20598.6,1,France,Female,34
159,529,8,0.0,2,1,0,19842.1,0,France,Female,29
160,592,3,96651.0,1,1,1,3232.82,0,France,Male,37
161,516,10,57369.6,1,1,1,101700.0,0,France,Male,35
162,706,6,87609.7,2,0,0,137675.0,1,Spain,Male,30
163,509,1,0.0,2,1,0,69113.1,0,Spain,Male,29
164,754,1,136186.0,1,1,1,121530.0,1,Germany,Male,65
165,625,8,118773.0,4,0,0,135854.0,1,Germany,Female,55
166,850,3,0.0,2,1,0,121867.0,0,France,Male,31
167,775,6,179886.0,2,0,0,153123.0,0,Germany,Female,38
168,586,8,132558.0,1,1,0,67046.8,1,France,Female,43
169,721,1,0.0,1,1,1,195941.0,0,Spain,Male,57
170,684,9,90544.0,1,0,1,4777.23,0,Germany,Male,18
171,664,8,142990.0,1,1,1,115453.0,1,France,Female,44
172,683,6,187531.0,2,1,1,37976.4,0,France,Female,35
173,724,3,132353.0,1,1,0,80320.3,0,France,Female,34
174,763,2,0.0,2,1,0,153984.0,0,France,Female,23
175,608,8,121729.0,1,0,0,61164.4,0,Germany,Female,40
176,412,5,0.0,2,0,0,12510.5,0,France,Male,29
177,682,5,0.0,2,1,1,147759.0,0,Spain,Male,36
178,577,6,0.0,1,1,1,196395.0,0,Spain,Male,31
179,697,8,103409.0,1,1,0,66893.3,1,Germany,Male,43
180,584,6,152622.0,1,1,0,99298.8,0,Germany,Female,31
181,621,6,0.0,2,1,1,99128.1,0,France,Male,34
182,641,4,0.0,2,0,0,125986.0,0,France,Female,35
183,669,3,88827.5,1,0,0,85250.8,1,Spain,Male,51
184,618,4,115252.0,1,0,0,136436.0,0,Spain,Male,41
185,579,1,0.0,2,1,0,4460.2,0,France,Male,35
186,558,4,161767.0,1,0,0,92378.5,0,Spain,Male,40
187,600,7,90218.9,1,1,0,91347.8,0,France,Male,49
188,621,7,131034.0,1,0,1,75685.6,1,Germany,Female,55
189,785,9,122032.0,1,1,1,33823.5,1,France,Female,47
190,655,5,138090.0,2,1,1,99920.4,0,Germany,Female,72
191,560,1,116084.0,1,1,0,89734.7,0,France,Male,24
192,494,9,93320.8,1,1,1,24489.4,0,France,Male,69
193,491,4,112045.0,1,1,1,41229.7,1,Germany,Female,57
194,670,7,0.0,2,1,1,77864.4,0,France,Male,38
195,677,0,111214.0,2,1,1,147578.0,0,Germany,Female,39
196,626,2,181671.0,2,1,1,57531.1,0,Germany,Male,36
197,608,10,163548.0,1,1,0,38866.9,0,France,Male,42
198,687,7,93617.1,1,0,1,113051.0,0,Spain,Female,29
199,728,9,127772.0,2,1,1,152643.0,0,Germany,Female,32
200,620,5,0.0,1,0,0,31641.5,1,France,Male,61
201,666,7,137781.0,2,1,1,119100.0,1,France,Male,43
202,711,2,133608.0,1,1,1,120586.0,0,Germany,Female,35
203,615,7,143331.0,2,1,1,126396.0,0,Spain,Female,29
204,647,9,0.0,2,1,1,51362.8,0,France,Female,42
205,520,4,145223.0,2,0,0,145161.0,0,Spain,Female,30
206,706,4,129606.0,1,0,0,69865.5,0,France,Female,44
207,734,3,0.0,1,1,0,130806.0,1,France,Female,54
208,532,0,0.0,2,1,0,94977.3,0,Spain,Female,39
209,773,7,190239.0,1,1,1,57549.6,0,France,Female,41
210,670,8,138340.0,1,0,1,3159.15,0,France,Female,50
211,655,10,0.0,2,0,1,126565.0,0,France,Male,28
212,645,1,0.0,2,0,0,28726.1,0,Spain,Female,21
213,579,0,144386.0,1,1,1,22497.1,1,Germany,Male,42
214,747,7,116314.0,1,1,1,190696.0,1,Germany,Male,58
215,809,3,0.0,2,0,1,141427.0,0,Spain,Female,33
216,714,6,126077.0,2,1,1,53954.2,0,Germany,Female,35
217,651,10,79563.0,1,1,1,74687.4,0,France,Male,28
218,756,0,109528.0,2,1,1,56176.3,0,Germany,Male,32
219,529,5,94216.0,1,1,1,78695.7,0,Germany,Male,72
220,588,1,103061.0,1,1,0,179866.0,1,Germany,Female,35
221,805,6,151802.0,1,1,0,46791.1,1,Germany,Male,56
222,635,0,103257.0,1,0,0,158345.0,0,Spain,Male,38
223,650,7,138232.0,1,1,0,57594.8,0,Germany,Female,48
224,699,9,0.0,1,1,0,80963.9,0,France,Male,39
225,680,3,127331.0,3,1,1,176434.0,0,Germany,Female,31
226,524,3,159035.0,1,1,0,2705.31,1,Spain,Male,29
227,642,8,134497.0,1,0,0,43250.5,0,Germany,Male,30
228,740,5,0.0,2,1,1,27528.4,0,France,Female,37
229,668,10,92041.9,1,1,1,43595.9,0,Germany,Female,32
230,724,5,0.0,1,1,0,59351.7,0,France,Female,28
231,817,10,117561.0,1,1,0,95941.5,1,France,Female,55
232,850,5,0.0,1,1,1,705.18,0,Spain,Female,70
233,486,1,0.0,1,1,0,98802.8,0,Spain,Male,24
234,669,4,112651.0,1,0,0,166386.0,1,Germany,Female,50
235,655,9,107065.0,1,1,1,51959.8,0,France,Male,24
236,771,5,137658.0,2,1,0,72985.6,0,Germany,Female,38
237,679,4,0.0,3,1,0,115137.0,1,France,Female,43
238,579,3,118681.0,1,1,1,49829.8,0,Spain,Male,22
239,489,3,221533.0,1,1,0,171867.0,0,Spain,Male,40
240,776,2,169824.0,1,1,0,169292.0,0,France,Female,38
241,775,1,118897.0,2,1,1,26362.4,0,Germany,Female,33
242,798,8,80204.1,2,1,0,70223.2,0,Germany,Female,29
243,605,6,0.0,1,0,1,690.84,0,France,Female,36
244,660,9,113949.0,1,1,0,188892.0,1,Germany,Male,35
245,768,3,122832.0,1,1,1,24533.9,1,Germany,Male,48
246,721,3,0.0,1,1,1,144875.0,0,France,Male,40
247,663,5,0.0,2,1,1,62634.9,0,Spain,Male,35
248,613,7,140454.0,1,1,0,129001.0,0,France,Female,24
249,673,1,121629.0,1,1,1,3258.6,0,Spain,Male,40
250,767,8,0.0,2,1,0,94767.8,0,France,Female,34
251,604,3,0.0,1,0,0,11819.8,0,Spain,Male,41
252,825,3,148874.0,2,0,1,71192.8,0,France,Male,29
253,505,3,106507.0,3,1,0,45445.8,1,Germany,Female,33
254,646,1,170827.0,2,1,0,45041.3,0,Germany,Male,46
255,825,6,132308.0,1,0,0,117122.0,0,France,Male,40
256,623,7,0.0,1,0,0,129527.0,0,France,Male,28
257,689,1,108555.0,1,0,1,167969.0,0,Spain,Male,73
258,683,10,57657.5,1,0,0,79240.9,0,France,Male,30
259,790,2,164011.0,1,1,0,199420.0,0,Germany,Female,34
260,733,1,0.0,2,0,1,108378.0,0,Spain,Male,36
261,850,6,0.0,2,1,0,103921.0,0,Spain,Female,39
262,614,6,0.0,2,1,1,164019.0,0,Spain,Female,39
263,714,3,149887.0,2,1,0,63846.4,0,Germany,Male,39
264,580,6,0.0,2,1,1,160095.0,0,France,Male,34
265,717,0,115777.0,1,1,1,81508.1,0,Germany,Female,33
266,663,4,102715.0,2,0,0,21170.8,0,Germany,Female,29
267,506,5,0.0,2,1,1,127544.0,0,France,Male,37
268,670,9,104930.0,1,1,0,155922.0,1,France,Female,45
269,620,8,0.0,2,1,1,15627.5,0,Spain,Male,44
270,609,10,0.0,1,0,1,109895.0,0,France,Male,25
271,472,8,102490.0,1,0,1,181225.0,0,France,Male,29
272,589,5,0.0,1,1,0,61324.9,0,France,Male,37
273,704,8,127397.0,1,1,0,151335.0,0,Spain,Male,36
274,433,2,0.0,2,1,1,153699.0,0,Spain,Male,27
275,410,2,102279.0,2,1,0,89822.5,0,Germany,Female,50
276,777,2,0.0,2,1,0,124490.0,0,France,Male,29
277,780,7,86006.2,1,1,1,37973.1,0,Spain,Male,47
278,535,8,118990.0,1,1,1,135537.0,0,Spain,Male,35
279,639,5,139393.0,2,0,0,33950.1,0,Spain,Male,34
280,683,5,115351.0,1,1,1,122306.0,0,France,Male,36
281,547,10,127739.0,2,1,1,85153.0,0,France,Male,62
282,620,8,141826.0,1,1,1,73857.9,1,Germany,Female,25
283,564,7,99824.5,1,1,1,36721.4,0,France,Male,42
284,602,5,103907.0,1,1,0,161230.0,0,Spain,Male,29
285,620,9,0.0,2,0,0,88852.5,0,France,Female,41
286,695,1,146203.0,1,1,1,126689.0,1,Spain,Male,63
287,691,6,136953.0,1,1,1,2704.98,0,France,Male,50
288,743,6,0.0,2,1,0,44265.3,0,France,Male,39
289,646,6,145295.0,2,1,1,27814.7,0,Germany,Male,50
290,579,2,0.0,2,0,0,11514.4,0,France,Female,45
291,626,2,0.0,2,1,1,95795.0,0,Spain,Female,48
292,610,8,0.0,2,1,0,166031.0,0,France,Male,26
293,493,8,178318.0,1,0,0,197429.0,0,Germany,Female,35
294,850,9,102050.0,1,1,1,3769.71,0,France,Male,35
295,663,7,115931.0,1,1,0,19862.8,0,Germany,Male,42
296,648,9,127209.0,2,1,0,77406.0,1,Spain,Male,46
297,692,6,110540.0,2,0,1,107473.0,0,Germany,Male,49
298,506,6,0.0,2,0,1,194421.0,1,France,Female,57
299,751,7,148075.0,1,1,0,146411.0,1,Germany,Female,51
300,586,6,126704.0,2,1,0,41682.3,0,Germany,Male,42
301,698,10,95010.9,1,1,1,105228.0,0,Spain,Male,38
302,764,7,0.0,2,1,0,186106.0,0,France,Female,24
303,448,6,83947.1,2,1,0,81999.5,0,France,Female,36
304,735,1,0.0,3,0,0,92220.1,1,France,Female,38
305,727,5,0.0,2,0,1,38653.0,0,France,Male,62
306,473,8,0.0,2,1,0,71139.8,0,Spain,Male,48
307,648,1,107963.0,1,0,0,186439.0,1,Germany,Female,43
308,569,9,173459.0,2,1,1,44381.1,0,Germany,Male,25
309,735,7,86131.7,2,0,0,93479.0,0,Spain,Male,38
310,737,7,0.0,2,0,0,57898.6,0,France,Male,44
311,429,6,117307.0,2,1,1,24020.5,0,France,Female,27
312,645,8,113756.0,2,1,0,149757.0,1,Spain,Male,44
313,504,9,104217.0,1,0,0,55857.5,1,Germany,Male,56
314,706,2,93302.0,2,0,1,127187.0,0,Germany,Male,23
315,786,8,0.0,1,1,1,165703.0,0,France,Female,62
316,656,6,101179.0,2,1,1,35230.6,0,Spain,Female,41
317,598,1,62979.9,1,1,1,152274.0,0,Spain,Female,64
318,817,5,129278.0,1,0,0,165563.0,0,France,Male,34
319,687,3,0.0,2,1,1,176450.0,0,Spain,Male,35
320,458,2,171932.0,2,1,1,9578.24,0,Germany,Female,28
321,665,2,101286.0,1,1,1,159841.0,0,France,Male,33
322,595,0,92466.2,1,1,0,4721.3,0,Germany,Female,32
323,718,7,0.0,2,1,1,55100.1,0,France,Female,37
324,789,1,158272.0,1,1,1,5036.39,1,France,Female,53
325,588,8,0.0,2,1,1,110114.0,0,France,Female,21
326,580,2,0.0,2,0,1,64014.2,0,France,Male,31
327,757,2,80674.0,2,1,0,93991.6,0,France,Male,23
328,680,3,116275.0,1,1,1,63795.8,0,France,Male,36
329,568,2,129177.0,2,0,1,104618.0,0,Germany,Female,29
330,593,3,118234.0,1,0,1,24765.5,1,Germany,Female,62
331,850,4,161257.0,1,1,1,140072.0,0,France,Male,43
332,415,5,167259.0,1,1,1,22357.2,0,Spain,Male,53
333,738,5,161274.0,2,1,0,181430.0,0,France,Male,35
334,652,1,132863.0,1,0,0,158054.0,0,Spain,Male,31
335,576,1,0.0,2,1,1,68814.2,0,France,Male,39
336,537,8,103291.0,2,1,1,130665.0,0,Germany,Male,66
337,718,8,0.0,2,1,1,41399.3,0,Spain,Male,32
338,670,8,126680.0,1,1,1,39451.1,0,France,Male,33
339,713,8,133889.0,1,1,1,143266.0,0,France,Male,36
340,667,2,0.0,2,1,0,40721.2,1,Spain,Female,39
341,577,2,0.0,1,1,1,168924.0,0,Spain,Male,29
342,466,3,33563.9,2,1,0,178994.0,1,France,Female,41
343,584,1,0.0,2,1,1,180364.0,0,France,Female,37
344,495,2,63093.0,1,1,1,47089.7,0,France,Female,38
345,633,2,128137.0,2,1,0,147635.0,1,Germany,Male,58
346,653,2,158266.0,3,1,1,199357.0,0,Germany,Female,25
347,530,8,0.0,2,1,1,287.99,0,France,Male,37
348,792,5,115725.0,2,0,0,1871.25,0,Germany,Male,36
349,631,2,121802.0,2,0,1,23146.6,0,Germany,Female,37
350,706,6,94486.5,1,1,1,146950.0,0,France,Male,32
351,601,2,115625.0,1,1,0,185855.0,0,France,Male,50
352,656,8,97786.1,2,0,1,21478.4,0,France,Male,36
353,676,4,140721.0,1,1,0,36221.2,0,France,Male,29
354,503,3,0.0,2,1,1,143955.0,0,France,Male,29
355,797,5,0.0,2,1,0,182258.0,0,France,Male,24
356,779,3,0.0,2,1,1,146895.0,1,France,Male,71
357,492,8,117809.0,2,1,1,67311.1,0,Germany,Male,51
358,699,9,99339.0,1,1,0,68297.6,1,France,Male,22
359,757,5,77253.2,1,0,1,194240.0,0,Spain,Male,33
360,709,7,0.0,1,1,0,159487.0,0,France,Male,37
361,764,1,129069.0,2,1,1,187905.0,0,France,Female,39
362,524,1,0.0,2,1,0,126813.0,0,France,Male,30
363,677,3,0.0,2,1,1,38252.2,0,France,Female,37
364,480,1,152160.0,2,1,0,101779.0,0,France,Female,42
365,581,6,116892.0,1,1,0,107137.0,0,Germany,Male,31
366,667,4,83765.4,2,1,0,118359.0,0,Germany,Female,39
367,849,7,143453.0,2,1,1,17294.1,0,Germany,Male,37
368,682,2,117439.0,2,1,1,16911.0,0,Germany,Female,35
369,579,1,118393.0,1,1,1,157565.0,0,France,Female,33
370,613,7,115076.0,1,1,1,79323.6,0,France,Male,42
371,629,10,150149.0,1,0,0,6936.27,0,Spain,Male,41
372,529,1,0.0,2,1,1,37770.0,0,France,Female,27
373,828,7,0.0,2,1,0,171379.0,0,France,Female,41
374,705,5,149380.0,2,1,0,96075.5,0,France,Female,39
375,659,2,155584.0,1,0,1,153663.0,0,France,Female,32
376,614,3,131345.0,2,1,0,54776.6,0,Germany,Female,30
377,725,6,0.0,2,1,1,158697.0,0,France,Male,38
378,656,1,104254.0,1,1,1,17034.4,0,Spain,Female,32
379,589,10,110635.0,1,1,0,148219.0,0,France,Female,31
380,638,1,0.0,2,0,1,162597.0,0,France,Male,24
381,590,7,126432.0,1,1,0,58781.1,0,France,Male,24
382,689,5,0.0,2,0,1,49848.9,0,France,Female,58
383,729,7,91091.1,2,1,0,71133.1,0,Spain,Female,45
384,809,9,68881.6,2,0,1,109135.0,0,France,Male,36
385,583,3,54428.4,1,1,0,109639.0,1,Spain,Female,40
386,763,3,0.0,2,1,0,134281.0,0,France,Male,40
387,559,2,137390.0,2,1,0,9677.0,0,France,Male,34
388,673,0,178058.0,2,0,1,21063.7,1,France,Male,59
389,764,0,0.0,2,1,0,88724.5,0,France,Female,24
390,765,6,138034.0,1,1,1,67972.5,0,France,Male,40
391,565,5,0.0,2,0,1,80630.3,0,France,Male,38
392,579,6,150329.0,1,1,0,145558.0,0,Germany,Male,28
393,731,5,171326.0,1,1,1,159718.0,1,Spain,Female,40
394,610,9,159562.0,1,0,1,103381.0,0,France,Female,27
395,739,5,0.0,2,0,0,143882.0,0,France,Male,41
396,743,0,0.0,2,0,1,29837.7,0,France,Male,71
397,734,5,121899.0,1,1,0,61829.9,0,Germany,Male,33
398,582,1,40488.8,1,1,0,128529.0,0,France,Male,41
399,649,2,125785.0,1,1,1,70523.9,0,France,Female,41
400,666,5,0.0,2,1,0,147878.0,0,France,Male,40
401,710,6,0.0,1,1,0,48427.0,0,Spain,Female,28
402,615,7,92199.8,1,1,1,2755.53,0,France,Male,32
403,653,2,0.0,2,1,1,41671.8,0,France,Male,29
404,743,5,118208.0,2,0,0,186489.0,1,Spain,Female,48
405,655,4,108863.0,1,1,0,79555.1,1,Germany,Female,37
406,615,4,0.0,2,1,1,6225.63,0,France,Male,32
407,582,5,0.0,2,1,1,129893.0,0,France,Male,39
408,759,5,0.0,1,1,0,22303.2,0,France,Female,22
409,523,7,0.0,2,1,0,62030.1,0,Spain,Male,34
410,698,5,95167.5,1,1,1,152723.0,0,France,Male,29
411,486,9,71340.1,1,1,0,76192.2,0,Germany,Female,40
412,586,3,0.0,2,0,1,6057.81,0,Spain,Female,57
413,600,1,141137.0,1,1,1,67803.8,0,France,Male,40
414,624,3,122388.0,2,0,0,30020.1,0,Germany,Female,48
415,445,7,131082.0,2,1,1,70618.0,0,Germany,Female,34
416,850,6,0.0,2,0,1,41291.1,0,Spain,Male,36
417,619,1,0.0,1,1,0,112443.0,1,Spain,Female,38
418,809,3,0.0,2,1,1,80061.3,0,France,Male,38
419,719,10,145383.0,1,1,0,80408.6,0,Spain,Male,37
420,584,5,0.0,2,1,0,31474.3,0,France,Male,31
421,733,5,125725.0,2,1,1,50783.1,0,Germany,Male,40
422,687,4,78939.1,1,1,0,122135.0,1,Germany,Female,29
423,706,6,124923.0,2,1,1,50299.1,0,Germany,Female,28
424,736,4,0.0,2,0,0,51705.0,0,France,Male,29
425,568,9,0.0,1,1,0,125871.0,1,Spain,Female,43
426,651,9,114454.0,1,0,1,175821.0,0,Germany,Male,37
427,687,8,0.0,2,1,1,154767.0,0,Spain,Female,21
428,740,7,0.0,2,1,1,194271.0,0,France,Female,37
429,769,2,96542.2,2,0,1,197886.0,0,France,Male,48
430,673,5,73088.1,2,0,0,196142.0,0,Germany,Male,36
431,729,7,0.0,2,0,0,45779.9,0,France,Female,38
432,564,3,111760.0,3,1,1,104722.0,1,Germany,Female,44
433,573,2,0.0,1,1,0,122964.0,0,France,Female,23
434,743,2,161807.0,2,0,1,93228.9,1,Spain,Male,43
435,582,0,0.0,1,1,0,142516.0,0,France,Male,29
436,790,5,152886.0,1,1,0,58214.8,0,Germany,Female,25
437,684,2,114035.0,1,0,0,96885.2,0,Germany,Female,26
438,592,2,104703.0,2,1,0,107949.0,0,Germany,Male,36
439,539,6,0.0,1,1,1,152880.0,1,Spain,Male,38
440,657,6,0.0,3,0,1,168412.0,1,Spain,Female,22
441,532,5,76705.9,2,0,1,13889.7,0,France,Male,60
442,511,5,68375.3,1,1,0,193160.0,1,France,Male,45
443,549,3,134986.0,1,1,0,6101.41,0,Germany,Female,43
444,619,3,116968.0,1,1,0,5075.17,1,France,Male,44
445,767,5,0.0,1,1,0,121964.0,1,Spain,Male,47
446,850,6,86449.4,1,1,1,188809.0,0,France,Male,30
447,593,9,0.0,2,0,1,20492.2,0,France,Male,31
448,627,5,124587.0,1,1,0,93132.6,1,Germany,Female,39
449,714,3,0.0,1,1,1,86733.6,0,France,Female,72
450,698,7,121264.0,1,1,1,13387.9,0,Germany,Female,36
451,554,0,108477.0,1,0,1,140003.0,1,Germany,Female,55
452,550,5,121016.0,1,1,1,41730.4,1,Germany,Male,52
453,651,4,115636.0,2,1,0,70400.9,0,Spain,Male,23
454,732,8,0.0,2,1,1,170886.0,0,France,Male,41
455,539,4,0.0,2,1,1,100919.0,0,France,Female,29
456,678,2,148088.0,1,1,0,14083.1,0,France,Male,41
457,749,10,185064.0,2,1,1,134527.0,0,France,Male,37
458,759,4,101803.0,1,0,0,8693.8,0,Germany,Male,30
459,453,1,111524.0,1,1,1,120374.0,1,Germany,Female,40
460,794,1,75900.8,1,1,1,192155.0,0,Germany,Female,54
461,560,4,152532.0,1,0,0,10779.7,0,Germany,Male,41
462,660,8,106487.0,2,0,1,182263.0,0,France,Male,34
463,651,8,144582.0,1,1,1,87609.5,0,France,Female,32
464,489,5,0.0,1,0,0,43540.6,0,France,Male,34
465,574,5,112324.0,2,1,1,17993.4,0,France,Female,34
466,614,1,0.0,2,1,1,3342.62,0,France,Female,35
467,850,1,124678.0,1,1,0,70916.0,1,France,Female,62
468,787,10,0.0,2,1,1,116538.0,0,France,Female,85
469,538,9,141434.0,1,0,0,173779.0,1,Spain,Female,49
470,686,8,0.0,2,0,0,142332.0,0,Spain,Male,22
471,537,7,106398.0,1,0,0,103563.0,0,France,Male,26
472,600,8,0.0,2,1,1,121556.0,0,France,Male,31
473,592,3,0.0,1,1,1,12905.9,1,Spain,Male,38
474,615,5,138522.0,1,1,1,56897.1,0,Spain,Male,32
475,486,9,115218.0,2,1,0,144995.0,0,Germany,Male,37
476,777,6,0.0,2,1,1,163225.0,0,France,Male,23
477,727,7,0.0,2,1,0,193305.0,0,France,Male,47
478,644,2,186348.0,2,1,0,92809.7,0,France,Male,37
479,737,1,125537.0,1,1,0,138510.0,1,Germany,Female,43
480,512,6,121685.0,2,1,1,83682.0,0,France,Female,33
481,652,9,145219.0,1,1,0,159133.0,0,Germany,Female,37
482,620,7,169313.0,1,1,0,45414.1,0,Spain,Male,36
483,628,6,0.0,2,0,0,134442.0,0,France,Male,39
484,640,8,110341.0,1,1,1,157887.0,0,France,Male,40
485,596,9,134208.0,1,1,1,13455.4,0,Spain,Female,76
486,659,3,0.0,2,1,0,158553.0,0,France,Female,38
487,491,4,102251.0,1,1,1,145901.0,0,Germany,Male,26
488,584,1,77354.4,1,0,0,138193.0,1,Germany,Female,54
489,543,6,59532.2,1,1,0,104254.0,0,Germany,Male,49
490,706,1,209490.0,1,1,1,133268.0,1,Spain,Female,29
491,689,4,0.0,2,1,0,196112.0,0,France,Male,39
492,609,7,71872.2,1,1,1,151925.0,0,France,Male,32
493,701,5,83600.2,1,0,1,59195.1,0,Spain,Male,26
494,459,6,129634.0,2,1,1,177683.0,1,Spain,Female,42
495,620,0,76990.0,1,1,1,17242.8,0,Germany,Male,35
496,641,4,0.0,1,1,0,90964.5,1,France,Female,52
497,786,6,0.0,2,0,0,41248.8,0,Spain,Male,40
498,625,10,53772.7,1,1,1,192072.0,1,France,Female,58
499,651,1,134760.0,2,0,0,174434.0,1,Germany,Male,40
500,734,0,139995.0,1,1,0,17744.7,0,France,Female,29
501,675,1,133205.0,1,0,1,8270.06,0,Spain,Female,50
502,632,5,107959.0,1,1,1,6985.34,1,Germany,Female,50
503,676,2,0.0,1,1,1,55119.5,0,France,Female,43
504,569,3,139528.0,1,1,1,33230.4,0,Spain,Female,30
505,725,0,0.0,2,1,1,138525.0,0,Spain,Female,32
506,786,9,0.0,2,1,0,144517.0,0,France,Male,34
507,516,3,0.0,2,1,1,58685.6,0,Spain,Female,33
508,556,10,0.0,2,0,0,109184.0,0,France,Female,46
509,707,9,0.0,2,0,0,30807.0,0,France,Male,32
510,619,10,84651.8,1,1,1,184754.0,0,Germany,Male,38
511,574,5,163857.0,1,1,1,15118.2,0,Germany,Male,35
512,598,2,0.0,2,1,1,186117.0,0,France,Male,47
513,708,0,118995.0,1,1,0,181500.0,1,Germany,Female,43
514,835,7,0.0,2,1,1,83449.6,0,France,Male,25
515,619,7,70729.2,1,1,1,160949.0,0,France,Female,30
516,586,1,0.0,2,1,1,53710.2,0,France,Male,64
517,690,5,0.0,2,0,1,120512.0,0,France,Female,42
518,545,3,91184.0,1,1,0,105477.0,0,France,Male,37
519,550,6,0.0,2,1,1,191870.0,0,France,Female,48
520,638,6,0.0,1,1,0,33676.5,1,France,Male,57
521,573,8,127406.0,1,1,0,192951.0,0,Germany,Male,30
522,497,9,0.0,1,0,0,22074.5,0,France,Male,41
523,581,4,0.0,2,0,1,86383.8,0,France,Male,35
524,769,5,126675.0,1,1,0,124119.0,1,Germany,Female,45
525,775,0,161372.0,1,1,1,134870.0,0,Germany,Female,74
526,635,2,79064.9,2,0,1,113292.0,0,Germany,Female,44
527,793,8,96674.5,2,0,0,192121.0,0,Spain,Male,29
528,551,1,50194.6,1,1,1,23399.6,0,France,Male,42
529,735,5,0.0,2,1,0,105152.0,0,Spain,Male,36
530,544,8,145242.0,1,1,1,80676.8,0,Spain,Male,30
531,616,3,120867.0,1,1,0,18761.9,1,Spain,Female,43
532,641,4,101090.0,1,1,1,51703.1,0,Spain,Female,40
533,683,8,0.0,2,0,1,198135.0,0,France,Female,42
534,489,3,0.0,2,0,1,174098.0,1,France,Female,51
535,682,0,0.0,1,1,1,160829.0,0,France,Male,42
536,611,5,0.0,1,1,0,77677.1,1,France,Female,46
537,542,7,0.0,2,0,1,196652.0,0,France,Female,29
538,850,3,0.0,2,1,0,128892.0,0,France,Male,41
539,806,10,138654.0,1,1,0,190803.0,0,Germany,Male,31
540,686,4,0.0,2,1,0,155024.0,0,France,Male,39
541,754,8,129402.0,1,1,1,87684.9,0,Germany,Female,39
542,704,6,106688.0,1,1,0,173776.0,0,Spain,Male,38
543,439,9,0.0,1,1,0,65535.6,0,France,Female,66
544,714,4,100756.0,1,1,1,186775.0,0,France,Male,52
545,708,7,112616.0,1,1,1,4491.77,0,Spain,Male,19
546,633,2,109787.0,2,1,1,139713.0,0,Germany,Male,30
547,707,4,0.0,2,1,0,139954.0,0,France,Male,29
548,683,9,0.0,2,1,1,24991.9,0,France,Female,32
549,616,8,73113.0,1,1,1,62733.1,0,France,Male,23
550,524,7,131402.0,1,0,0,193668.0,0,Germany,Female,25
551,575,8,105229.0,1,1,1,34397.1,0,Spain,Female,22
552,526,5,0.0,2,1,1,105618.0,0,Spain,Male,35
553,479,2,172463.0,1,1,1,40315.3,0,Spain,Male,27
554,738,9,82674.1,1,1,0,41970.7,0,France,Male,31
555,750,5,168287.0,3,1,0,20452.0,1,Germany,Male,40
556,638,7,0.0,2,1,0,43889.4,0,Spain,Male,41
557,674,6,120193.0,1,0,0,100131.0,0,Spain,Male,39
558,585,2,0.0,2,1,0,89402.5,0,France,Female,43
559,803,6,0.0,2,1,0,115677.0,0,France,Male,33
560,502,0,0.0,1,0,0,84663.2,0,France,Male,45
561,748,4,112611.0,1,0,1,2048.55,0,France,Male,44
562,566,4,118615.0,2,1,1,172602.0,0,Germany,Male,54
563,607,1,112544.0,1,1,1,19842.2,0,Spain,Male,40
564,627,8,106923.0,2,0,1,84270.1,0,Germany,Male,38
565,469,1,127819.0,1,1,0,163477.0,0,France,Male,33
566,769,1,0.0,1,1,1,29792.1,0,France,Female,73
567,490,1,0.0,1,1,1,49594.2,1,France,Female,40
568,573,8,0.0,2,0,0,77660.0,0,Spain,Male,28
569,604,6,134838.0,1,1,0,192029.0,0,France,Male,31
570,652,4,79927.4,2,1,1,33524.6,0,France,Female,40
571,706,5,112565.0,1,1,0,42334.4,0,France,Female,29
572,712,3,153820.0,1,1,0,79176.1,1,France,Male,33
573,697,10,0.0,2,1,1,79734.2,0,France,Female,23
574,655,10,0.0,2,1,0,51620.9,0,France,Male,27
575,685,7,101869.0,1,0,1,113484.0,0,Germany,Male,57
576,761,1,120530.0,2,1,0,109395.0,0,Germany,Female,38
577,748,5,154738.0,2,1,1,172638.0,0,France,Male,32
578,478,0,83287.0,2,0,1,44147.9,1,Spain,Male,48
579,687,9,135962.0,2,1,0,121748.0,0,Germany,Male,33
580,544,4,73218.9,1,0,1,126797.0,0,France,Male,30
581,683,4,115888.0,1,1,1,117349.0,1,Germany,Female,43
582,842,8,0.0,2,1,1,123437.0,0,France,Male,29
583,712,3,109309.0,2,1,0,120159.0,1,Germany,Female,40
584,744,7,0.0,2,1,1,43036.6,0,Spain,Male,35
585,554,8,0.0,2,0,1,142671.0,0,France,Female,22
586,603,9,76769.7,1,0,0,48224.7,0,France,Female,39
587,762,3,99287.0,1,0,1,85578.6,0,France,Female,51
588,668,0,122105.0,1,1,0,112947.0,1,Germany,Female,39
589,502,1,173341.0,1,0,1,122764.0,0,Germany,Female,32
590,573,1,160778.0,1,1,1,149536.0,0,Spain,Male,33
591,632,7,80922.8,1,1,0,7820.78,0,Spain,Female,29
592,714,6,92887.1,1,1,1,69578.5,0,Germany,Male,29
593,651,6,0.0,1,1,0,24176.4,0,France,Female,39
594,637,7,130807.0,2,1,1,132006.0,1,France,Female,48
595,739,2,141643.0,2,1,0,172150.0,0,France,Male,42
596,600,5,134022.0,1,1,0,194765.0,0,France,Female,43
597,667,3,77356.9,2,1,1,20882.0,0,Germany,Male,70
598,743,8,92717.0,1,1,1,33693.8,0,Spain,Female,36
599,593,2,152265.0,1,1,0,34004.4,0,France,Female,29
600,610,3,0.0,1,1,0,38276.8,1,Spain,Female,45
601,476,6,111872.0,1,0,0,112133.0,0,France,Female,32
602,632,1,138207.0,1,1,0,60778.1,1,Spain,Male,37
603,747,9,135776.0,3,1,0,85470.5,1,Germany,Male,37
604,659,8,106260.0,2,1,1,198103.0,0,Germany,Male,39
605,745,10,117232.0,3,1,1,122381.0,1,Germany,Male,45
606,695,5,171069.0,2,1,1,88689.4,0,France,Male,28
607,807,4,0.0,2,0,1,147007.0,0,France,Female,36
608,510,9,103325.0,1,1,1,46127.7,0,France,Male,32
609,525,6,118560.0,1,1,0,82522.6,1,Spain,Female,47
610,674,3,88902.2,1,1,0,73731.3,0,Germany,Male,44
611,671,2,0.0,1,0,1,102058.0,0,France,Male,30
612,566,1,123042.0,1,1,0,66245.4,1,Germany,Female,35
613,461,8,0.0,1,1,1,103350.0,0,France,Female,28
614,696,1,106759.0,1,1,1,80591.2,0,Spain,Male,47
615,726,2,109472.0,1,0,1,175161.0,0,France,Female,42
616,615,4,0.0,1,0,1,149279.0,0,Spain,Male,41
617,616,7,76665.7,2,1,1,163809.0,0,Spain,Male,31
618,591,2,90194.3,2,1,0,57064.6,0,Germany,Female,35
619,696,6,142316.0,1,1,1,8018.49,0,Germany,Male,38
620,645,4,0.0,2,1,1,74346.1,0,Spain,Female,29
621,682,1,138778.0,1,0,1,168840.0,0,France,Male,48
622,829,4,81795.7,2,1,0,90106.9,0,Germany,Male,36
623,592,8,0.0,2,1,0,180426.0,0,Spain,Male,38
624,592,2,156571.0,1,1,1,37140.2,0,Germany,Male,33
625,791,1,130240.0,1,0,0,96546.5,0,Germany,Male,31
626,587,5,121864.0,1,1,1,23481.7,1,Germany,Male,35
627,408,3,0.0,2,0,0,124874.0,0,France,Male,40
628,672,0,126062.0,2,1,1,184937.0,0,Germany,Male,68
629,623,4,123537.0,2,0,0,154909.0,0,Spain,Female,43
630,681,8,142946.0,1,0,0,187281.0,1,Germany,Male,49
631,727,5,106913.0,1,1,0,25881.0,1,Germany,Male,58
632,621,7,0.0,2,0,1,131284.0,1,Spain,Female,40
633,742,2,129749.0,2,0,0,47271.6,1,Germany,Female,36
634,823,4,124955.0,1,0,1,131260.0,1,Germany,Female,53
635,678,2,153393.0,2,1,1,193828.0,0,Germany,Female,43
636,593,10,0.0,3,0,0,94620.0,1,Spain,Male,27
637,704,7,120027.0,2,0,1,100602.0,0,France,Male,36
638,671,9,123943.0,1,1,1,159553.0,0,Germany,Female,23
639,633,5,0.0,1,1,1,137274.0,0,France,Male,59
640,629,6,0.0,2,1,1,59129.7,0,France,Female,33
641,686,3,111696.0,1,0,0,136644.0,0,France,Female,39
642,714,0,0.0,2,1,0,62762.1,0,France,Female,40
643,824,0,133634.0,1,1,1,162054.0,0,France,Male,30
644,652,4,59486.3,1,1,0,163944.0,1,France,Male,48
645,667,6,0.0,2,0,0,167182.0,0,France,Male,41
646,555,10,0.0,2,0,1,168606.0,0,Spain,Male,32
647,739,9,0.0,1,1,0,60584.3,0,France,Male,34
648,655,1,106405.0,1,1,1,82900.2,0,Spain,Female,35
649,580,5,113924.0,2,0,0,196241.0,0,France,Female,23
650,589,5,144895.0,2,1,1,34941.2,0,Germany,Female,50
651,709,7,0.0,1,0,1,42085.6,1,France,Female,36
652,720,3,97042.6,1,1,1,133517.0,1,Germany,Male,46
653,532,5,0.0,2,0,1,177100.0,0,France,Female,40
654,443,6,161111.0,1,0,0,13946.7,0,France,Male,35
655,850,6,143644.0,1,1,0,22102.2,1,Germany,Female,36
656,519,10,71084.0,1,1,0,137959.0,0,France,Male,48
657,668,4,79896.0,1,1,0,38466.4,0,Germany,Male,39
658,557,3,54503.6,1,1,1,371.05,0,France,Male,33
659,847,9,112712.0,1,1,0,116097.0,0,Spain,Female,37
660,660,2,97324.9,1,1,0,23291.8,0,France,Male,37
661,693,0,0.0,2,0,0,81901.6,0,Spain,Female,39
662,639,3,98360.0,1,0,0,20973.8,0,France,Female,31
663,617,5,0.0,2,0,1,13066.3,0,France,Female,35
664,594,4,120075.0,2,1,1,162962.0,0,Germany,Female,32
665,726,5,111375.0,2,1,0,2704.09,0,Germany,Male,30
666,596,6,0.0,2,1,1,72402.0,0,Spain,Male,57
667,694,3,0.0,2,1,1,147012.0,0,Spain,Female,37
668,511,7,0.0,2,0,1,158314.0,0,France,Male,33
669,715,7,160377.0,1,0,0,196853.0,0,France,Male,28
670,660,1,0.0,1,0,1,112026.0,1,France,Female,43
671,634,9,108632.0,1,1,1,179486.0,1,Spain,Male,31
672,511,9,124402.0,1,1,0,198814.0,1,Germany,Female,40
673,492,8,57068.4,2,1,0,188975.0,0,Germany,Female,38
674,657,8,0.0,2,0,0,6468.24,0,Spain,Female,27
675,686,10,136258.0,1,0,0,89199.5,0,Spain,Male,39
676,715,4,94267.9,1,0,1,152821.0,1,France,Male,41
677,763,4,0.0,2,0,0,50404.7,0,France,Female,31
678,515,8,0.0,2,1,1,185054.0,0,France,Male,41
679,756,2,117412.0,2,1,0,4888.91,0,Spain,Male,29
680,741,6,106037.0,1,1,0,194687.0,1,France,Male,42
681,577,9,0.0,1,1,0,74077.9,0,France,Male,42
682,805,2,0.0,2,1,1,25042.1,0,Spain,Male,26
683,649,2,0.0,2,0,1,75035.5,0,France,Female,36
684,755,1,127706.0,2,0,1,142378.0,0,France,Male,62
685,604,7,147286.0,1,1,1,57807.1,0,Spain,Female,35
686,842,9,119948.0,1,1,0,48218.0,1,Germany,Female,35
687,749,6,0.0,1,1,0,17978.7,1,France,Female,60
688,555,4,120393.0,1,1,0,177720.0,1,Germany,Female,46
689,704,2,111525.0,1,1,0,199485.0,0,France,Male,39
690,660,9,125190.0,2,1,1,139874.0,0,Germany,Male,31
691,528,10,102074.0,2,0,0,166800.0,0,France,Female,26
692,558,1,108263.0,1,1,1,6935.31,0,Germany,Female,32
693,630,9,0.0,2,0,0,32599.3,0,France,Male,28
694,552,10,0.0,2,1,0,12186.8,0,France,Male,29
695,746,4,0.0,1,0,1,65166.6,0,France,Female,34
696,679,6,147734.0,1,0,1,172501.0,0,France,Male,36
697,796,9,167194.0,1,1,1,62808.9,1,Germany,Female,52
698,774,1,71264.0,2,0,1,68759.6,0,France,Female,28
699,530,8,0.0,2,0,1,141873.0,0,France,Female,34
700,803,9,137743.0,2,1,1,166958.0,0,Germany,Male,41
701,585,9,135337.0,2,1,1,40385.6,0,Germany,Female,28
702,582,6,70349.5,2,0,1,178074.0,0,Germany,Male,41
703,710,3,130589.0,1,1,1,154998.0,0,France,Male,38
704,627,8,128132.0,1,1,0,96131.5,0,France,Male,31
705,655,4,109784.0,2,1,0,134034.0,0,Spain,Female,34
706,633,2,0.0,2,1,0,182258.0,0,France,Male,37
707,743,7,0.0,1,1,0,163736.0,1,Spain,Male,41
708,679,1,0.0,1,1,1,16897.2,0,France,Male,40
709,673,2,170062.0,2,0,0,134901.0,1,France,Female,38
710,596,2,0.0,2,0,1,125558.0,0,Spain,Male,36
711,553,3,0.0,1,0,1,30730.9,1,Spain,Female,48
712,639,8,0.0,1,0,0,164454.0,0,France,Female,35
713,717,1,0.0,3,0,0,174770.0,1,Spain,Male,35
714,676,5,0.0,2,0,0,179067.0,0,Spain,Female,30
715,821,2,68927.6,1,1,1,25445.0,0,Germany,Female,31
716,496,3,0.0,2,0,1,199506.0,0,Spain,Female,43
717,746,5,165282.0,1,1,0,153786.0,1,France,Male,48
718,806,2,96152.7,2,1,0,143711.0,0,Germany,Male,34
719,471,5,90063.7,2,1,1,96366.7,0,Germany,Female,36
720,560,0,108883.0,1,1,0,27914.9,0,France,Female,30
721,666,2,122314.0,1,0,0,68574.9,1,Germany,Female,44
722,536,4,0.0,1,1,1,136198.0,0,Spain,Female,28
723,700,4,116377.0,1,1,1,134417.0,0,Germany,Female,30
724,561,5,0.0,2,1,0,59981.6,0,France,Female,35
725,704,5,132085.0,3,1,1,54474.5,1,France,Male,31
726,667,8,122278.0,1,1,1,91810.7,0,France,Male,44
727,572,2,140432.0,1,1,0,26450.6,1,France,Male,43
728,615,7,0.0,2,1,1,74580.8,0,France,Male,66
729,578,4,169462.0,1,1,0,112187.0,0,France,Male,30
730,579,4,0.0,2,1,1,176926.0,0,France,Male,28
731,692,4,0.0,1,1,0,185581.0,1,France,Female,36
732,694,9,0.0,2,1,0,40463.0,0,France,Male,40
733,647,5,97041.2,1,1,1,23132.7,0,France,Male,32
734,608,2,130461.0,1,1,0,21967.2,0,Spain,Male,37
735,720,7,106231.0,1,1,1,69903.9,1,Germany,Female,29
736,661,5,0.0,1,0,1,88279.6,0,France,Male,41
737,698,2,111019.0,1,1,0,86410.3,0,Germany,Female,51
738,637,5,0.0,2,1,0,139947.0,0,France,Male,33
739,663,5,216110.0,1,0,1,74176.7,1,Spain,Female,58
740,462,4,176914.0,1,1,0,80587.3,0,France,Male,27
741,825,9,0.0,2,0,0,9751.03,0,France,Male,32
742,628,8,152144.0,1,1,1,32174.0,0,Germany,Male,33
743,801,4,75170.5,1,1,1,37898.5,0,France,Female,32
744,727,5,0.0,2,0,1,19653.1,0,France,Male,28
745,706,1,0.0,2,1,0,122380.0,0,France,Male,38
746,632,4,193126.0,1,1,1,152666.0,0,France,Male,27
747,594,2,122546.0,2,1,1,42050.2,0,Germany,Male,41
748,659,6,123841.0,2,1,0,96833.0,0,France,Male,36
749,694,3,0.0,1,1,1,95625.0,0,Spain,Male,39
750,468,5,0.0,2,1,0,125305.0,0,France,Female,42
751,695,8,103023.0,1,1,1,22485.6,0,Germany,Male,52
752,656,10,0.0,2,1,1,98894.6,0,France,Male,39
753,566,6,0.0,1,1,0,180702.0,1,France,Female,42
754,655,5,0.0,2,1,1,41782.7,0,Spain,Female,56
755,697,7,0.0,2,0,1,188772.0,0,France,Female,76
756,653,7,102575.0,1,1,1,11043.5,0,France,Female,31
757,654,2,0.0,1,1,1,51972.9,1,Spain,Female,32
758,535,2,119272.0,1,0,0,195897.0,1,France,Male,38
759,518,7,151027.0,2,1,0,119377.0,0,France,Male,42
760,726,7,0.0,2,1,1,91844.1,1,France,Male,29
761,646,6,124446.0,1,1,0,88481.3,0,France,Male,36
762,591,10,113582.0,1,1,0,1985.41,0,Germany,Female,44
763,457,8,73700.1,3,1,1,185750.0,1,France,Male,41
764,518,4,0.0,2,0,1,194417.0,0,France,Male,40
765,606,6,172310.0,1,0,1,111449.0,0,Germany,Female,27
766,507,7,0.0,2,1,1,85411.0,0,France,Male,33
767,567,3,0.0,1,1,0,55362.4,0,France,Female,48
768,582,6,0.0,2,0,1,72970.9,0,Spain,Male,33
769,462,4,140133.0,2,0,0,131304.0,0,France,Male,39
770,611,8,0.0,2,0,1,107666.0,1,France,Male,58
771,687,7,111388.0,2,1,0,148565.0,0,Germany,Female,34
772,728,1,0.0,2,1,1,131805.0,0,France,Female,69
773,778,7,139706.0,1,1,0,63337.2,0,Germany,Male,41
774,850,6,0.0,1,1,0,187391.0,1,France,Male,47
775,450,5,177620.0,1,1,0,54227.1,0,Spain,Female,46
776,484,4,130114.0,1,1,0,164018.0,0,France,Female,29
777,626,4,115085.0,2,0,1,26907.4,0,Germany,Male,27
778,785,5,136625.0,2,1,1,169118.0,0,Germany,Female,33
779,503,4,0.0,2,1,1,21645.1,0,Spain,Male,31
780,628,8,107553.0,1,1,0,117523.0,0,Spain,Female,39
781,537,9,0.0,2,0,0,103800.0,1,France,Male,59
782,718,0,93143.4,1,1,0,167555.0,0,France,Female,43
783,850,0,127121.0,1,0,1,118930.0,1,Germany,Female,66
784,699,9,0.0,1,1,1,108162.0,0,France,Male,30
785,592,2,116498.0,1,1,0,144290.0,0,France,Male,28
786,589,8,114435.0,1,1,0,26955.7,0,France,Male,36
787,850,6,96863.1,1,1,1,121681.0,0,France,Male,39
788,850,3,136417.0,1,0,1,57844.3,0,France,Male,41
789,748,4,0.0,2,1,0,132368.0,0,Spain,Female,40
790,455,6,170058.0,1,0,1,54398.6,0,Germany,Female,37
791,418,7,98738.9,1,1,0,122190.0,0,France,Male,28
792,675,6,0.0,1,1,0,110274.0,1,France,Male,54
793,726,8,107495.0,2,1,0,140938.0,1,Germany,Female,51
794,677,2,0.0,2,0,1,114686.0,0,France,Female,27
795,520,7,107023.0,1,1,0,32903.9,0,Spain,Male,45
796,670,7,0.0,2,0,0,59571.5,0,France,Male,36
797,850,1,106872.0,2,1,0,29333.0,0,France,Female,38
798,654,8,145082.0,1,1,1,130075.0,0,France,Female,24
799,617,0,0.0,2,1,1,7597.83,1,France,Female,28
800,647,10,99835.2,1,0,1,89103.0,0,Spain,Male,47
801,744,10,147832.0,1,0,1,24234.1,0,France,Female,43
802,715,9,105489.0,1,0,0,143096.0,1,Germany,Female,37
803,574,7,0.0,2,1,0,32262.3,0,Spain,Female,37
804,651,10,148962.0,1,1,0,66389.4,1,Germany,Female,34
805,550,3,0.0,2,0,0,131281.0,0,Spain,Male,34
806,591,5,107813.0,1,0,1,162502.0,1,Spain,Female,27
807,633,8,69365.2,1,1,1,10288.2,0,France,Female,60
808,658,5,143566.0,1,1,1,189608.0,0,France,Female,40
809,686,4,0.0,1,1,0,8816.37,0,France,Male,35
810,717,7,0.0,2,1,1,158580.0,0,France,Male,38
811,750,6,0.0,2,0,0,19264.3,0,Spain,Female,39
812,615,9,109013.0,1,1,0,196500.0,0,Spain,Female,41
813,569,8,145330.0,1,1,1,132039.0,0,Germany,Female,32
814,778,5,116474.0,2,1,1,32757.6,0,Spain,Male,33
815,584,4,109647.0,1,1,1,70240.8,0,Germany,Female,36
816,752,1,86838.0,1,1,1,105281.0,0,France,Female,36
817,753,7,0.0,1,1,0,159475.0,1,France,Male,57
818,599,7,108381.0,1,1,1,79006.0,0,Germany,Male,25
819,705,5,203715.0,1,1,0,179979.0,1,Spain,Female,40
820,833,6,0.0,1,1,1,44323.2,1,Spain,Male,32
821,592,4,0.0,2,1,0,35339.0,0,France,Female,38
822,606,8,180308.0,2,1,1,1914.41,0,Spain,Male,30
823,715,3,110581.0,1,1,1,94715.2,0,France,Female,31
824,496,0,179356.0,2,1,0,2919.21,1,Spain,Female,44
825,692,9,0.0,1,1,0,113506.0,1,France,Male,33
826,671,6,0.0,2,1,0,197202.0,0,France,Female,42
827,591,4,113743.0,1,1,0,124625.0,0,France,Female,33
828,704,5,0.0,2,1,1,145339.0,0,France,Male,47
829,825,3,146054.0,1,1,1,138345.0,0,France,Female,36
830,456,1,165351.0,2,0,0,140758.0,1,France,Female,63
831,581,5,93259.6,3,1,0,141036.0,1,Germany,Female,43
832,673,4,99097.4,1,1,1,9796.69,0,Germany,Female,29
833,547,4,111363.0,3,1,0,16922.3,1,Germany,Male,55
834,719,3,106070.0,2,1,1,183893.0,0,Germany,Male,28
835,633,4,92855.0,1,1,1,159813.0,0,Spain,Female,33
836,649,1,0.0,2,1,1,145594.0,0,France,Male,47
837,737,9,0.0,1,0,1,188671.0,1,France,Male,36
838,580,8,125921.0,1,1,1,94677.8,0,Spain,Male,61
839,766,7,130934.0,1,0,1,2035.94,0,Germany,Female,38
840,617,9,0.0,2,1,0,118750.0,0,Spain,Male,34
841,591,9,131766.0,1,1,0,118782.0,0,France,Male,33
842,557,4,0.0,1,0,0,20515.7,0,France,Female,24
843,657,1,139762.0,2,1,1,23317.9,0,Germany,Male,30
844,596,5,0.0,2,0,1,141054.0,0,Spain,Male,41
845,612,2,126473.0,1,0,1,147546.0,0,France,Female,63
846,670,3,103465.0,2,1,1,174627.0,0,France,Female,35
847,724,6,110054.0,1,1,1,86950.7,0,France,Female,40
848,588,3,115007.0,1,0,0,176858.0,0,France,Male,30
849,699,8,0.0,1,1,1,76510.5,0,Spain,Male,34
850,636,9,0.0,2,0,1,38830.7,0,France,Female,24
851,775,4,0.0,2,1,0,49337.8,0,France,Male,30
852,850,4,137205.0,1,1,1,28865.6,0,Spain,Male,37
853,848,4,90018.5,2,1,0,193133.0,0,Germany,Male,31
854,716,9,0.0,1,1,1,66695.7,0,Spain,Male,34
855,713,3,114447.0,2,1,1,87308.2,0,Germany,Male,40
856,550,4,0.0,2,1,0,89216.3,0,France,Female,30
857,795,2,101891.0,1,1,1,183045.0,0,France,Female,40
858,756,9,0.0,2,1,0,35673.4,0,France,Female,42
859,807,1,171937.0,1,1,1,65636.9,0,Germany,Male,47
860,784,7,0.0,2,1,1,143204.0,0,France,Male,31
861,466,3,156816.0,1,1,1,137476.0,0,France,Male,26
862,815,3,0.0,3,1,1,94248.2,1,France,Female,56
863,591,3,0.0,3,1,0,140469.0,1,Spain,Female,39
864,686,5,111642.0,1,1,1,80553.9,0,Germany,Female,56
865,716,1,122552.0,2,1,0,67611.4,0,Germany,Male,27
866,778,5,139064.0,2,0,0,67949.3,0,France,Male,34
867,557,2,0.0,2,0,1,4497.55,0,France,Female,27
868,673,4,0.0,2,1,1,49684.1,0,Spain,Female,57
869,531,2,118899.0,2,0,0,41409.4,0,Spain,Male,31
870,785,4,129856.0,2,1,0,170215.0,1,Spain,Female,61
871,613,5,144094.0,1,1,0,44510.3,0,France,Male,34
872,684,7,0.0,1,1,1,138394.0,0,Spain,Female,41
873,661,1,145980.0,1,0,1,56636.3,0,Germany,Female,32
874,595,9,136422.0,1,1,1,151758.0,0,France,Female,39
875,555,6,107104.0,1,1,1,41304.4,1,Germany,Male,42
876,584,5,0.0,1,1,0,49553.4,1,France,Female,66
877,740,4,0.0,2,1,1,178930.0,0,France,Female,51
878,698,3,90605.3,1,1,1,14357.0,0,France,Male,41
879,652,2,151421.0,1,0,1,115333.0,0,Germany,Male,45
880,604,8,144454.0,1,1,0,190999.0,1,France,Male,53
881,563,6,139810.0,1,1,1,152418.0,0,France,Female,34
882,437,9,111634.0,2,0,1,166440.0,0,France,Male,49
883,634,7,0.0,2,1,1,131285.0,0,France,Female,41
884,577,1,0.0,2,1,1,108787.0,0,Spain,Female,40
885,607,1,135936.0,2,1,1,110560.0,0,Spain,Male,28
886,433,9,152807.0,1,1,0,19688.0,0,Spain,Male,34
887,850,6,0.0,1,0,1,52796.3,0,France,Male,34
888,646,6,97259.2,1,0,1,104720.0,0,France,Female,73
889,749,9,129378.0,1,1,1,13549.3,0,Spain,Male,38
890,622,9,139835.0,1,1,1,152734.0,0,Spain,Male,27
891,613,9,126266.0,2,0,0,15860.0,0,Germany,Male,38
892,734,9,176915.0,1,1,1,12799.2,0,France,Female,40
893,537,7,136082.0,1,1,0,62746.5,0,Spain,Female,33
894,617,1,0.0,1,1,0,143298.0,0,Spain,Female,45
895,630,1,81947.8,1,0,1,63606.2,1,France,Male,50
896,718,1,133866.0,1,0,1,139049.0,0,France,Female,44
897,488,7,139246.0,2,1,0,106799.0,0,Germany,Female,28
898,701,1,103421.0,1,0,1,76304.7,0,Spain,Male,28
899,655,1,83174.0,2,1,1,184260.0,0,Germany,Female,30
900,500,5,0.0,4,1,1,83866.4,1,Spain,Female,50
901,681,2,99811.4,2,1,0,23531.5,0,Spain,Male,38
902,479,4,125921.0,1,1,1,20393.4,0,Spain,Male,35
903,487,8,145730.0,1,1,0,41365.9,0,Spain,Male,33
904,715,6,76467.2,1,1,1,173512.0,0,France,Male,21
905,697,1,0.0,1,1,0,1262.83,1,France,Female,42
906,724,6,110463.0,2,1,1,80552.1,1,Germany,Female,48
907,750,9,112822.0,1,0,0,150402.0,1,Spain,Female,34
908,523,1,83181.3,1,1,1,138177.0,0,France,Male,30
909,529,5,95773.0,1,1,1,112782.0,0,Spain,Male,35
910,641,5,0.0,2,1,0,93148.9,0,France,Male,35
911,611,2,125879.0,1,1,0,93203.4,0,France,Female,40
912,775,3,83501.7,2,1,0,128841.0,0,Germany,Male,33
913,850,4,0.0,2,0,1,64350.8,0,France,Male,66
914,574,1,0.0,2,0,0,70550.0,0,France,Male,41
915,604,10,166031.0,1,1,0,98293.1,0,Germany,Female,42
916,474,3,0.0,2,0,0,57175.3,0,Spain,Male,37
917,659,6,123192.0,1,1,1,56971.4,1,France,Male,29
918,637,5,98800.0,1,1,0,122866.0,0,Spain,Female,22
919,708,3,151691.0,2,1,1,172811.0,0,Germany,Male,32
920,850,8,132838.0,1,1,1,175347.0,0,Spain,Male,41
921,732,9,0.0,1,0,0,3749.0,1,France,Female,36
922,597,2,0.0,3,1,1,78708.0,0,France,Male,28
923,577,4,89015.6,1,0,1,135227.0,0,Spain,Male,41
924,664,8,0.0,1,1,1,162720.0,1,France,Male,54
925,589,7,0.0,2,1,0,151646.0,0,France,Male,28
926,798,7,0.0,2,0,1,37731.9,0,France,Male,32
927,595,9,0.0,2,1,0,5967.09,0,France,Male,41
928,615,3,86920.9,1,1,1,150048.0,0,Germany,Male,43
929,561,4,85141.8,2,1,1,29217.4,0,Spain,Male,34
930,781,4,0.0,2,1,0,177703.0,0,France,Female,28
931,721,7,0.0,2,0,1,61018.9,0,France,Male,41
932,673,1,183580.0,2,0,1,34047.5,0,Germany,Male,47
933,735,1,141796.0,1,1,0,45858.5,0,France,Male,34
934,754,2,101135.0,2,1,1,70954.4,0,Germany,Male,57
935,660,6,172326.0,1,0,1,45438.4,0,France,Female,31
936,678,1,139677.0,2,0,1,16146.0,0,Germany,Female,30
937,745,9,0.0,2,1,0,50046.2,0,Spain,Male,34
938,626,8,0.0,2,1,0,138504.0,0,France,Male,33
939,638,9,144326.0,1,1,0,73979.9,1,Germany,Female,41
940,504,7,131287.0,2,1,1,149698.0,0,Germany,Male,42
941,699,6,79932.4,1,0,0,150242.0,0,Spain,Male,26
942,747,1,130789.0,1,0,1,101495.0,1,France,Male,43
943,782,7,126428.0,1,1,0,39830.1,0,Germany,Male,42
944,745,1,0.0,2,1,1,174431.0,0,France,Female,33
945,764,7,106234.0,1,0,0,115676.0,0,France,Female,24
946,766,6,99208.5,2,1,0,62402.4,0,Spain,Male,41
947,693,10,107556.0,2,0,0,154631.0,0,Spain,Female,34
948,753,3,138076.0,1,1,0,15523.1,1,Germany,Male,44
949,729,4,97495.8,2,0,0,2002.5,0,Germany,Female,42
950,561,4,0.0,1,1,1,36942.4,0,France,Male,21
951,579,5,152213.0,2,0,0,120219.0,0,Spain,Male,37
952,684,4,0.0,1,1,0,117039.0,0,Spain,Female,36
953,434,8,109339.0,2,1,0,96405.9,1,Germany,Male,55
954,644,6,0.0,1,0,1,84622.4,0,Spain,Male,54
955,767,7,132746.0,2,1,0,26628.9,1,Germany,Female,45
956,517,1,43772.7,3,1,0,187756.0,1,France,Male,62
957,577,3,127940.0,1,0,0,125141.0,1,Germany,Female,43
958,850,3,129668.0,2,1,1,88744.0,0,Germany,Female,34
959,519,6,157296.0,2,0,0,147278.0,1,Spain,Female,47
960,670,5,47884.9,1,1,1,54340.2,0,France,Female,45
961,644,5,73348.6,1,1,0,157167.0,1,France,Male,44
962,713,4,149525.0,2,1,0,123664.0,0,Germany,Female,61
963,675,9,106191.0,1,0,1,22994.3,0,Spain,Male,36
964,561,9,120268.0,1,1,1,173870.0,0,France,Male,29
965,723,3,110357.0,1,0,0,141978.0,1,Germany,Female,68
966,737,2,0.0,2,0,1,177696.0,0,Spain,Female,45
967,557,2,100194.0,1,1,1,38596.3,0,Germany,Male,68
968,567,7,0.0,2,1,1,28690.9,0,France,Female,37
969,507,6,0.0,2,0,1,94780.9,0,Spain,Female,29
970,638,5,133501.0,1,0,1,155643.0,0,France,Male,34
971,726,2,132058.0,2,1,0,34744.0,0,France,Male,37
972,524,2,87894.3,1,1,0,173899.0,1,France,Male,52
973,570,10,0.0,2,0,1,183387.0,0,Spain,Male,34
974,556,9,129860.0,1,0,0,17992.9,0,France,Female,40
975,788,4,137456.0,1,1,0,184178.0,1,Germany,Female,49
976,572,5,0.0,2,1,0,119381.0,0,Spain,Female,26
977,702,2,0.0,2,1,1,145537.0,0,Spain,Male,30
978,535,2,112367.0,1,1,0,185631.0,0,France,Female,29
979,628,9,71996.3,1,1,1,34857.5,0,France,Female,29
980,479,6,121797.0,1,0,1,5811.9,1,France,Male,47
981,796,8,0.0,2,1,0,61349.4,0,France,Male,24
982,734,3,80387.8,1,0,1,77272.6,0,France,Male,37
983,615,4,155766.0,1,1,1,110275.0,0,Spain,Male,59
984,731,4,88826.1,1,1,1,33759.4,1,Germany,Female,49
985,520,4,0.0,2,1,0,56388.6,0,France,Female,38
986,715,6,0.0,2,1,1,128746.0,0,Spain,Male,42
987,749,9,110023.0,1,0,1,135655.0,1,Germany,Male,47
988,765,3,123372.0,1,1,1,115429.0,0,France,Male,51
989,693,5,124151.0,1,1,0,88705.1,1,France,Female,35
990,667,2,0.0,1,1,1,34702.9,0,Spain,Male,77
991,642,4,84607.3,2,0,1,60059.5,0,France,Female,33
992,685,4,137949.0,1,1,0,113640.0,0,Spain,Male,35
993,622,5,0.0,2,1,0,51112.8,0,France,Female,35
994,600,8,0.0,2,0,1,34747.4,0,France,Male,29
995,781,9,0.0,2,0,0,172097.0,0,France,Male,29
996,662,0,0.0,2,0,1,72930.0,0,France,Male,26
997,674,8,85957.9,2,1,0,8757.39,0,Germany,Male,43
998,826,5,142663.0,1,0,0,60285.3,0,France,Male,26
999,757,1,0.0,1,1,1,22835.1,1,France,Female,51
1000,690,7,101583.0,2,1,0,123775.0,0,France,Male,36
1001,601,2,99786.1,1,1,1,32683.9,1,France,Male,46
1002,564,2,115762.0,1,0,1,112350.0,1,Germany,Female,33
1003,643,7,0.0,2,1,1,170393.0,0,France,Male,39
1004,525,3,77910.2,1,1,0,67238.0,0,Spain,Male,36
1005,514,4,112230.0,1,1,0,16717.1,1,France,Male,38
1006,600,7,98878.0,1,1,0,132973.0,0,France,Female,32
1007,425,5,0.0,2,1,0,140941.0,0,Spain,Female,39
1008,584,3,146312.0,1,1,1,105443.0,0,France,Male,35
1009,696,8,126443.0,1,1,0,121904.0,0,France,Female,25
1010,770,9,101827.0,1,1,0,167256.0,0,France,Male,24
1011,473,5,125827.0,1,0,1,145699.0,0,France,Female,33
1012,701,9,164046.0,1,1,0,49405.9,0,Germany,Male,41
1013,535,0,135919.0,1,1,0,80425.6,0,France,Female,38
1014,849,9,132935.0,1,1,0,171057.0,1,Germany,Female,49
1015,640,4,0.0,2,0,1,78310.8,0,France,Female,20
1016,739,0,128366.0,1,1,0,12796.4,0,Spain,Male,38
1017,643,7,160426.0,1,0,1,188533.0,0,Germany,Female,34
1018,560,5,143245.0,1,1,0,98661.3,0,France,Female,44
1019,687,4,97158.0,1,0,1,63185.1,0,France,Female,36
1020,590,4,0.0,2,1,1,93820.5,1,France,Female,54
1021,771,2,0.0,1,1,1,25222.6,1,Spain,Female,56
1022,705,3,0.0,2,0,0,129577.0,0,France,Male,32
1023,588,6,106117.0,2,1,0,198767.0,0,Germany,Male,41
1024,607,4,121167.0,1,0,1,115288.0,0,Spain,Female,25
1025,581,8,0.0,2,1,0,46735.2,0,Spain,Female,29
1026,593,9,76226.9,1,1,0,167565.0,0,Spain,Male,26
1027,533,2,0.0,1,0,1,73669.9,1,France,Female,39
1028,680,5,92961.6,1,1,0,116958.0,0,France,Male,32
1029,611,7,0.0,2,1,1,3729.89,0,Spain,Female,33
1030,497,9,75263.2,1,1,1,164825.0,0,Spain,Male,27
1031,753,5,122568.0,2,1,1,82820.9,0,France,Male,33
1032,708,8,70754.2,1,1,1,92920.0,1,France,Female,51
1033,621,6,141078.0,1,0,0,34580.8,1,Germany,Male,46
1034,757,8,121582.0,2,1,1,127059.0,0,Germany,Male,26
1035,781,9,82794.2,1,1,0,124721.0,1,Germany,Female,48
1036,651,7,0.0,2,1,1,130132.0,0,France,Male,53
1037,549,7,0.0,1,1,1,109058.0,0,France,Female,46
1038,590,8,123599.0,2,1,0,1676.92,0,Germany,Female,27
1039,788,10,0.0,2,1,1,116112.0,0,France,Female,43
1040,620,2,166834.0,2,1,1,135172.0,0,Spain,Male,31
1041,655,5,0.0,1,0,0,36548.0,1,France,Female,41
1042,585,7,0.0,2,1,0,2401.26,0,France,Female,39
1043,698,8,0.0,2,0,0,145004.0,0,France,Male,37
1044,768,6,0.0,2,1,1,199454.0,0,France,Male,30
1045,649,4,95001.3,1,0,1,123203.0,0,Germany,Male,40
1046,548,6,0.0,1,1,1,31728.3,0,Spain,Male,33
1047,523,0,119276.0,1,0,0,122284.0,1,Germany,Male,41
1048,527,5,93722.7,2,1,1,139094.0,0,Spain,Male,37
1049,579,6,145215.0,1,1,1,164084.0,0,Germany,Female,64
1050,748,2,119852.0,1,0,0,73853.9,1,Germany,Male,45
1051,666,6,0.0,2,1,0,176693.0,0,Spain,Female,36
1052,540,4,127278.0,1,1,1,16150.3,0,Germany,Male,39
1053,580,1,102097.0,1,0,1,168286.0,0,France,Female,35
1054,430,1,138992.0,2,0,0,122373.0,0,Germany,Male,36
1055,585,8,87105.3,1,1,1,55346.1,0,France,Male,54
1056,529,9,0.0,1,1,1,93208.2,0,Spain,Male,34
1057,694,1,143212.0,1,0,0,102629.0,1,Germany,Female,58
1058,598,8,0.0,2,1,0,148488.0,0,Spain,Male,44
1059,498,8,127864.0,1,1,1,46677.9,0,Spain,Male,29
1060,502,10,0.0,1,1,1,76642.7,0,France,Male,37
1061,705,4,77065.9,2,0,1,145159.0,0,France,Female,50
1062,637,9,166940.0,1,1,1,72504.8,0,France,Female,36
1063,547,4,98141.6,2,1,1,52309.8,0,Germany,Male,25
1064,659,6,117412.0,1,1,1,45071.1,1,Germany,Male,67
1065,542,8,65942.3,1,1,1,68093.2,1,France,Male,38
1066,781,1,0.0,2,0,0,42117.9,0,Spain,Male,35
1067,490,4,0.0,2,1,0,32089.6,0,France,Male,29
1068,688,0,0.0,2,1,0,53222.1,1,France,Female,39
1069,422,3,140014.0,1,0,1,86351.0,0,France,Male,54
1070,743,3,119696.0,1,0,1,26136.1,0,Germany,Male,39
1071,814,7,0.0,2,1,1,132870.0,0,France,Female,48
1072,546,7,127728.0,2,1,1,105280.0,0,Spain,Male,25
1073,796,8,107525.0,1,1,0,18510.4,0,Spain,Male,41
1074,492,9,0.0,2,1,0,95957.1,0,France,Female,28
1075,522,3,0.0,2,1,0,145491.0,0,Spain,Male,30
1076,505,7,80001.2,1,0,0,135180.0,0,France,Male,49
1077,713,0,185892.0,1,1,1,46369.6,1,France,Female,52
1078,620,3,0.0,2,1,1,137309.0,0,France,Male,41
1079,543,10,59408.6,1,1,0,76773.5,0,Spain,Male,35
1080,583,8,0.0,2,0,1,5571.59,0,France,Male,36
1081,741,9,121057.0,2,1,0,39122.6,0,Spain,Female,42
1082,520,3,0.0,2,0,1,32790.0,0,France,Male,58
1083,566,5,0.0,1,1,0,54926.5,1,France,Male,30
1084,684,2,134604.0,1,1,1,71725.7,0,France,Male,27
1085,713,4,131038.0,1,1,0,74005.0,1,Germany,Male,45
1086,565,9,0.0,2,1,0,5388.3,0,France,Male,32
1087,603,4,109166.0,1,1,1,92840.7,0,Germany,Male,26
1088,822,7,0.0,2,1,1,10062.8,0,France,Male,50
1089,773,8,0.0,2,1,0,56759.8,0,Spain,Female,23
1090,614,7,146998.0,2,0,0,137791.0,0,Spain,Female,41
1091,731,1,115414.0,3,0,0,191735.0,1,France,Female,47
1092,704,4,0.0,2,0,0,25684.9,0,Spain,Male,37
1093,531,2,175755.0,2,1,1,60721.4,0,Germany,Female,64
1094,559,2,0.0,1,1,0,129014.0,1,France,Male,52
1095,551,5,102994.0,1,1,0,176680.0,1,Germany,Male,54
1096,684,3,81245.8,1,1,0,69643.3,1,Germany,Female,63
1097,710,5,0.0,2,0,0,162879.0,0,France,Male,40
1098,637,8,125471.0,1,1,1,174536.0,0,France,Male,40
1099,630,0,108449.0,3,0,0,88372.7,1,Germany,Female,51
1100,623,1,108076.0,1,1,0,118855.0,1,Germany,Female,48
1101,639,10,128174.0,2,1,0,59093.4,0,Germany,Male,35
1102,705,3,113736.0,1,0,1,196865.0,0,France,Male,25
1103,641,9,132658.0,1,1,0,35367.2,0,Spain,Male,42
1104,683,9,0.0,2,1,1,48849.9,0,France,Female,29
1105,711,3,177627.0,3,0,1,16392.7,1,Spain,Male,42
1106,632,3,81877.4,1,1,1,33642.2,0,Germany,Female,41
1107,671,6,37266.7,2,0,0,156917.0,0,Germany,Female,34
1108,651,0,0.0,2,1,1,190454.0,0,France,Female,65
1109,691,0,115466.0,1,1,1,60622.6,0,France,Female,40
1110,525,1,112833.0,1,0,1,175179.0,0,France,Male,33
1111,516,9,0.0,1,1,0,142681.0,1,France,Male,27
1112,608,10,129255.0,2,1,0,142492.0,1,France,Female,56
1113,568,10,153611.0,1,1,1,54083.8,1,Spain,Female,36
1114,444,3,0.0,2,1,1,159131.0,0,France,Male,43
1115,640,4,0.0,2,1,0,44904.3,0,France,Female,29
1116,614,8,140734.0,1,1,1,166589.0,0,Germany,Male,43
1117,705,1,156848.0,2,1,1,99476.0,1,Germany,Female,48
1118,548,6,76165.6,1,1,1,133538.0,0,France,Male,57
1119,693,6,146581.0,1,0,1,14633.3,0,Germany,Male,25
1120,502,6,125241.0,2,1,1,158736.0,0,Germany,Female,33
1121,762,2,81273.1,1,1,1,18719.7,0,Spain,Male,39
1122,662,1,187997.0,1,0,0,111443.0,1,Spain,Female,54
1123,678,4,113794.0,1,1,0,16618.8,0,Spain,Female,40
1124,850,3,0.0,2,1,1,11159.2,0,France,Female,33
1125,576,8,166288.0,1,1,1,23305.8,0,Germany,Female,36
1126,526,5,91132.2,1,0,0,58111.7,0,Spain,Female,36
1127,686,6,0.0,1,1,0,32080.7,1,Spain,Female,47
1128,493,5,148668.0,2,1,0,56092.5,0,France,Female,36
1129,638,5,129336.0,1,1,1,56585.2,1,Germany,Female,33
1130,430,9,0.0,2,1,1,12050.8,0,France,Male,38
1131,734,6,133598.0,1,1,1,13107.2,0,France,Male,34
1132,635,10,122198.0,2,0,1,179145.0,0,France,Male,43
1133,657,4,80293.8,1,1,0,97192.8,0,France,Female,39
1134,668,8,0.0,2,1,0,138466.0,0,Spain,Female,30
1135,814,8,0.0,2,0,0,157823.0,0,France,Male,49
1136,634,3,107028.0,1,1,0,173426.0,0,Germany,Male,27
1137,598,7,131769.0,1,0,0,184980.0,1,Germany,Female,46
1138,784,3,0.0,2,0,0,81483.6,0,Spain,Male,35
1139,779,3,46388.2,3,1,0,127939.0,1,France,Female,29
1140,816,5,130879.0,3,1,0,71905.8,1,Germany,Female,38
1141,516,1,156674.0,1,1,0,118502.0,1,Germany,Female,53
1142,691,7,129935.0,1,0,0,75664.6,1,Spain,Male,36
1143,650,7,160599.0,2,1,1,28391.5,0,Spain,Male,25
1144,705,1,189444.0,1,0,1,106649.0,0,France,Male,38
1145,685,1,132667.0,1,1,1,41877.0,0,France,Female,43
1146,516,6,109387.0,1,0,0,121365.0,0,France,Female,47
1147,524,1,93577.3,1,1,1,51670.8,0,France,Male,28
1148,630,7,135483.0,1,1,0,140881.0,1,Spain,Female,39
1149,663,8,122528.0,1,1,0,196260.0,0,Spain,Female,33
1150,578,5,102089.0,4,0,0,187866.0,1,Germany,Female,31
1151,599,6,0.0,2,1,0,113868.0,0,Spain,Male,42
1152,592,2,138735.0,1,1,0,90020.7,0,Spain,Female,41
1153,524,9,0.0,2,1,0,74405.3,0,France,Male,22
1154,697,7,0.0,1,1,0,129188.0,1,Spain,Male,62
1155,693,7,198339.0,2,1,1,14278.2,0,France,Male,38
1156,712,1,0.0,2,1,0,1703.58,0,France,Female,32
1157,569,4,120243.0,1,1,0,163150.0,1,France,Male,41
1158,850,5,122486.0,1,0,1,59748.2,0,France,Male,49
1159,770,2,183555.0,1,0,0,159557.0,1,France,Female,68
1160,834,8,160602.0,2,1,0,129274.0,0,France,Female,49
1161,717,7,97459.1,1,0,0,189176.0,0,France,Male,38
1162,584,2,213146.0,1,1,0,75161.2,1,Spain,Female,48
1163,710,1,0.0,2,1,1,36154.7,0,France,Male,45
1164,466,2,152102.0,2,1,0,181880.0,0,Germany,Male,41
1165,588,2,0.0,2,1,1,12483.6,0,Spain,Male,33
1166,695,9,159459.0,1,1,0,135841.0,0,France,Male,49
1167,740,4,99097.3,1,1,1,85016.6,1,Spain,Female,56
1168,629,9,0.0,1,1,0,106.67,0,France,Male,40
1169,655,6,109093.0,2,1,0,1775.52,0,France,Male,37
1170,568,7,0.0,2,0,0,62370.7,1,France,Female,44
1171,604,10,0.0,2,1,1,166224.0,0,Spain,Female,41
1172,619,8,0.0,2,1,1,123242.0,0,Spain,Male,52
1173,728,4,0.0,1,0,0,4539.38,0,Spain,Female,37
1174,524,1,144876.0,1,0,0,187740.0,0,France,Male,32
1175,452,6,131699.0,2,1,0,151624.0,0,France,Female,33
1176,556,10,0.0,2,1,1,192751.0,0,France,Male,35
1177,751,1,135536.0,1,1,0,66825.3,0,France,Male,29
1178,546,7,139071.0,1,1,1,86945.0,0,Spain,Male,42
1179,702,9,0.0,1,0,0,59207.4,1,Spain,Male,44
1180,487,10,89550.9,1,0,1,90076.9,0,France,Female,53
1181,748,4,115221.0,1,0,1,70956.8,0,France,Male,38
1182,651,3,0.0,2,1,1,105600.0,0,France,Male,34
1183,757,2,0.0,2,0,0,164483.0,0,France,Female,49
1184,751,6,0.0,2,1,0,15766.1,0,France,Female,30
1185,701,9,0.0,2,0,0,61961.6,0,France,Male,51
1186,451,9,0.0,2,0,1,48021.7,0,Spain,Female,23
1187,410,6,125790.0,1,0,0,66333.6,1,France,Male,33
1188,850,10,69608.1,1,1,0,97893.4,1,Spain,Male,71
1189,656,10,167878.0,1,0,1,151887.0,0,Spain,Female,40
1190,634,3,95727.0,1,0,0,97939.4,1,Germany,Female,59
1191,571,1,0.0,2,1,0,102751.0,0,France,Female,33
1192,654,9,121456.0,1,1,0,190069.0,1,France,Male,32
1193,650,6,0.0,2,1,0,1002.39,0,France,Female,27
1194,642,7,0.0,2,1,0,102084.0,0,France,Male,25
1195,460,8,102743.0,2,1,1,189340.0,0,Germany,Female,35
1196,696,4,84421.6,1,0,1,52314.7,0,Germany,Male,32
1197,827,1,183276.0,1,1,1,13460.3,0,Spain,Male,46
1198,498,2,170242.0,2,1,1,165408.0,0,France,Male,73
1199,772,7,111566.0,1,1,1,121073.0,0,Germany,Male,34
1200,743,1,146781.0,1,1,0,189308.0,0,Germany,Female,35
1201,693,2,151353.0,1,0,0,197146.0,0,France,Male,29
1202,660,1,0.0,2,0,0,117835.0,0,Spain,Female,33
1203,483,1,77805.7,1,1,1,2101.89,0,France,Male,27
1204,768,3,141335.0,1,0,1,125870.0,0,France,Female,36
1205,594,2,126616.0,2,0,1,123215.0,0,Spain,Female,49
1206,735,5,160454.0,2,0,1,114957.0,0,Germany,Male,28
1207,806,2,137794.0,2,0,1,75232.0,0,Spain,Female,37
1208,665,5,155448.0,2,1,0,51871.9,1,Germany,Female,45
1209,807,3,174790.0,1,1,1,600.36,0,France,Male,35
1210,689,4,0.0,2,1,1,58442.2,0,Spain,Female,55
1211,675,1,124619.0,2,0,1,163668.0,0,France,Male,34
1212,588,7,70258.9,2,1,0,139608.0,0,Germany,Female,37
1213,552,8,0.0,2,0,0,132547.0,0,France,Male,36
1214,513,0,164650.0,3,1,0,49915.5,1,France,Female,45
1215,752,4,81523.4,1,1,1,36885.9,0,Germany,Male,30
1216,603,5,90778.8,2,1,0,162224.0,1,Spain,Female,56
1217,661,5,28082.9,1,1,0,69586.3,1,Spain,Female,41
1218,731,2,0.0,1,1,1,170035.0,1,France,Male,43
1219,569,3,0.0,1,1,0,133998.0,0,Spain,Female,34
1220,518,3,90957.8,1,0,1,162305.0,0,France,Male,38
1221,635,4,0.0,2,1,1,70668.8,0,Spain,Male,24
1222,649,8,0.0,2,0,1,109180.0,0,France,Female,36
1223,638,0,122501.0,2,1,1,95007.8,0,Germany,Female,39
1224,676,1,63095.0,1,1,1,40645.8,0,France,Female,34
1225,803,1,0.0,2,1,1,149371.0,0,France,Male,36
1226,798,4,129055.0,1,1,0,157148.0,0,Germany,Female,38
1227,796,3,146584.0,2,0,0,125446.0,0,Spain,Female,23
1228,694,9,0.0,2,0,0,99924.0,0,Spain,Female,39
1229,719,4,128389.0,1,1,1,176091.0,0,Spain,Male,40
1230,726,7,92847.6,1,1,0,146154.0,0,Germany,Male,30
1231,526,1,112070.0,1,0,1,126282.0,0,France,Male,28
1232,772,9,152347.0,1,0,1,17671.8,0,France,Male,47
1233,564,2,45472.3,1,1,1,41055.7,1,France,Female,53
1234,560,4,0.0,1,1,1,100075.0,1,France,Male,49
1235,623,5,118469.0,1,1,1,158590.0,0,France,Male,48
1236,600,4,0.0,2,1,0,143635.0,0,Spain,Male,36
1237,711,2,0.0,2,1,0,83978.9,1,Spain,Male,37
1238,704,7,127785.0,4,0,0,184465.0,1,France,Male,32
1239,545,8,114754.0,1,1,0,136050.0,1,Germany,Female,37
1240,519,1,114142.0,1,1,1,60988.2,1,Germany,Male,38
1241,764,7,0.0,2,0,0,134878.0,0,France,Male,41
1242,818,4,0.0,2,1,1,8037.03,0,France,Male,36
1243,637,6,0.0,2,1,1,181611.0,0,Spain,Female,40
1244,614,6,0.0,1,1,1,20339.8,1,France,Male,40
1245,779,4,174318.0,2,0,1,38296.2,0,Spain,Female,26
1246,547,3,81290.0,3,0,1,177747.0,1,Germany,Male,50
1247,773,4,105859.0,1,0,1,4395.45,0,Germany,Female,36
1248,696,9,149777.0,1,1,1,198033.0,0,France,Male,22
1249,700,8,134811.0,1,1,0,1299.75,0,France,Male,38
1250,778,7,123229.0,1,1,0,181221.0,0,Germany,Female,29
1251,815,8,135162.0,1,1,1,136071.0,0,Germany,Female,25
1252,546,4,165363.0,2,1,1,25744.1,1,France,Male,34
1253,850,7,110350.0,1,0,0,126356.0,0,Spain,Male,35
1254,622,6,142319.0,1,0,0,100183.0,0,Spain,Female,47
1255,749,2,0.0,1,0,0,174189.0,1,Spain,Male,34
1256,608,8,103654.0,2,1,1,137080.0,0,Germany,Female,38
1257,554,10,0.0,2,1,1,18391.9,0,France,Female,39
1258,645,1,0.0,2,1,1,68987.5,0,France,Female,37
1259,766,6,185714.0,1,1,1,102502.0,0,France,Male,32
1260,644,8,106023.0,2,0,0,148727.0,0,Germany,Female,44
1261,726,9,0.0,2,0,0,14121.6,0,France,Male,34
1262,654,5,150594.0,2,1,1,105218.0,0,Germany,Male,31
1263,543,6,0.0,2,1,0,176728.0,0,France,Male,36
1264,413,2,0.0,2,1,1,60972.8,0,Spain,Male,35
1265,539,4,91622.4,1,1,1,136603.0,0,Germany,Female,34
1266,703,1,97331.2,1,1,0,63717.5,0,Germany,Female,26
1267,730,9,65763.6,1,1,1,145792.0,0,France,Female,22
1268,708,8,122571.0,1,0,0,199006.0,0,Spain,Female,35
1269,710,8,0.0,2,0,0,99645.0,0,Spain,Male,22
1270,850,7,134678.0,1,1,0,113178.0,0,Germany,Female,33
1271,519,1,97700.0,1,1,1,30709.0,0,France,Male,39
1272,850,2,141040.0,1,1,1,5978.2,0,Spain,Male,30
1273,458,7,84386.6,1,1,0,178643.0,0,Germany,Male,44
1274,737,10,111543.0,2,0,0,106328.0,0,Germany,Female,22
1275,850,4,164673.0,1,0,1,61936.1,0,Germany,Female,31
1276,850,4,166082.0,2,0,1,44406.2,0,Germany,Male,40
1277,732,3,0.0,2,1,0,90877.0,0,France,Female,35
1278,850,3,0.0,1,1,1,144386.0,0,Spain,Male,22
1279,850,3,0.0,2,0,1,179361.0,0,Spain,Female,38
1280,581,1,133105.0,1,1,0,105733.0,1,Germany,Male,38
1281,483,9,0.0,2,0,0,136357.0,0,France,Female,30
1282,815,7,0.0,1,0,1,52885.2,1,France,Male,45
1283,733,7,187258.0,1,0,1,190431.0,0,Germany,Female,33
1284,735,4,0.0,2,1,0,149475.0,0,France,Female,33
1285,609,6,140752.0,2,0,1,171430.0,0,Germany,Male,38
1286,736,5,130813.0,1,1,1,77981.5,1,Germany,Male,46
1287,516,7,127306.0,1,1,1,120037.0,0,France,Female,33
1288,579,5,117833.0,3,0,0,5831.0,1,Germany,Female,39
1289,494,7,0.0,2,0,1,158072.0,0,France,Male,40
1290,661,3,136068.0,2,1,0,65567.9,0,France,Female,31
1291,798,9,154496.0,1,1,0,191396.0,0,France,Male,34
1292,594,10,0.0,2,1,1,124072.0,0,France,Female,30
1293,633,7,0.0,1,1,1,130225.0,0,France,Male,29
1294,624,8,0.0,2,1,0,95403.4,0,Spain,Female,38
1295,661,5,0.0,2,0,0,181461.0,0,France,Male,39
1296,550,9,140279.0,3,1,1,171457.0,1,France,Male,38
1297,651,2,165902.0,2,1,0,23054.5,1,France,Male,45
1298,704,9,155620.0,1,1,1,135089.0,0,Spain,Female,37
1299,538,1,0.0,2,1,0,1375.46,0,France,Male,31
1300,818,2,0.0,1,0,1,192299.0,1,France,Female,49
1301,603,6,105001.0,2,1,1,87412.2,1,Spain,Male,57
1302,576,3,148844.0,1,1,0,69414.1,1,Germany,Male,63
1303,508,7,122451.0,2,1,1,75808.1,0,France,Male,49
1304,472,9,0.0,2,1,0,3453.4,0,France,Male,19
1305,638,3,145861.0,1,1,1,142764.0,1,France,Female,43
1306,518,1,133801.0,1,1,1,143316.0,0,France,Female,27
1307,753,6,177729.0,1,1,1,161642.0,0,France,Male,32
1308,617,0,131245.0,2,1,0,183229.0,0,France,Female,34
1309,613,8,118201.0,1,1,0,23315.6,0,Spain,Male,39
1310,767,9,0.0,2,0,1,175458.0,0,France,Male,48
1311,626,9,171788.0,2,1,0,187192.0,0,Germany,Male,49
1312,552,5,140932.0,1,0,1,10921.5,0,France,Male,33
1313,798,8,0.0,2,1,0,107615.0,0,France,Male,22
1314,669,0,63723.8,2,1,1,181928.0,0,Germany,Male,47
1315,773,4,0.0,2,0,1,182081.0,0,Spain,Female,39
1316,725,8,116917.0,1,0,0,173464.0,1,Germany,Male,45
1317,708,2,0.0,1,1,0,179673.0,1,France,Female,59
1318,742,4,0.0,2,1,1,180067.0,0,France,Female,29
1319,679,9,135870.0,2,0,0,54038.6,0,Germany,Male,52
1320,792,9,0.0,4,1,1,194701.0,1,France,Male,50
1321,688,1,0.0,2,1,1,104436.0,0,France,Male,26
1322,565,4,118803.0,2,1,1,128125.0,1,France,Male,55
1323,559,1,0.0,2,1,1,196646.0,0,France,Female,43
1324,607,2,0.0,2,1,1,114190.0,0,France,Male,35
1325,529,6,0.0,1,1,0,10625.9,0,Spain,Male,31
1326,673,10,0.0,2,1,1,37411.4,0,France,Female,37
1327,681,8,93173.9,1,1,1,139761.0,0,France,Female,58
1328,651,2,86911.8,1,1,0,174094.0,0,France,Male,35
1329,624,7,123907.0,1,1,0,135097.0,0,Spain,Male,38
1330,545,2,127536.0,1,1,0,108399.0,0,Germany,Female,44
1331,752,2,78653.8,1,1,0,7698.6,0,France,Male,49
1332,664,9,0.0,2,1,0,194767.0,0,France,Male,40
1333,594,3,130830.0,1,1,0,61048.5,0,Germany,Female,29
1334,457,6,0.0,2,1,0,173219.0,0,Spain,Female,38
1335,644,4,95560.0,1,0,0,72628.8,1,Germany,Female,51
1336,669,7,149365.0,1,0,1,173454.0,0,France,Male,45
1337,841,4,0.0,2,1,1,179437.0,0,Spain,Male,28
1338,803,4,142929.0,2,1,1,114870.0,0,Germany,Male,34
1339,673,3,78833.1,2,1,1,37196.1,0,Germany,Female,69
1340,548,5,83443.0,1,0,1,177017.0,0,France,Male,29
1341,720,6,110717.0,1,1,1,9398.45,0,France,Female,34
1342,835,5,108289.0,2,1,1,45859.6,1,Germany,Female,47
1343,694,5,195926.0,1,1,1,85522.8,0,France,Female,38
1344,774,1,116360.0,1,1,0,17004.1,0,Spain,Female,43
1345,716,8,0.0,2,0,0,78616.9,0,Spain,Female,29
1346,721,9,154476.0,2,0,1,101301.0,1,Germany,Male,28
1347,664,7,104159.0,1,1,0,134170.0,0,France,Female,31
1348,637,5,0.0,1,1,0,28092.8,1,France,Female,63
1349,746,3,0.0,3,1,1,80345.0,1,France,Male,58
1350,652,7,0.0,2,0,1,43496.4,0,France,Male,51
1351,541,5,0.0,2,1,0,124796.0,0,France,Male,36
1352,752,9,115587.0,2,0,1,101677.0,0,Germany,Male,32
1353,737,0,80090.9,1,1,0,39920.0,1,France,Male,43
1354,614,6,118716.0,1,1,0,133591.0,1,Germany,Female,44
1355,524,9,144288.0,2,1,0,32063.3,0,Germany,Male,29
1356,542,4,109949.0,2,1,1,41268.6,0,France,Female,39
1357,737,10,0.0,2,1,0,1364.54,0,France,Male,45
1358,718,2,167925.0,1,1,0,43024.6,0,France,Female,35
1359,608,4,0.0,1,1,0,79304.4,1,France,Female,33
1360,652,10,121064.0,3,1,0,151482.0,1,Germany,Male,46
1361,533,6,127546.0,2,0,0,79559.0,1,Germany,Male,51
1362,645,8,0.0,2,0,0,96864.4,0,France,Male,39
1363,537,7,158621.0,1,1,0,120893.0,1,France,Female,45
1364,743,8,69143.9,2,0,1,105780.0,0,France,Male,37
1365,688,1,0.0,2,1,0,154696.0,0,France,Male,29
1366,707,6,66573.2,1,1,1,62768.8,0,France,Male,73
1367,751,8,127095.0,2,0,0,479.54,0,Spain,Female,34
1368,659,3,0.0,1,1,0,183399.0,1,France,Female,50
1369,794,7,176845.0,3,1,0,166526.0,1,France,Female,41
1370,635,5,78992.8,2,0,0,153265.0,0,Germany,Male,43
1371,548,4,0.0,1,1,0,121764.0,0,Spain,Male,37
1372,649,9,116855.0,2,0,1,107126.0,0,Germany,Male,70
1373,743,9,0.0,1,1,0,113436.0,0,France,Female,46
1374,850,5,129305.0,2,0,1,19244.6,0,Germany,Male,43
1375,530,1,137061.0,2,1,1,165227.0,0,Germany,Male,23
1376,587,6,71026.8,1,1,0,57962.4,0,France,Male,47
1377,630,9,0.0,2,1,1,34338.0,0,France,Male,43
1378,755,2,119919.0,1,1,0,156868.0,0,France,Male,42
1379,574,8,97460.1,1,1,1,43093.7,0,France,Male,26
1380,566,3,0.0,2,1,1,3626.47,0,France,Female,21
1381,700,5,137648.0,1,1,0,142977.0,1,Germany,Female,59
1382,718,7,123205.0,1,1,1,100539.0,0,Germany,Male,63
1383,802,5,0.0,2,1,1,134626.0,0,Spain,Male,41
1384,665,7,104470.0,1,1,1,25165.4,1,Germany,Male,63
1385,574,8,100267.0,1,1,0,103006.0,0,France,Male,33
1386,631,6,125228.0,2,0,1,128247.0,0,Germany,Female,34
1387,510,6,191665.0,1,1,1,131313.0,1,France,Female,52
1388,667,8,72945.3,2,1,0,98931.5,0,France,Male,40
1389,628,7,0.0,2,0,1,172968.0,0,Spain,Male,42
1390,666,1,121827.0,2,1,1,99818.3,0,Germany,Female,21
1391,571,9,111577.0,1,0,1,189272.0,0,Germany,Female,66
1392,601,5,0.0,2,1,0,27022.6,0,France,Female,34
1393,644,9,0.0,1,1,0,3740.93,0,France,Female,39
1394,632,2,0.0,2,0,1,2085.32,0,France,Male,60
1395,672,2,0.0,2,1,0,87372.5,0,France,Male,39
1396,637,2,133463.0,1,0,1,93165.3,0,France,Male,40
1397,771,5,0.0,2,1,0,96270.6,0,France,Male,39
1398,761,1,0.0,2,1,1,199409.0,0,France,Female,26
1399,621,7,116339.0,1,1,1,155743.0,0,Spain,Female,36
1400,614,9,106415.0,2,0,0,77500.8,0,France,Female,27
1401,622,4,98640.7,1,1,1,110458.0,0,France,Female,38
1402,616,5,144236.0,2,0,0,154958.0,1,France,Male,37
1403,684,3,103210.0,1,1,0,31002.0,0,Spain,Female,42
1404,594,6,63176.4,2,1,1,14466.1,0,Germany,Male,38
1405,666,2,104832.0,1,1,0,175015.0,0,Spain,Male,35
1406,823,5,149105.0,1,0,1,162683.0,0,France,Male,71
1407,705,10,0.0,2,1,1,13935.5,1,France,Female,37
1408,713,1,63438.9,1,1,0,64375.4,0,France,Male,44
1409,753,3,111513.0,3,1,0,159577.0,1,Germany,Female,46
1410,599,9,105444.0,1,1,1,121125.0,0,France,Male,30
1411,577,1,152086.0,1,0,1,44719.5,1,Germany,Female,44
1412,628,1,46870.4,4,1,0,31272.1,1,France,Female,46
1413,593,2,187013.0,2,0,1,105899.0,0,Germany,Male,69
1414,659,1,106086.0,2,1,0,26900.6,0,France,Male,43
1415,500,7,0.0,2,0,0,192013.0,0,Spain,Male,38
1416,745,9,0.0,1,1,0,19605.2,1,France,Female,36
1417,585,5,0.0,1,1,1,87363.6,0,France,Female,38
1418,554,3,117414.0,1,1,1,12766.7,0,France,Male,33
1419,555,5,0.0,2,1,0,27513.5,0,France,Male,24
1420,764,5,81042.4,1,0,1,109805.0,0,France,Female,39
1421,741,9,105262.0,2,1,1,149504.0,0,France,Male,37
1422,573,9,0.0,2,1,0,11743.9,0,France,Male,35
1423,797,1,0.0,1,0,1,149991.0,0,France,Male,29
1424,714,4,88308.9,3,0,0,5862.53,1,France,Female,51
1425,561,6,186789.0,2,1,0,73286.8,0,France,Female,22
1426,724,9,119278.0,1,1,1,197148.0,0,Germany,Female,33
1427,655,7,0.0,1,1,0,88958.5,1,France,Female,59
1428,695,7,79858.1,2,1,1,127978.0,0,Spain,Female,35
1429,762,10,100261.0,3,1,1,77142.4,1,Germany,Male,56
1430,644,8,0.0,2,1,0,20968.9,0,France,Female,37
1431,597,4,0.0,2,1,0,58667.2,1,Spain,Female,46
1432,435,3,151740.0,1,1,0,167462.0,0,Germany,Male,44
1433,782,2,94493.0,1,0,1,101866.0,0,France,Female,33
1434,733,5,0.0,2,1,1,1271.51,0,Spain,Female,38
1435,823,1,0.0,2,1,0,156604.0,0,France,Male,38
1436,698,1,94920.7,1,1,1,40339.9,0,France,Female,27
1437,850,8,169833.0,1,0,0,184107.0,1,France,Male,63
1438,730,6,0.0,2,1,1,185809.0,0,Spain,Male,26
1439,678,8,128644.0,1,0,0,167673.0,0,Germany,Female,40
1440,636,8,0.0,2,1,0,38570.1,0,France,Male,34
1441,605,7,128829.0,1,1,0,190589.0,0,France,Male,36
1442,581,3,104368.0,1,1,1,29937.8,0,France,Male,28
1443,775,5,0.0,1,1,0,193881.0,1,France,Female,30
1444,643,0,137812.0,1,1,1,184857.0,0,France,Female,33
1445,728,7,0.0,2,1,0,40023.7,0,France,Male,43
1446,559,1,0.0,2,0,0,155640.0,0,France,Male,29
1447,764,7,98148.6,1,1,0,26843.8,0,France,Male,24
1448,702,10,88378.6,1,1,0,88550.3,0,France,Female,29
1449,645,9,140121.0,1,1,0,11302.7,1,Germany,Male,43
1450,648,5,123049.0,1,0,1,5066.76,0,Germany,Male,41
1451,593,4,88736.4,2,1,0,67020.0,0,Spain,Female,38
1452,770,9,110739.0,1,1,0,22666.8,1,France,Female,70
1453,765,9,91835.2,1,0,0,138280.0,0,France,Male,34
1454,560,5,125342.0,1,1,0,79547.4,0,Spain,Female,31
1455,747,5,94521.2,2,1,0,194927.0,0,Spain,Female,41
1456,657,6,112119.0,1,1,0,17536.8,0,Spain,Female,41
1457,606,6,0.0,2,0,1,36540.6,0,France,Male,32
1458,572,1,139979.0,1,1,0,185663.0,0,Germany,Female,35
1459,717,1,110864.0,2,1,1,124533.0,1,Spain,Female,49
1460,562,6,0.0,2,1,0,111590.0,0,France,Male,33
1461,658,8,0.0,1,1,1,80410.7,0,France,Male,32
1462,681,4,91115.8,2,0,0,24208.8,1,Germany,Female,44
1463,699,5,0.0,2,1,1,78397.2,0,France,Male,35
1464,567,9,93522.2,1,0,1,81425.6,0,France,Female,23
1465,674,3,0.0,1,1,1,173941.0,0,France,Male,22
1466,850,3,54901.0,1,1,1,140076.0,0,Germany,Male,38
1467,588,9,150186.0,2,1,1,65611.0,0,Germany,Male,33
1468,788,3,0.0,1,0,1,13288.5,1,France,Male,55
1469,492,2,151249.0,2,1,1,167238.0,0,Germany,Female,49
1470,850,6,206015.0,2,0,1,42774.8,1,Spain,Male,39
1471,794,8,134594.0,1,1,1,46386.4,0,Spain,Female,46
1472,651,8,129969.0,1,1,1,11830.5,0,Spain,Female,63
1473,648,10,0.0,2,1,1,159836.0,1,Spain,Female,49
1474,536,2,143924.0,1,1,0,2019.78,1,Spain,Male,53
1475,713,0,109122.0,1,0,1,167873.0,0,Spain,Male,42
1476,734,5,130056.0,1,0,0,121894.0,1,France,Male,22
1477,769,7,148914.0,2,1,0,53817.2,0,Germany,Female,31
1478,679,9,112529.0,2,1,0,177362.0,0,France,Female,33
1479,692,4,0.0,2,0,0,138880.0,0,Spain,Female,29
1480,539,5,0.0,2,1,0,47388.4,0,France,Male,38
1481,638,1,102645.0,1,1,0,168360.0,1,Germany,Male,50
1482,587,9,107851.0,1,1,0,139431.0,1,Germany,Male,46
1483,572,2,0.0,2,1,1,555.28,0,France,Female,39
1484,663,8,0.0,1,1,1,188008.0,0,Spain,Male,27
1485,575,6,0.0,2,1,1,95686.4,0,Spain,Female,31
1486,679,8,0.0,2,1,0,23344.9,0,France,Male,48
1487,606,9,95293.9,2,0,1,96985.6,0,Germany,Male,40
1488,689,2,118812.0,2,0,0,31121.4,0,Germany,Male,47
1489,658,8,174060.0,1,1,1,94925.6,0,France,Male,36
1490,850,1,0.0,2,1,1,197997.0,0,Spain,Female,29
1491,573,1,0.0,1,1,1,56905.4,0,France,Female,36
1492,498,8,108433.0,2,1,1,14865.0,0,Germany,Male,37
1493,606,10,70417.8,1,0,1,90896.0,0,Spain,Female,23
1494,709,6,156552.0,1,0,1,4410.77,0,France,Male,26
1495,711,4,133468.0,2,1,1,42976.6,0,Germany,Male,34
1496,746,4,105600.0,1,1,1,43106.2,0,France,Female,29
1497,687,0,144451.0,1,0,1,137277.0,0,France,Male,38
1498,576,8,0.0,2,0,1,34101.1,0,Spain,Male,26
1499,663,8,0.0,2,1,1,101169.0,0,France,Female,39
1500,555,10,139930.0,1,1,1,105720.0,0,France,Male,40
1501,663,8,155304.0,1,1,0,118717.0,0,Germany,Female,37
1502,760,6,175736.0,1,1,1,157337.0,0,Spain,Male,43
1503,625,2,79469.0,1,1,1,84606.0,0,France,Female,52
1504,710,7,170113.0,2,0,1,10494.6,0,Germany,Male,58
1505,587,7,121286.0,1,0,1,6776.92,0,Spain,Male,62
1506,761,9,127638.0,1,1,1,81062.9,0,France,Male,36
1507,622,3,96926.1,2,1,0,48553.8,0,Germany,Male,33
1508,513,3,98903.1,1,1,1,81251.2,0,Spain,Male,72
1509,667,1,0.0,2,1,0,91573.2,0,France,Male,23
1510,736,8,103914.0,1,1,1,110036.0,1,Germany,Female,36
1511,760,6,0.0,2,0,0,101491.0,0,Spain,Female,41
1512,757,9,117294.0,4,1,0,94187.5,1,Spain,Female,55
1513,749,7,137059.0,3,1,0,102976.0,1,Germany,Female,29
1514,585,2,125846.0,1,1,0,9439.31,1,Germany,Male,50
1515,786,4,0.0,2,1,0,103373.0,0,France,Female,29
1516,678,5,111128.0,1,1,0,60941.3,1,France,Male,26
1517,598,1,0.0,2,1,0,159130.0,0,Spain,Male,39
1518,645,9,0.0,4,1,1,176354.0,1,France,Female,68
1519,498,1,91857.7,1,1,0,101955.0,1,France,Male,46
1520,563,2,100521.0,1,1,1,19412.8,1,Germany,Male,41
1521,748,3,157372.0,1,0,1,97734.3,0,France,Female,39
1522,521,7,70731.1,1,1,1,20244.0,1,Spain,Female,34
1523,442,4,0.0,2,1,0,68343.1,0,France,Male,34
1524,651,3,121890.0,1,1,0,54530.5,1,Germany,Male,29
1525,663,7,0.0,2,1,1,166311.0,0,France,Male,24
1526,656,4,74323.2,1,1,1,22929.1,0,France,Female,30
1527,824,8,133231.0,1,1,1,67885.4,0,Germany,Male,49
1528,804,3,124197.0,1,1,0,74692.1,0,Spain,Female,38
1529,665,2,0.0,1,0,0,53353.4,0,France,Male,51
1530,679,1,0.0,2,0,0,69608.5,0,France,Female,33
1531,573,7,147755.0,1,1,1,110454.0,0,France,Male,40
1532,711,1,0.0,1,0,0,41590.4,0,France,Male,33
1533,714,6,86402.5,2,0,0,27330.6,0,Germany,Male,21
1534,480,8,75408.3,1,1,0,25887.9,1,Spain,Male,47
1535,676,1,107787.0,1,0,1,116379.0,0,France,Male,23
1536,515,7,120962.0,3,1,1,39288.1,1,Germany,Male,45
1537,544,6,0.0,1,1,0,100200.0,1,France,Female,26
1538,586,1,0.0,2,0,0,31636.0,0,France,Male,32
1539,688,5,0.0,2,0,1,177608.0,0,France,Female,32
1540,455,5,155879.0,2,0,0,70775.0,0,France,Female,27
1541,513,9,107135.0,2,1,1,160547.0,0,Spain,Female,41
1542,702,10,150526.0,1,1,1,94728.5,0,France,Male,37
1543,595,6,150686.0,1,1,0,87771.1,0,France,Male,29
1544,711,3,145755.0,1,1,1,101455.0,0,France,Female,41
1545,697,1,0.0,2,0,0,87803.3,0,France,Female,25
1546,797,10,69413.4,1,1,1,74637.6,0,France,Male,30
1547,604,7,98544.1,1,1,1,52327.6,0,Spain,Female,39
1548,675,8,155621.0,1,0,1,35177.3,0,Spain,Female,35
1549,621,8,0.0,2,1,0,36123.0,0,Spain,Male,39
1550,746,4,0.0,2,0,1,171040.0,0,France,Female,37
1551,502,3,139663.0,1,0,1,100995.0,0,France,Female,64
1552,654,7,99263.1,1,1,1,67607.9,0,France,Male,42
1553,694,2,0.0,3,0,1,15039.4,0,France,Male,30
1554,705,7,0.0,2,1,0,7921.57,0,France,Male,32
1555,782,7,97072.4,1,0,1,131177.0,0,France,Female,70
1556,777,8,0.0,2,1,1,18613.5,0,France,Male,39
1557,754,1,185514.0,1,1,0,27438.8,0,France,Female,47
1558,610,7,81906.0,1,1,1,61623.2,0,France,Female,35
1559,838,2,0.0,2,1,0,8222.96,0,France,Male,31
1560,555,9,138214.0,1,1,0,198715.0,1,Germany,Female,51
1561,497,4,85646.8,1,0,0,63233.0,1,France,Female,29
1562,530,4,0.0,2,1,1,164844.0,0,Spain,Male,37
1563,620,4,106921.0,1,0,1,119747.0,0,Spain,Male,42
1564,536,1,65733.4,1,1,0,61094.5,0,France,Male,46
1565,595,4,0.0,2,1,0,189996.0,0,France,Male,31
1566,571,2,0.0,2,1,0,28045.8,0,France,Female,53
1567,581,1,121524.0,1,0,0,161656.0,1,Germany,Male,39
1568,803,1,0.0,2,0,0,7455.2,0,Spain,Female,37
1569,608,4,0.0,1,0,1,130474.0,0,France,Male,33
1570,697,6,128253.0,1,1,1,168053.0,0,France,Female,47
1571,476,8,111905.0,1,0,1,197222.0,1,Germany,Female,34
1572,599,0,0.0,1,1,1,175236.0,0,Spain,Male,51
1573,720,4,141356.0,1,0,0,137986.0,0,Spain,Male,31
1574,613,3,0.0,1,1,1,41724.7,0,Spain,Male,34
1575,638,6,188455.0,1,0,0,47031.4,1,France,Male,36
1576,698,10,116363.0,2,1,0,198059.0,0,Germany,Male,44
1577,850,8,60880.7,1,1,0,31825.8,0,Germany,Male,41
1578,583,5,77647.6,1,1,0,190430.0,0,Germany,Female,41
1579,646,6,111739.0,2,0,1,68367.2,0,Germany,Female,52
1580,632,3,122479.0,1,1,0,147231.0,1,Germany,Male,23
1581,622,9,0.0,2,1,1,155786.0,0,Spain,Female,41
1582,587,0,132122.0,2,0,0,31730.3,0,Germany,Female,38
1583,542,2,174895.0,1,1,1,22314.6,0,Spain,Male,35
1584,535,0,160729.0,1,0,1,145986.0,0,France,Male,47
1585,678,2,0.0,2,1,1,13221.2,0,Spain,Male,27
1586,602,2,113641.0,4,1,0,115116.0,1,Germany,Female,43
1587,479,1,0.0,2,1,1,19117.0,0,France,Female,26
1588,730,5,112181.0,1,0,1,61513.9,0,Spain,Male,62
1589,653,8,102768.0,1,1,0,55663.9,0,France,Male,41
1590,592,4,0.0,2,0,1,17013.5,0,France,Male,71
1591,596,1,0.0,2,1,0,8125.39,0,Spain,Female,30
1592,782,9,0.0,1,1,0,183021.0,1,France,Male,34
1593,650,4,194533.0,1,1,0,171045.0,1,Spain,Male,42
1594,658,6,148481.0,1,1,0,130529.0,0,France,Female,44
1595,516,7,115196.0,1,1,1,11205.5,0,France,Male,33
1596,716,4,0.0,2,1,0,189679.0,0,France,Male,38
1597,451,9,61482.5,1,1,1,167539.0,0,Germany,Female,38
1598,610,0,0.0,1,1,0,114515.0,0,France,Male,37
1599,524,4,0.0,2,1,1,31840.6,1,France,Male,50
1600,431,8,120823.0,2,1,0,126153.0,0,Germany,Male,42
1601,697,1,87347.7,1,1,0,172525.0,0,France,Female,33
1602,774,9,130810.0,1,1,0,152290.0,0,Germany,Male,36
1603,722,6,0.0,2,1,1,111893.0,0,France,Male,40
1604,693,3,151709.0,1,1,0,180736.0,0,Spain,Female,46
1605,637,3,109698.0,1,1,1,88391.3,1,Germany,Female,39
1606,544,1,0.0,2,0,0,69244.2,0,France,Male,44
1607,468,2,0.0,2,1,0,28124.0,0,France,Male,22
1608,618,10,100315.0,2,1,1,32526.6,0,Germany,Female,29
1609,816,9,109003.0,1,1,1,79580.6,0,Germany,Female,40
1610,655,9,0.0,1,0,1,90490.3,0,Spain,Male,38
1611,684,1,0.0,2,0,1,144978.0,0,France,Female,25
1612,546,5,0.0,2,0,1,198543.0,0,France,Female,30
1613,489,1,131442.0,1,1,0,37240.1,1,Germany,Female,52
1614,530,1,106723.0,1,0,0,109960.0,1,France,Male,52
1615,530,7,0.0,2,1,0,80619.1,0,Spain,Female,36
1616,675,7,89410.0,1,1,1,149400.0,0,Germany,Male,36
1617,834,7,0.0,2,0,0,45038.7,0,Spain,Male,40
1618,850,5,123211.0,2,1,1,102180.0,0,Germany,Male,30
1619,811,7,0.0,2,1,1,177519.0,0,Spain,Male,39
1620,584,5,95671.8,2,1,1,106565.0,0,France,Female,44
1621,564,9,0.0,2,1,1,105837.0,0,Spain,Female,35
1622,664,0,103502.0,1,1,1,146192.0,0,France,Female,36
1623,609,8,141675.0,1,0,1,175664.0,0,France,Female,39
1624,626,4,105767.0,2,0,0,41104.8,0,France,Female,29
1625,657,5,119785.0,2,1,1,107534.0,0,Spain,Male,67
1626,607,0,0.0,2,1,1,81140.1,0,France,Male,44
1627,579,9,129830.0,1,1,1,60906.1,0,France,Male,36
1628,661,3,0.0,2,1,0,35989.4,0,Spain,Female,42
1629,555,4,128744.0,1,1,1,47454.9,0,France,Male,29
1630,571,1,104784.0,2,0,1,178513.0,0,France,Female,35
1631,663,5,83195.1,1,1,1,48682.1,0,France,Male,45
1632,669,9,0.0,2,0,1,107221.0,0,France,Female,33
1633,678,2,0.0,2,0,0,115069.0,0,France,Female,38
1634,773,8,116198.0,2,1,1,86701.4,0,Germany,Male,51
1635,674,7,85757.9,1,1,1,95481.0,0,France,Female,32
1636,741,8,116993.0,2,1,0,168816.0,0,Germany,Male,36
1637,530,0,0.0,1,1,0,85081.1,0,France,Female,48
1638,730,1,103960.0,1,1,1,193650.0,0,Spain,Female,43
1639,706,1,117020.0,2,1,0,54439.5,0,Germany,Male,31
1640,642,6,103245.0,2,1,0,143050.0,1,Germany,Female,56
1641,640,5,158024.0,1,1,0,81298.1,0,Spain,Male,37
1642,676,8,114006.0,1,1,1,67998.5,0,France,Male,40
1643,659,9,82916.5,1,1,1,84133.5,0,Germany,Male,29
1644,810,6,0.0,2,1,1,77965.7,0,France,Male,33
1645,616,10,113220.0,2,1,1,114073.0,0,Germany,Male,41
1646,718,7,147527.0,1,0,0,51099.6,0,Germany,Male,26
1647,567,10,0.0,2,0,1,161572.0,0,Spain,Male,34
1648,576,8,0.0,2,1,1,57802.6,0,France,Female,50
1649,618,0,140306.0,1,1,0,160619.0,1,Germany,Female,40
1650,572,7,0.0,2,1,1,133123.0,0,France,Female,38
1651,668,8,0.0,2,1,1,135112.0,0,Spain,Male,25
1652,744,1,43504.4,1,1,1,119328.0,0,France,Male,29
1653,535,6,103805.0,1,1,1,125711.0,0,France,Male,30
1654,571,3,108117.0,1,0,1,53328.7,0,Spain,Female,22
1655,663,6,150200.0,1,0,1,151317.0,1,Spain,Female,53
1656,590,8,112212.0,1,1,0,26261.4,0,France,Male,31
1657,530,0,99948.5,1,0,1,97338.6,0,Germany,Female,42
1658,474,3,0.0,1,1,0,108409.0,1,France,Male,54
1659,670,2,147171.0,1,0,1,69850.0,0,Germany,Female,40
1660,520,7,0.0,2,1,1,36202.7,0,Spain,Male,43
1661,688,5,0.0,1,1,0,91624.1,1,France,Female,51
1662,644,8,96659.6,2,1,1,138776.0,0,Spain,Male,26
1663,660,5,109020.0,2,1,1,33680.6,0,Germany,Male,46
1664,620,2,0.0,2,1,0,20670.1,0,Spain,Female,43
1665,776,4,0.0,2,0,1,162138.0,0,France,Female,43
1666,502,6,0.0,2,1,1,80618.5,0,France,Female,35
1667,762,1,102520.0,1,1,1,170195.0,0,France,Male,53
1668,493,2,0.0,2,0,1,99770.3,0,France,Female,36
1669,752,5,113291.0,2,1,1,132468.0,0,Germany,Female,37
1670,567,8,0.0,2,1,0,156126.0,0,Spain,Male,29
1671,683,4,0.0,2,1,0,152698.0,0,France,Male,25
1672,502,8,159661.0,3,1,0,113932.0,1,France,Female,42
1673,597,1,0.0,2,1,0,41303.3,0,Spain,Male,38
1674,561,7,152759.0,2,1,0,133167.0,1,France,Male,56
1675,472,4,0.0,1,1,0,70154.2,0,Spain,Male,40
1676,615,4,133707.0,1,1,1,108153.0,0,France,Male,39
1677,700,3,0.0,1,0,0,95740.4,0,France,Female,32
1678,555,2,0.0,2,0,1,197867.0,0,Spain,Female,24
1679,562,9,117153.0,1,1,1,108675.0,0,Germany,Female,31
1680,507,3,120105.0,1,1,0,92075.0,1,Germany,Male,40
1681,531,8,132576.0,1,0,0,7222.92,0,Spain,Male,27
1682,550,5,142200.0,2,1,1,122222.0,0,France,Male,31
1683,454,10,92895.6,1,1,0,154344.0,1,Germany,Female,50
1684,571,9,102017.0,2,0,0,128600.0,0,France,Female,33
1685,746,3,137492.0,2,0,1,170142.0,0,France,Male,24
1686,666,2,0.0,1,1,0,35047.0,1,France,Male,47
1687,649,4,108306.0,1,1,1,192486.0,0,France,Female,35
1688,558,7,0.0,1,1,0,198269.0,0,France,Male,31
1689,745,5,157993.0,2,1,0,146041.0,0,France,Male,25
1690,548,1,80107.8,2,0,1,82245.7,0,France,Female,33
1691,605,2,129556.0,1,1,1,13601.8,0,France,Female,64
1692,556,4,0.0,1,1,0,195167.0,0,France,Male,26
1693,644,8,0.0,2,1,0,59172.4,0,Spain,Male,18
1694,785,5,0.0,2,1,1,7008.65,0,France,Male,55
1695,847,7,123761.0,1,0,1,53157.2,0,France,Male,66
1696,783,9,126225.0,1,1,1,4423.63,0,Spain,Female,59
1697,662,6,105021.0,1,1,0,48242.4,0,Spain,Female,42
1698,733,3,100338.0,3,1,0,48559.2,1,Germany,Male,34
1699,807,9,167665.0,1,0,0,125440.0,1,France,Female,47
1700,760,6,121304.0,2,1,1,59325.2,0,Germany,Male,34
1701,744,1,0.0,1,0,0,82423.0,0,France,Male,29
1702,660,8,167181.0,1,1,1,185157.0,0,France,Female,40
1703,659,8,133437.0,1,1,0,56787.8,0,France,Male,54
1704,605,6,111170.0,1,0,0,9641.4,0,France,Male,39
1705,543,1,106138.0,2,1,1,120657.0,1,Germany,Female,57
1706,634,3,212696.0,1,1,0,115269.0,0,Germany,Male,43
1707,539,6,0.0,3,1,1,118960.0,0,Spain,Male,36
1708,652,3,83492.1,2,1,0,37914.1,0,Spain,Female,42
1709,500,9,160838.0,2,1,0,196262.0,0,Germany,Male,44
1710,813,6,0.0,1,1,0,33953.9,0,France,Male,29
1711,687,3,0.0,2,0,0,48228.1,0,Spain,Male,31
1712,635,5,98683.5,2,1,0,15733.2,0,Spain,Female,34
1713,711,6,0.0,2,1,1,72276.2,0,France,Female,81
1714,594,0,97378.5,1,1,1,71405.2,0,Spain,Female,24
1715,485,5,156772.0,1,1,1,141148.0,0,Germany,Female,30
1716,561,4,101470.0,1,0,1,88838.1,0,Spain,Male,37
1717,736,4,202443.0,1,1,0,72375.0,0,France,Male,43
1718,715,4,0.0,2,1,1,55043.9,0,France,Male,45
1719,695,8,0.0,2,0,1,131644.0,0,Spain,Female,31
1720,667,4,127077.0,2,1,0,69011.7,0,Germany,Female,33
1721,632,4,126116.0,1,1,0,100998.0,0,France,Male,42
1722,559,3,141099.0,1,1,1,15607.3,0,France,Male,28
1723,760,2,0.0,2,1,0,164162.0,0,France,Male,34
1724,747,6,202905.0,1,1,1,17298.7,1,France,Male,49
1725,660,4,0.0,2,1,0,129149.0,0,Spain,Male,30
1726,723,0,0.0,2,0,1,61291.0,0,France,Female,35
1727,816,2,108411.0,2,1,0,102909.0,0,Germany,Female,34
1728,787,4,0.0,2,1,1,13238.9,0,France,Male,32
1729,684,3,73309.4,1,0,0,21228.3,1,France,Female,48
1730,616,2,0.0,2,1,0,137136.0,0,France,Male,46
1731,603,7,0.0,1,1,0,198056.0,1,France,Male,32
1732,687,1,0.0,2,1,0,8207.36,0,Spain,Female,40
1733,761,8,0.0,2,1,0,63297.7,0,Spain,Male,27
1734,516,8,56228.2,1,1,0,46857.5,0,France,Female,42
1735,701,5,186101.0,2,1,1,76611.3,0,Germany,Male,23
1736,778,1,162150.0,2,1,0,174531.0,0,Germany,Female,45
1737,698,6,136325.0,2,1,1,72549.3,1,France,Male,57
1738,681,4,97338.2,2,0,0,48226.8,0,Germany,Male,31
1739,648,5,138664.0,1,1,0,29076.3,0,Germany,Male,33
1740,644,9,0.0,2,1,1,96442.9,0,Spain,Male,37
1741,619,3,147974.0,2,1,0,170519.0,0,Germany,Male,41
1742,578,4,175111.0,1,1,1,74858.3,0,France,Male,34
1743,599,9,123445.0,1,1,1,31368.1,1,Germany,Male,46
1744,668,7,161806.0,1,1,1,173052.0,0,Germany,Female,46
1745,678,0,107380.0,1,1,1,84460.2,0,France,Male,36
1746,637,5,0.0,1,0,0,148769.0,0,France,Male,32
1747,645,7,0.0,2,1,0,13589.9,0,Spain,Female,37
1748,496,4,127846.0,1,1,0,66469.2,0,France,Male,32
1749,736,7,117280.0,3,0,0,41921.1,1,France,Female,42
1750,630,1,0.0,2,0,0,186826.0,0,Spain,Male,35
1751,623,1,160903.0,1,0,0,78774.4,0,France,Female,39
1752,694,1,0.0,2,0,1,156858.0,0,France,Male,38
1753,850,6,96654.7,2,0,0,152740.0,0,France,Male,27
1754,606,3,99897.5,1,0,0,37054.6,0,Germany,Male,38
1755,783,2,139707.0,1,1,0,2150.22,0,Germany,Female,42
1756,620,9,127638.0,1,1,1,192718.0,0,France,Female,33
1757,535,1,140293.0,3,0,0,69531.2,1,Spain,Female,50
1758,742,5,155196.0,1,0,1,121208.0,1,Germany,Male,55
1759,773,8,81844.9,2,1,1,35908.5,0,Germany,Male,43
1760,678,6,123357.0,1,0,1,92934.4,0,Germany,Male,83
1761,716,10,87946.4,1,1,1,182532.0,0,France,Female,29
1762,769,2,123758.0,2,1,0,84872.7,0,France,Male,29
1763,813,0,0.0,2,1,0,43169.1,0,France,Male,34
1764,712,6,112995.0,1,0,0,198399.0,0,Spain,Male,45
1765,803,6,165527.0,1,1,0,12328.1,0,France,Female,40
1766,747,7,117726.0,1,1,1,175398.0,0,Germany,Male,29
1767,700,0,0.0,2,1,0,59475.4,0,Spain,Female,43
1768,739,8,0.0,1,1,0,167031.0,0,Spain,Female,40
1769,727,4,133551.0,1,1,1,46941.4,0,France,Male,18
1770,778,4,111064.0,2,1,0,83556.6,0,Germany,Female,33
1771,745,9,92566.5,2,1,0,161520.0,0,France,Male,35
1772,773,10,0.0,1,1,1,98820.1,0,Spain,Female,33
1773,847,3,101544.0,4,1,0,16025.2,1,Germany,Female,41
1774,647,6,143139.0,2,1,0,2955.46,0,Germany,Male,30
1775,625,8,0.0,2,1,0,151844.0,0,Spain,Female,31
1776,642,8,80964.6,2,1,0,174738.0,0,France,Male,30
1777,628,3,153538.0,2,1,0,110776.0,0,Germany,Female,28
1778,724,3,0.0,2,0,1,95562.8,0,Spain,Male,39
1779,538,8,88759.0,2,0,0,28226.2,1,France,Female,38
1780,705,3,0.0,2,0,1,66331.0,0,France,Female,35
1781,605,9,0.0,2,0,1,35521.6,0,Spain,Female,36
1782,746,2,107868.0,2,1,1,146192.0,0,Germany,Female,33
1783,506,3,0.0,1,1,1,80823.0,0,France,Female,32
1784,813,1,116417.0,1,0,1,85808.2,0,Germany,Male,30
1785,619,5,0.0,2,1,0,194310.0,0,France,Male,29
1786,549,4,0.0,2,0,1,25684.8,0,France,Male,31
1787,695,0,96020.9,1,1,1,57992.5,0,Spain,Male,28
1788,562,7,122822.0,2,0,0,32626.2,0,France,Female,51
1789,772,10,96032.2,1,1,1,75825.6,0,Spain,Male,41
1790,698,7,105062.0,3,1,0,107815.0,1,France,Female,40
1791,718,2,0.0,2,0,0,26229.2,0,France,Male,27
1792,748,3,103499.0,2,0,0,38153.2,0,Germany,Female,40
1793,768,5,51116.3,1,1,1,70454.8,1,France,Female,26
1794,581,6,0.0,1,1,1,22442.1,0,France,Female,55
1795,708,0,126589.0,2,0,1,132730.0,1,France,Female,47
1796,806,5,113959.0,1,0,1,32126.0,0,France,Male,34
1797,525,7,153644.0,1,1,1,63197.9,0,France,Male,26
1798,588,8,154410.0,1,1,0,49324.0,1,France,Male,44
1799,551,2,144259.0,1,1,0,49778.8,0,France,Female,26
1800,649,2,0.0,2,1,1,66602.7,0,France,Female,46
1801,742,1,114292.0,1,1,0,31520.4,0,Germany,Female,21
1802,648,0,0.0,1,1,1,167932.0,0,France,Male,34
1803,555,8,102000.0,1,1,1,116757.0,0,France,Female,27
1804,835,10,130420.0,2,0,0,106277.0,0,Germany,Female,29
1805,678,4,0.0,1,1,0,125518.0,0,France,Female,35
1806,646,4,0.0,3,1,0,93251.4,1,France,Female,46
1807,759,4,105420.0,1,0,1,121409.0,0,France,Male,42
1808,679,4,0.0,1,0,0,172939.0,1,France,Female,39
1809,709,8,124696.0,2,1,0,145251.0,0,Germany,Male,28
1810,454,2,123177.0,1,1,0,148310.0,0,Spain,Male,40
1811,660,5,85089.3,1,1,1,71638.0,0,Germany,Male,24
1812,651,8,110068.0,1,1,0,127679.0,1,Germany,Male,35
1813,529,5,0.0,2,1,0,56518.0,0,Spain,Female,35
1814,507,2,0.0,2,1,0,97633.9,0,France,Female,35
1815,713,6,116981.0,2,0,1,76038.4,0,Spain,Male,38
1816,686,3,74274.9,3,1,0,64907.5,1,Spain,Male,45
1817,732,9,0.0,2,1,0,183147.0,0,France,Female,43
1818,686,6,149239.0,1,1,1,97825.2,0,France,Male,38
1819,704,10,102556.0,2,1,0,171971.0,1,Germany,Female,39
1820,484,8,149350.0,3,0,0,137520.0,1,Germany,Female,55
1821,596,8,0.0,1,1,0,121189.0,1,France,Male,33
1822,723,4,0.0,2,1,0,37214.4,0,Spain,Female,45
1823,696,8,0.0,2,1,1,196134.0,0,France,Female,30
1824,506,3,190353.0,1,1,0,78365.8,0,Germany,Female,59
1825,820,4,0.0,2,1,0,31422.7,0,France,Male,36
1826,692,2,120597.0,1,0,1,180491.0,0,Germany,Male,24
1827,708,10,105356.0,1,1,0,123.07,1,France,Male,52
1828,672,9,0.0,2,1,0,161801.0,0,France,Male,34
1829,637,7,135843.0,1,1,1,101418.0,0,Germany,Female,27
1830,607,3,98205.8,1,1,0,176318.0,0,Germany,Male,38
1831,670,4,102955.0,2,0,1,134942.0,0,Germany,Female,32
1832,543,0,128844.0,1,1,1,134612.0,0,France,Female,67
1833,548,9,108438.0,1,0,0,127023.0,1,Germany,Male,49
1834,598,4,98365.3,1,1,1,44251.3,0,Spain,Female,56
1835,838,9,123106.0,2,1,0,145766.0,0,Spain,Male,43
1836,564,0,125176.0,1,1,1,72757.3,0,Spain,Male,31
1837,646,0,154440.0,1,1,0,171519.0,0,Germany,Male,39
1838,668,6,102483.0,1,1,1,53994.6,0,France,Female,35
1839,714,9,46520.7,1,1,1,96687.2,0,France,Male,40
1840,586,2,0.0,2,1,1,92067.4,0,Spain,Female,28
1841,634,3,116251.0,1,0,1,42429.9,1,Germany,Female,56
1842,626,7,0.0,2,1,0,49361.8,0,Spain,Male,29
1843,655,1,135516.0,1,1,0,86014.0,0,Spain,Female,36
1844,629,3,0.0,2,1,1,15404.6,0,Spain,Male,32
1845,653,2,154741.0,2,0,0,25183.0,0,Germany,Male,31
1846,814,4,0.0,2,1,1,142029.0,0,France,Female,31
1847,453,5,0.0,3,1,0,83008.5,1,Spain,Female,42
1848,792,1,0.0,1,0,1,86330.3,0,France,Male,34
1849,634,8,105303.0,1,1,1,123165.0,0,France,Male,34
1850,632,3,109741.0,1,1,0,141897.0,0,Spain,Female,40
1851,682,4,0.0,1,0,1,161465.0,0,France,Male,30
1852,603,9,0.0,1,0,0,148517.0,0,France,Male,45
1853,576,9,0.0,2,1,1,94451.0,0,France,Male,55
1854,511,4,0.0,1,1,0,1643.11,1,Spain,Female,66
1855,578,2,0.0,2,0,1,26389.9,0,France,Female,35
1856,479,9,123576.0,1,0,1,95148.3,0,Germany,Female,23
1857,435,3,0.0,1,1,0,156910.0,1,France,Male,54
1858,541,6,109845.0,1,1,0,25289.2,0,France,Female,39
1859,779,0,0.0,2,0,1,111906.0,0,France,Female,26
1860,669,10,0.0,2,1,0,176164.0,0,Spain,Male,22
1861,639,4,81550.9,2,0,1,118975.0,0,France,Female,38
1862,584,10,134172.0,4,1,1,70927.1,1,Germany,Female,37
1863,813,5,123616.0,1,0,1,132959.0,0,Germany,Female,25
1864,712,6,0.0,2,1,1,190686.0,0,France,Female,33
1865,694,4,0.0,2,1,1,11525.7,0,France,Female,22
1866,514,3,106512.0,1,1,0,55072.3,0,France,Female,46
1867,642,4,0.0,2,1,1,195225.0,0,France,Male,36
1868,650,7,129668.0,1,0,0,42028.2,0,Spain,Female,50
1869,651,4,0.0,2,1,1,147716.0,0,France,Male,40
1870,703,9,0.0,2,0,1,2151.17,0,France,Male,28
1871,649,5,155393.0,1,1,1,87351.4,1,Germany,Female,50
1872,595,5,100684.0,1,1,1,178361.0,0,Spain,Female,30
1873,627,8,71240.3,1,0,1,127734.0,0,France,Male,43
1874,850,8,99987.0,1,1,0,196583.0,0,France,Male,28
1875,678,1,0.0,2,1,1,102473.0,0,Spain,Female,49
1876,651,7,40224.7,1,1,1,178341.0,0,Germany,Female,24
1877,825,1,0.0,2,1,1,42935.1,0,Spain,Female,32
1878,488,4,140002.0,1,1,0,123614.0,0,Germany,Female,33
1879,702,5,138598.0,2,1,1,41536.6,1,Germany,Female,60
1880,790,9,0.0,2,1,0,84126.8,0,France,Female,31
1881,799,7,0.0,2,0,1,140781.0,0,Spain,Male,35
1882,709,2,87814.9,1,1,0,138578.0,0,France,Female,32
1883,740,1,129575.0,1,1,1,123300.0,0,France,Male,33
1884,609,1,39344.8,1,1,1,178292.0,1,France,Male,37
1885,670,1,97792.2,1,0,0,120226.0,0,Spain,Male,43
1886,505,10,122454.0,2,1,1,52694.0,0,Germany,Female,37
1887,752,10,101648.0,2,1,0,172001.0,0,Germany,Female,38
1888,481,10,0.0,2,1,0,145216.0,0,France,Female,28
1889,777,4,0.0,2,0,1,115612.0,0,France,Female,30
1890,708,4,71433.1,1,1,0,103698.0,0,Germany,Female,23
1891,599,4,51690.9,1,1,0,111623.0,1,Spain,Male,33
1892,682,9,57929.8,2,0,0,53134.3,0,Germany,Male,24
1893,608,6,0.0,2,1,1,143463.0,0,Spain,Female,35
1894,511,1,0.0,1,1,1,115779.0,1,France,Female,46
1895,714,4,0.0,2,1,1,37605.9,0,Spain,Male,29
1896,730,9,127662.0,1,0,0,60905.5,0,France,Female,32
1897,736,4,176135.0,1,1,1,52856.9,0,France,Male,43
1898,676,0,0.0,2,0,0,139912.0,0,Spain,Male,35
1899,690,5,0.0,1,1,0,12847.6,1,France,Male,54
1900,701,7,95448.3,2,1,0,189085.0,0,Germany,Male,36
1901,676,1,131660.0,2,0,1,14152.2,0,Spain,Male,48
1902,801,4,141948.0,1,1,1,10598.3,0,Spain,Male,42
1903,751,4,79281.6,1,1,0,117548.0,0,Spain,Male,33
1904,604,2,0.0,2,1,1,49506.8,0,France,Female,71
1905,570,0,0.0,1,1,0,37092.4,0,France,Female,29
1906,678,6,0.0,1,0,1,185367.0,0,Spain,Female,39
1907,627,0,146330.0,1,0,1,43615.7,0,France,Male,73
1908,623,7,126608.0,1,0,1,645.61,1,Germany,Male,50
1909,590,6,169903.0,1,1,1,128256.0,0,Spain,Male,37
1910,641,7,0.0,1,1,0,126997.0,0,France,Female,40
1911,703,1,141560.0,1,1,1,31257.1,1,Germany,Male,39
1912,537,4,124192.0,2,1,1,50881.5,0,Germany,Female,47
1913,850,8,126776.0,2,1,1,132298.0,0,Spain,Female,57
1914,624,0,133723.0,1,0,0,4859.59,1,Germany,Female,52
1915,668,9,0.0,1,0,1,134483.0,0,Spain,Female,69
1916,526,6,133845.0,2,1,1,45180.8,0,Germany,Male,61
1917,624,7,125164.0,2,1,1,151412.0,0,France,Female,62
1918,850,3,137714.0,1,0,1,159404.0,0,Germany,Male,32
1919,513,5,174853.0,1,1,0,84238.6,0,Spain,Female,31
1920,557,3,83074.0,1,1,0,132673.0,0,France,Male,34
1921,615,7,0.0,2,1,0,150784.0,0,France,Male,35
1922,804,7,0.0,2,1,1,118753.0,0,France,Male,55
1923,724,9,0.0,2,1,1,100240.0,0,France,Male,28
1924,418,7,90145.0,1,1,1,69157.9,0,France,Male,36
1925,556,8,168522.0,1,1,1,151310.0,0,Spain,Female,48
1926,474,5,0.0,2,1,0,181946.0,1,France,Male,33
1927,763,10,95153.8,1,0,1,81310.1,0,Spain,Female,32
1928,671,2,106377.0,1,0,1,158265.0,0,France,Male,45
1929,646,8,105398.0,1,1,0,78111.8,1,Germany,Male,32
1930,751,9,0.0,1,1,0,137508.0,1,France,Female,48
1931,627,2,137853.0,1,1,1,172269.0,1,Germany,Female,35
1932,625,5,164978.0,1,1,1,67788.5,0,France,Male,52
1933,819,9,122334.0,2,1,1,181507.0,0,France,Male,38
1934,786,0,83036.0,1,0,1,154991.0,1,France,Female,33
1935,721,7,137933.0,1,1,1,67976.6,0,Spain,Female,46
1936,547,8,155727.0,1,1,0,67790.0,0,Germany,Male,32
1937,762,10,115545.0,2,1,0,148256.0,0,Spain,Male,29
1938,840,1,87779.8,1,0,1,36687.1,1,Germany,Female,51
1939,691,5,40915.6,1,1,0,126214.0,1,France,Female,31
1940,573,9,134499.0,2,1,1,119925.0,0,Germany,Male,35
1941,744,9,0.0,2,0,0,20940.8,0,France,Female,38
1942,549,3,0.0,2,1,0,146090.0,0,France,Male,29
1943,549,6,124241.0,1,1,1,146373.0,0,Germany,Male,45
1944,684,9,100628.0,2,1,1,190264.0,0,Spain,Male,34
1945,525,10,0.0,3,1,0,171045.0,1,France,Male,51
1946,359,6,128748.0,1,1,0,146956.0,1,France,Female,44
1947,835,3,100212.0,1,1,0,152578.0,0,Spain,Male,45
1948,643,2,127842.0,1,1,0,172363.0,0,Germany,Male,41
1949,499,1,0.0,1,0,0,131372.0,1,France,Female,57
1950,599,3,0.0,2,1,1,120790.0,0,Spain,Male,25
1951,616,6,0.0,2,1,0,86242.2,0,France,Female,37
1952,627,5,139542.0,2,1,0,80607.3,0,Germany,Male,29
1953,581,9,78022.6,1,0,1,30662.9,0,Spain,Male,43
1954,680,0,0.0,1,1,0,136377.0,0,Spain,Male,42
1955,631,10,0.0,2,1,1,129509.0,0,Spain,Female,46
1956,681,7,0.0,2,1,1,55054.5,0,France,Female,63
1957,692,5,61582.0,1,1,1,70179.9,0,France,Male,28
1958,452,4,148172.0,1,1,1,4175.68,0,France,Male,35
1959,850,10,0.0,2,1,1,143030.0,0,Spain,Female,39
1960,526,7,125540.0,1,0,0,86786.4,0,France,Male,32
1961,558,4,0.0,1,1,0,131807.0,0,Spain,Male,45
1962,722,4,132089.0,1,1,1,128262.0,0,Spain,Female,50
1963,545,7,128981.0,1,0,1,176924.0,1,Germany,Female,60
1964,722,1,107234.0,2,1,0,24924.9,0,Germany,Male,29
1965,586,1,149815.0,1,1,0,31830.1,0,Germany,Male,32
1966,648,5,139974.0,1,1,1,667.66,1,Germany,Female,40
1967,628,3,0.0,1,1,1,188193.0,0,Spain,Female,33
1968,605,4,0.0,2,0,1,83700.7,0,France,Female,33
1969,670,2,57530.1,1,1,1,181893.0,1,France,Female,31
1970,565,6,0.0,1,1,1,63173.6,0,France,Male,34
1971,717,3,135757.0,1,1,1,103706.0,0,France,Female,41
1972,628,5,95826.5,2,1,0,155997.0,0,Germany,Male,27
1973,727,8,153345.0,1,1,1,163296.0,0,Germany,Male,21
1974,774,2,56580.9,1,1,0,113266.0,1,France,Female,52
1975,590,8,0.0,2,1,0,62933.0,0,France,Male,40
1976,639,1,141789.0,1,1,0,92456.0,0,Spain,Female,39
1977,757,8,130306.0,1,1,0,77469.4,0,France,Male,29
1978,715,8,0.0,2,1,0,68666.6,0,France,Male,21
1979,793,0,0.0,1,0,0,175544.0,0,France,Female,33
1980,596,1,138163.0,1,1,0,85412.5,0,France,Female,33
1981,833,2,0.0,2,1,1,182248.0,0,France,Male,47
1982,683,7,108798.0,2,0,0,140763.0,0,Germany,Female,49
1983,679,6,132598.0,2,1,1,184018.0,0,Germany,Female,50
1984,579,2,90547.5,2,1,1,18800.1,0,Germany,Male,31
1985,647,6,112669.0,1,0,1,122584.0,0,France,Female,35
1986,640,3,0.0,1,1,1,101663.0,0,Spain,Male,62
1987,775,8,109923.0,1,1,1,96823.3,1,France,Male,52
1988,842,1,63492.9,1,1,1,83172.2,0,France,Male,58
1989,675,9,0.0,1,1,0,134111.0,0,France,Male,28
1990,430,7,73937.0,1,1,0,161938.0,1,France,Female,60
1991,634,1,0.0,2,1,0,61995.6,0,Spain,Male,34
1992,644,5,44928.9,1,1,1,10771.5,0,France,Male,30
1993,640,6,84719.1,2,1,1,113049.0,0,France,Female,33
1994,569,0,151839.0,1,1,0,102300.0,1,Spain,Male,34
1995,542,3,135097.0,1,1,1,14353.4,1,France,Male,39
1996,818,4,0.0,2,1,1,167037.0,0,Spain,Male,26
1997,505,8,116933.0,1,1,0,91092.8,0,Spain,Male,35
1998,539,6,62052.3,1,0,1,59755.1,0,Spain,Female,39
1999,557,7,146445.0,2,1,0,184318.0,0,France,Female,28
2000,622,4,107073.0,2,1,1,30984.6,1,Spain,Female,46
2001,591,5,128469.0,1,0,1,137255.0,0,Spain,Male,58
2002,722,1,0.0,1,1,0,44560.2,1,Spain,Male,43
2003,581,4,170173.0,1,0,1,100236.0,0,Spain,Female,43
2004,472,5,0.0,2,1,0,108412.0,0,France,Female,26
2005,499,9,0.0,2,0,1,183042.0,0,France,Female,38
2006,607,2,164524.0,2,1,1,35786.8,0,Germany,Male,61
2007,664,8,0.0,2,1,1,139162.0,0,France,Male,55
2008,665,1,0.0,2,0,1,121506.0,0,France,Male,36
2009,850,8,119840.0,1,0,1,51016.0,1,Germany,Male,42
2010,685,7,0.0,2,1,0,103899.0,0,France,Female,40
2011,792,4,146711.0,1,1,0,16528.4,1,Germany,Female,50
2012,648,3,126936.0,2,0,1,57995.7,0,Germany,Female,39
2013,620,0,107549.0,1,1,0,71175.9,0,France,Male,37
2014,717,6,0.0,2,0,1,97614.9,0,France,Male,53
2015,750,5,0.0,2,0,1,105126.0,0,France,Male,22
2016,426,3,0.0,2,1,1,61230.8,0,France,Female,34
2017,699,10,125838.0,2,1,0,189393.0,0,Germany,Female,31
2018,620,9,121490.0,1,1,1,29296.7,0,Spain,Male,42
2019,696,3,150605.0,1,0,0,5566.6,0,Germany,Male,31
2020,531,0,109570.0,2,1,1,172050.0,0,Germany,Female,32
2021,539,3,139154.0,2,1,0,147662.0,0,France,Male,39
2022,682,8,148580.0,1,1,0,35179.2,0,France,Female,37
2023,582,2,151458.0,1,0,1,40893.6,0,France,Male,52
2024,731,2,0.0,2,1,0,136737.0,0,Spain,Female,39
2025,677,4,148771.0,2,1,1,191058.0,0,Germany,Female,44
2026,515,0,196854.0,1,1,1,132770.0,0,France,Female,37
2027,684,6,135204.0,2,1,1,121968.0,0,France,Female,41
2028,579,6,0.0,2,1,0,26149.2,0,France,Male,31
2029,526,1,0.0,1,1,0,160697.0,0,France,Male,36
2030,777,0,107363.0,1,1,0,487.3,0,Germany,Female,46
2031,764,9,168965.0,1,0,1,118983.0,0,Spain,Female,33
2032,503,8,104430.0,1,1,1,147558.0,0,France,Male,42
2033,619,3,141752.0,1,0,1,61531.9,0,Spain,Female,31
2034,674,6,72494.7,1,0,1,140042.0,0,France,Female,45
2035,660,6,180520.0,1,1,1,123851.0,0,Germany,Female,29
2036,689,2,0.0,1,1,1,82709.8,0,Spain,Male,38
2037,630,7,107512.0,1,0,1,46156.9,0,Spain,Male,41
2038,508,0,96213.8,2,1,0,147914.0,0,Germany,Male,28
2039,625,4,142712.0,1,1,0,35625.4,0,Germany,Female,37
2040,718,10,82321.9,1,0,1,11144.4,0,Spain,Female,49
2041,623,2,87116.7,1,1,1,104382.0,0,Spain,Female,50
2042,730,1,0.0,2,1,1,124365.0,0,France,Female,37
2043,594,5,156268.0,1,1,0,160968.0,0,France,Male,23
2044,515,2,0.0,2,1,1,136029.0,0,France,Male,33
2045,595,9,150463.0,2,0,1,81548.4,0,Germany,Female,41
2046,734,6,0.0,1,1,1,95135.3,0,Spain,Male,39
2047,624,3,0.0,2,1,1,62825.0,0,Spain,Male,46
2048,575,9,107916.0,2,1,1,63452.2,1,Germany,Male,47
2049,691,6,0.0,2,1,1,92811.2,0,France,Male,24
2050,492,7,0.0,2,1,1,49463.4,0,France,Female,31
2051,780,3,0.0,2,0,0,182157.0,1,France,Female,37
2052,791,6,111169.0,1,1,1,189970.0,0,France,Male,36
2053,732,7,0.0,2,1,0,154365.0,0,France,Male,26
2054,561,6,123692.0,1,1,1,70549.0,0,Spain,Male,28
2055,792,0,0.0,1,1,1,5557.88,1,Spain,Male,47
2056,518,5,138772.0,1,0,1,123872.0,0,France,Male,59
2057,660,5,127650.0,1,1,1,40368.6,0,France,Male,19
2058,555,10,43028.8,1,1,0,170514.0,0,France,Male,40
2059,405,10,0.0,1,1,0,160811.0,1,France,Male,39
2060,528,7,97473.9,2,1,1,159823.0,0,Spain,Male,43
2061,651,10,0.0,2,1,1,170099.0,0,France,Male,23
2062,588,4,99607.4,2,0,1,35877.0,0,France,Male,31
2063,678,4,129647.0,1,1,1,184125.0,1,Germany,Male,55
2064,663,8,123674.0,2,1,1,87985.2,0,Germany,Male,28
2065,680,10,123806.0,1,1,0,81776.8,1,France,Female,37
2066,842,2,112652.0,2,1,0,126645.0,0,Spain,Female,44
2067,646,2,0.0,2,0,0,198208.0,0,France,Female,33
2068,529,1,0.0,2,0,0,14161.3,0,Spain,Female,44
2069,722,8,0.0,2,1,1,133447.0,0,France,Male,34
2070,605,6,0.0,2,0,0,159509.0,0,France,Female,28
2071,762,5,119547.0,1,1,1,42693.6,0,France,Male,36
2072,597,8,131101.0,1,1,1,192853.0,0,Germany,Female,35
2073,743,5,108585.0,1,1,1,192127.0,1,Germany,Male,59
2074,837,8,103302.0,1,1,1,50974.6,0,France,Male,49
2075,550,8,122360.0,1,0,0,116496.0,0,France,Male,34
2076,693,4,152342.0,1,1,0,9241.78,0,France,Female,43
2077,665,5,160390.0,1,0,1,183542.0,0,France,Female,37
2078,601,4,60013.8,1,1,1,38020.1,0,France,Male,38
2079,677,5,123960.0,1,1,1,60590.7,1,Spain,Male,56
2080,681,8,0.0,1,1,0,66367.3,0,France,Male,29
2081,733,8,102918.0,1,1,1,45959.9,0,Spain,Male,35
2082,692,9,118945.0,1,0,0,16064.2,1,Spain,Male,28
2083,693,3,0.0,2,0,0,78133.5,1,France,Female,38
2084,501,6,104014.0,1,1,0,114774.0,0,Germany,Male,25
2085,601,3,141859.0,2,1,1,111250.0,0,Germany,Male,43
2086,699,1,123906.0,3,1,1,127444.0,1,Germany,Male,32
2087,850,2,128648.0,2,0,0,54416.2,0,Germany,Male,32
2088,732,10,61811.2,1,1,1,104223.0,0,France,Male,79
2089,747,8,102603.0,2,1,1,180694.0,0,Germany,Male,36
2090,847,5,111743.0,1,1,1,183584.0,0,Germany,Female,35
2091,850,5,127259.0,1,1,1,192744.0,1,Germany,Female,45
2092,528,1,156948.0,1,1,1,149912.0,1,France,Female,36
2093,584,10,0.0,2,1,0,19834.3,0,France,Male,28
2094,774,2,132194.0,2,1,1,162866.0,0,Germany,Male,42
2095,579,9,0.0,2,1,0,126839.0,0,France,Female,27
2096,721,1,0.0,2,1,0,70810.8,0,France,Female,37
2097,535,8,85982.1,1,1,0,9238.35,0,France,Male,38
2098,635,7,159454.0,2,0,0,54560.8,1,Spain,Male,50
2099,638,8,145178.0,1,1,0,193472.0,1,Germany,Male,42
2100,546,1,106075.0,1,1,1,23548.4,1,Germany,Female,52
2101,617,4,116471.0,2,1,0,175325.0,1,Germany,Female,37
2102,658,2,36567.0,1,1,0,103645.0,1,Spain,Female,31
2103,653,7,135847.0,1,1,0,144881.0,0,France,Male,37
2104,632,1,120599.0,1,1,0,92816.9,0,Spain,Male,38
2105,656,2,0.0,2,1,0,158974.0,0,France,Male,41
2106,738,6,106771.0,1,1,0,123499.0,0,France,Male,49
2107,472,1,0.0,2,1,1,48357.9,0,France,Female,37
2108,790,7,109509.0,1,0,0,86776.4,0,Spain,Female,41
2109,615,9,126105.0,2,0,1,110718.0,0,Germany,Female,44
2110,717,2,148062.0,1,1,0,179129.0,1,France,Male,36
2111,607,8,0.0,2,1,1,43196.5,0,France,Male,31
2112,572,2,126874.0,1,0,1,67040.1,0,Spain,Male,23
2113,687,2,0.0,3,0,0,188151.0,1,Spain,Female,39
2114,621,8,100375.0,1,1,1,90384.3,0,Germany,Female,31
2115,804,8,0.0,2,0,1,147996.0,0,France,Female,71
2116,697,5,133088.0,1,1,0,64771.6,0,France,Male,35
2117,652,10,107304.0,2,0,0,44435.8,0,France,Male,27
2118,652,8,156824.0,2,1,0,198252.0,0,Spain,Male,28
2119,827,8,143002.0,2,1,0,108978.0,0,Germany,Female,47
2120,850,7,118004.0,1,1,0,183984.0,0,France,Female,33
2121,723,10,90450.0,2,0,0,103379.0,1,Germany,Female,47
2122,656,5,127864.0,1,1,0,87107.6,0,France,Male,45
2123,496,2,0.0,2,1,0,55389.6,0,Spain,Male,29
2124,593,4,161638.0,1,1,1,20008.5,0,Spain,Male,35
2125,684,4,139724.0,1,1,1,120612.0,0,Spain,Female,39
2126,745,6,131185.0,1,1,1,49815.6,0,France,Female,40
2127,594,3,62391.2,1,1,1,192434.0,0,France,Male,61
2128,457,10,134320.0,2,1,0,150757.0,0,France,Male,40
2129,680,3,0.0,2,1,0,86935.1,0,France,Male,44
2130,635,8,130796.0,2,1,1,43250.3,0,France,Female,48
2131,543,5,0.0,2,1,0,117832.0,0,Spain,Male,23
2132,437,0,102721.0,1,0,0,22191.8,0,France,Female,39
2133,594,9,0.0,1,0,1,5719.11,0,France,Female,31
2134,608,5,0.0,2,1,1,72462.2,0,France,Female,41
2135,634,9,149961.0,1,1,0,57121.5,0,France,Male,44
2136,797,8,0.0,1,0,0,125110.0,0,France,Male,45
2137,691,6,0.0,2,1,0,164075.0,0,France,Female,33
2138,696,2,163139.0,1,1,1,7035.36,0,France,Male,33
2139,751,9,108513.0,2,1,1,27097.8,0,Germany,Male,34
2140,516,4,0.0,1,1,0,95273.7,1,France,Female,45
2141,727,6,140419.0,1,1,1,113034.0,1,Germany,Male,36
2142,846,6,127104.0,1,1,1,41516.4,0,France,Female,37
2143,614,10,75212.3,1,1,0,58965.0,0,Spain,Female,25
2144,745,9,110124.0,1,0,1,51548.1,1,France,Female,55
2145,612,9,106521.0,2,1,0,177092.0,0,Germany,Male,32
2146,619,2,56116.3,2,0,0,2181.94,0,Germany,Female,31
2147,649,5,92786.7,1,1,0,173366.0,1,France,Female,45
2148,674,6,0.0,2,1,1,9574.83,0,Spain,Female,39
2149,800,7,108007.0,1,0,0,47125.1,0,France,Female,49
2150,476,1,105304.0,1,0,1,134260.0,0,Spain,Female,69
2151,724,2,154486.0,2,0,0,78560.6,0,France,Male,34
2152,625,1,0.0,2,1,1,180970.0,0,France,Female,24
2153,710,2,0.0,2,1,0,72945.3,0,France,Female,33
2154,667,9,154393.0,1,1,1,137675.0,1,Germany,Male,55
2155,690,1,94456.0,2,0,1,55034.0,0,France,Male,38
2156,705,4,72252.6,2,1,1,142515.0,0,Germany,Male,41
2157,631,10,0.0,2,0,1,196343.0,0,France,Male,32
2158,695,3,0.0,2,1,1,30793.6,0,France,Male,45
2159,613,9,67111.6,1,1,0,78566.6,1,Germany,Male,38
2160,472,4,0.0,2,1,0,1801.77,0,Spain,Female,28
2161,663,6,156218.0,1,0,1,33607.7,0,France,Male,40
2162,485,2,75339.6,1,1,1,70665.2,0,France,Female,39
2163,645,8,0.0,2,1,1,12096.6,1,France,Female,36
2164,641,6,153591.0,2,1,1,130911.0,0,France,Male,50
2165,599,4,126834.0,2,1,0,60843.1,1,Spain,Female,28
2166,537,3,0.0,1,1,1,91406.6,0,France,Female,53
2167,677,8,130866.0,1,1,0,42410.2,0,Spain,Female,25
2168,791,4,0.0,1,1,0,174435.0,0,France,Male,28
2169,489,5,117290.0,1,0,0,85231.9,0,France,Female,38
2170,654,9,84673.2,2,0,1,82081.4,0,Germany,Male,43
2171,459,5,109388.0,1,1,0,155721.0,0,Germany,Male,50
2172,564,4,0.0,1,1,0,158938.0,0,France,Male,35
2173,604,6,0.0,2,1,1,69056.3,0,Spain,Female,28
2174,639,5,98186.7,1,0,1,173387.0,0,France,Male,37
2175,671,3,0.0,2,1,1,128449.0,0,Spain,Female,42
2176,673,8,79563.4,2,1,1,172201.0,0,France,Male,51
2177,597,8,149989.0,1,1,0,42330.6,0,France,Female,26
2178,813,1,122890.0,1,1,1,26476.2,0,France,Male,32
2179,704,6,95452.9,1,0,1,179965.0,0,France,Female,40
2180,807,0,0.0,2,0,1,85523.2,0,Spain,Female,43
2181,523,1,163894.0,1,0,1,57061.7,0,Germany,Male,60
2182,697,7,0.0,2,1,1,74760.3,0,France,Male,36
2183,470,2,101675.0,2,1,0,45033.8,0,Spain,Female,31
2184,691,9,163966.0,2,0,1,103511.0,0,Germany,Male,38
2185,704,10,122110.0,1,1,1,127654.0,0,Spain,Male,24
2186,482,5,147813.0,2,0,0,109030.0,0,France,Female,35
2187,474,3,98431.4,1,0,0,75698.4,0,France,Male,37
2188,621,6,0.0,2,1,1,58883.9,0,France,Male,39
2189,606,5,108166.0,2,0,1,8643.21,0,France,Male,61
2190,727,9,121508.0,1,1,1,146785.0,0,France,Female,26
2191,744,2,153804.0,1,1,1,87213.3,0,Spain,Male,36
2192,616,7,116937.0,1,1,1,104379.0,0,Germany,Female,57
2193,688,9,103400.0,1,0,0,129871.0,0,Germany,Male,45
2194,840,8,136292.0,1,1,0,54113.4,0,France,Male,30
2195,574,7,0.0,2,0,0,185660.0,0,Spain,Female,28
2196,647,7,121260.0,2,1,0,77216.5,0,Spain,Male,33
2197,779,10,99786.2,1,1,0,86927.5,0,France,Female,41
2198,550,10,128707.0,1,1,0,63092.6,1,Germany,Female,42
2199,776,8,125212.0,2,1,0,144496.0,0,France,Male,39
2200,720,8,156283.0,1,1,0,45985.5,0,Germany,Female,37
2201,698,5,164451.0,1,1,0,141970.0,1,Spain,Male,45
2202,606,5,63832.4,1,1,1,93707.8,0,Germany,Male,45
2203,652,2,119149.0,1,0,0,149740.0,0,France,Male,31
2204,663,1,82228.7,2,1,0,71359.8,0,France,Female,42
2205,657,2,171771.0,1,1,0,22745.5,0,Germany,Male,25
2206,541,7,127505.0,1,0,0,86173.9,0,France,Male,29
2207,574,5,120355.0,1,1,0,137793.0,0,Spain,Male,30
2208,476,10,0.0,2,1,0,26261.0,0,France,Female,34
2209,792,2,0.0,2,1,0,92664.1,0,France,Female,42
2210,718,2,0.0,1,1,0,126337.0,0,France,Male,29
2211,544,9,0.0,1,1,0,125692.0,1,Spain,Female,53
2212,602,7,0.0,2,1,1,162347.0,0,France,Male,59
2213,792,0,99045.9,2,1,0,47160.0,0,France,Female,42
2214,754,4,0.0,2,1,0,44830.7,0,France,Female,35
2215,542,8,142871.0,2,0,0,77737.9,0,Germany,Male,33
2216,698,4,0.0,2,0,1,47455.8,0,France,Female,39
2217,667,4,0.0,2,0,0,180330.0,0,France,Male,24
2218,472,1,159398.0,1,0,1,57323.2,0,Spain,Female,32
2219,563,0,148326.0,1,1,0,191604.0,1,France,Female,32
2220,689,0,130171.0,2,1,0,150856.0,0,Germany,Male,45
2221,658,5,145553.0,1,1,1,31484.8,0,Spain,Female,32
2222,625,4,77743.0,2,1,0,75335.7,0,Germany,Male,31
2223,559,9,0.0,1,1,1,122997.0,0,France,Female,70
2224,520,4,93249.4,1,1,0,77335.8,0,France,Male,31
2225,554,10,160133.0,1,1,0,32824.1,0,France,Female,39
2226,832,2,0.0,1,0,1,127805.0,1,France,Male,61
2227,722,4,0.0,2,1,1,113666.0,0,Spain,Female,32
2228,850,3,104911.0,2,1,1,42933.3,0,Germany,Female,30
2229,794,8,0.0,2,1,1,24113.9,0,France,Male,30
2230,638,9,103418.0,1,1,1,15336.4,0,France,Female,29
2231,521,2,127949.0,1,1,1,182765.0,0,Germany,Female,49
2232,493,3,134007.0,1,1,0,89578.3,0,France,Male,38
2233,634,1,69519.0,1,1,0,116238.0,0,France,Female,36
2234,731,8,0.0,2,1,1,170338.0,0,France,Male,37
2235,444,7,0.0,2,0,1,138744.0,0,France,Male,36
2236,684,1,126817.0,2,1,1,29995.8,1,Germany,Male,37
2237,662,9,104509.0,2,0,0,73107.5,0,Spain,Male,20
2238,520,3,0.0,2,1,1,104704.0,0,France,Male,34
2239,745,5,0.0,2,0,0,145790.0,0,France,Male,47
2240,545,6,0.0,1,0,0,38410.7,1,Spain,Female,39
2241,413,9,0.0,2,0,0,6534.18,0,France,Male,34
2242,438,4,0.0,2,1,0,64420.5,0,France,Female,36
2243,646,4,139848.0,1,1,0,164696.0,0,France,Male,26
2244,681,3,118200.0,2,1,0,9452.88,1,Germany,Male,42
2245,696,4,174902.0,1,1,0,69079.9,0,Germany,Female,35
2246,792,6,71269.9,2,0,1,125913.0,0,France,Male,31
2247,771,10,108309.0,4,1,1,137510.0,1,France,Female,41
2248,628,8,0.0,1,0,0,144367.0,1,Spain,Male,50
2249,518,9,85146.4,1,0,0,2803.89,0,France,Female,28
2250,500,1,100375.0,1,1,0,118491.0,1,France,Male,56
2251,600,1,142663.0,1,0,1,88669.9,0,France,Male,37
2252,679,7,160515.0,1,1,0,121904.0,0,France,Male,34
2253,536,8,0.0,2,1,0,64833.3,0,France,Male,35
2254,628,6,175444.0,1,1,0,113167.0,1,France,Female,31
2255,692,9,0.0,2,1,0,178343.0,0,Spain,Female,49
2256,622,1,143125.0,2,1,0,81723.8,0,Germany,Female,28
2257,639,5,130171.0,1,1,1,149600.0,0,Germany,Male,38
2258,586,2,138554.0,1,1,1,92406.2,0,France,Male,51
2259,526,1,0.0,1,0,1,168486.0,0,France,Male,42
2260,631,7,0.0,2,0,1,125877.0,0,France,Male,29
2261,717,9,138490.0,1,1,1,68400.1,0,France,Female,76
2262,540,9,87271.4,2,1,0,172573.0,0,Germany,Female,42
2263,652,3,124833.0,1,1,0,195877.0,0,Spain,Female,33
2264,730,4,167545.0,1,1,0,128247.0,0,France,Female,41
2265,595,7,120962.0,1,0,0,23305.0,0,France,Female,39
2266,641,2,146194.0,2,1,1,55796.8,1,France,Male,33
2267,696,4,172647.0,1,1,1,116471.0,0,France,Male,28
2268,799,4,161210.0,1,1,1,89081.4,0,France,Female,52
2269,696,5,0.0,2,1,0,55022.4,0,Spain,Female,51
2270,677,8,146721.0,2,1,1,4195.84,0,Germany,Female,41
2271,701,7,123870.0,1,1,0,97794.7,0,Spain,Female,33
2272,488,10,112751.0,1,1,1,28332.0,0,France,Male,43
2273,786,9,0.0,2,1,0,133112.0,0,France,Male,32
2274,700,3,99705.7,2,0,0,146724.0,0,Germany,Female,28
2275,781,0,125023.0,2,1,1,108301.0,0,France,Male,20
2276,654,3,0.0,2,1,0,167889.0,0,France,Female,40
2277,753,1,110825.0,1,1,1,57896.3,0,Germany,Male,30
2278,850,10,0.0,2,1,1,100750.0,0,France,Female,36
2279,706,8,95386.8,1,1,1,75732.2,0,Spain,Female,42
2280,725,1,50881.0,2,1,1,184024.0,0,Germany,Male,39
2281,755,4,123218.0,2,0,1,144183.0,0,France,Male,30
2282,648,6,157560.0,2,1,0,140991.0,1,Spain,Female,56
2283,644,3,136660.0,1,1,1,14187.8,0,Spain,Male,32
2284,737,1,101961.0,1,1,1,123547.0,0,France,Male,41
2285,708,8,192391.0,2,1,0,823.36,0,Germany,Female,42
2286,581,0,53291.9,1,0,0,196582.0,0,Spain,Male,30
2287,835,2,142872.0,1,1,1,117633.0,0,Germany,Male,18
2288,729,4,97268.1,2,1,0,39356.4,0,Germany,Male,26
2289,501,4,95331.8,2,1,0,132105.0,0,Germany,Male,27
2290,758,9,95523.2,1,1,0,73294.5,0,Germany,Female,47
2291,709,4,148375.0,2,1,1,21521.4,0,Germany,Male,34
2292,717,5,0.0,2,1,0,172665.0,0,France,Male,42
2293,720,10,110823.0,1,0,0,72861.9,0,Germany,Female,43
2294,470,1,96473.6,1,0,0,5962.3,0,France,Male,35
2295,509,6,0.0,2,1,0,180599.0,0,France,Male,30
2296,639,5,98635.8,1,1,0,199971.0,0,Germany,Female,41
2297,764,5,0.0,2,0,1,105156.0,0,France,Male,30
2298,710,8,0.0,2,0,0,83206.2,0,Spain,Female,36
2299,652,2,176167.0,2,1,1,152211.0,0,France,Male,30
2300,441,1,140614.0,1,0,1,174381.0,0,France,Male,60
2301,727,3,115248.0,4,1,0,130752.0,1,Germany,Male,46
2302,593,8,112713.0,1,1,1,176869.0,0,Spain,Male,31
2303,850,8,73059.4,1,1,1,186281.0,0,France,Male,33
2304,619,2,0.0,1,1,1,101349.0,1,France,Female,42
2305,634,1,0.0,2,1,1,176913.0,0,Spain,Male,52
2306,579,1,65667.8,2,0,0,164609.0,0,France,Female,33
2307,711,3,0.0,2,1,0,68487.5,0,France,Male,38
2308,704,0,0.0,2,1,0,183038.0,0,France,Male,31
2309,682,0,122661.0,1,0,1,84803.8,0,Spain,Female,59
2310,516,9,0.0,2,0,1,33266.3,0,France,Female,40
2311,701,3,0.0,2,1,1,164268.0,0,France,Female,37
2312,598,3,91536.9,1,1,0,191469.0,1,Germany,Male,41
2313,504,7,102365.0,1,1,0,194691.0,1,Germany,Female,43
2314,521,6,0.0,2,0,1,27375.2,0,France,Female,39
2315,735,7,179904.0,1,1,1,137181.0,0,France,Male,41
2316,593,5,161434.0,2,1,1,65532.2,0,Germany,Male,74
2317,657,8,107175.0,1,1,1,126370.0,1,Germany,Male,57
2318,789,6,110689.0,1,1,1,71121.0,1,Germany,Female,37
2319,614,8,75150.3,4,0,1,131767.0,1,France,Female,37
2320,727,9,101192.0,1,1,1,34551.4,1,Germany,Male,37
2321,714,0,124693.0,1,0,1,187194.0,0,Spain,Male,45
2322,599,2,188977.0,2,0,1,176142.0,0,Germany,Male,39
2323,659,2,0.0,1,1,0,177480.0,1,Spain,Male,60
2324,641,3,0.0,2,1,0,116466.0,0,France,Female,38
2325,566,2,120787.0,2,1,1,52198.8,0,Spain,Male,63
2326,598,8,118210.0,2,0,0,60192.1,1,Germany,Male,59
2327,850,6,0.0,2,1,0,109291.0,0,France,Male,37
2328,749,2,56726.8,2,0,1,185543.0,0,France,Male,42
2329,597,3,0.0,1,1,1,70532.5,0,Spain,Female,66
2330,640,5,90402.8,1,1,1,3298.65,0,Germany,Male,26
2331,696,6,139781.0,1,1,0,27445.4,1,France,Male,52
2332,553,1,0.0,2,0,0,23822.0,0,France,Male,42
2333,716,6,0.0,2,1,1,98998.6,0,France,Female,29
2334,656,9,97092.9,1,1,0,74771.2,1,Germany,Female,49
2335,664,7,116244.0,2,1,1,95145.1,0,Germany,Male,26
2336,762,7,117687.0,1,1,1,159344.0,0,France,Male,31
2337,603,8,0.0,2,1,1,169915.0,0,France,Male,31
2338,605,7,142644.0,1,1,0,189310.0,0,Spain,Male,47
2339,512,5,124581.0,1,1,1,18785.5,0,Spain,Female,35
2340,647,8,0.0,2,1,1,91055.3,0,France,Male,28
2341,534,5,104822.0,1,0,1,160176.0,0,France,Female,23
2342,618,9,44301.4,3,1,1,89729.3,1,France,Female,49
2343,497,8,128650.0,2,1,1,163642.0,0,Spain,Male,37
2344,774,2,93844.7,1,1,0,28415.4,0,France,Male,26
2345,640,6,89047.1,1,1,0,116286.0,0,Spain,Male,47
2346,516,10,104089.0,2,0,0,119666.0,0,France,Male,35
2347,738,9,139106.0,1,1,0,141872.0,1,Germany,Female,29
2348,702,9,74989.6,1,1,1,171015.0,0,France,Male,45
2349,648,9,120633.0,1,0,0,5924.38,1,France,Female,54
2350,740,9,0.0,1,1,0,199291.0,1,Spain,Male,43
2351,667,3,106116.0,2,1,0,3674.71,0,Germany,Female,27
2352,684,6,135872.0,1,1,1,87219.4,0,France,Male,35
2353,543,3,122305.0,2,0,0,33998.7,0,Germany,Female,37
2354,662,7,140302.0,1,0,1,179259.0,0,Spain,Female,72
2355,550,9,129848.0,2,1,0,197325.0,0,Germany,Male,35
2356,593,2,0.0,1,1,1,5194.95,0,Spain,Female,40
2357,594,0,197042.0,1,0,0,151912.0,0,France,Male,27
2358,622,9,115766.0,1,0,0,72155.9,1,Germany,Male,42
2359,707,3,109628.0,1,1,0,189366.0,0,Germany,Female,40
2360,729,2,94203.8,1,0,1,102391.0,0,France,Male,67
2361,672,1,142152.0,2,1,1,168753.0,0,France,Female,34
2362,627,5,184245.0,1,1,0,103099.0,0,Germany,Male,23
2363,683,7,50911.2,3,0,0,97629.3,1,Spain,Male,56
2364,605,2,61319.6,1,0,1,186655.0,0,Germany,Male,75
2365,850,10,153973.0,2,1,0,62811.0,0,France,Male,30
2366,443,2,0.0,1,1,0,159166.0,0,France,Male,44
2367,658,3,168736.0,2,0,0,70370.2,0,Germany,Male,37
2368,712,7,93979.0,2,1,0,60651.8,0,Germany,Male,37
2369,575,8,0.0,2,1,0,185342.0,0,Spain,Female,30
2370,631,8,129205.0,1,1,1,79146.4,0,France,Male,35
2371,644,8,0.0,2,1,1,155294.0,0,France,Male,33
2372,693,1,145119.0,1,0,1,77742.4,0,Spain,Male,28
2373,812,6,0.0,2,0,0,168024.0,0,France,Male,29
2374,753,7,128519.0,1,1,1,44567.8,1,France,Female,36
2375,612,9,142910.0,1,1,0,105891.0,1,Germany,Male,30
2376,714,6,152927.0,1,1,1,50899.9,0,Spain,Female,31
2377,729,1,131513.0,1,1,1,193715.0,0,Germany,Female,39
2378,585,2,0.0,2,1,1,18657.8,0,France,Male,42
2379,693,4,0.0,2,0,0,156381.0,0,France,Male,41
2380,682,4,0.0,1,0,1,105353.0,0,France,Male,40
2381,685,4,111798.0,2,1,1,102185.0,0,Germany,Male,38
2382,703,8,160140.0,2,1,1,79314.1,0,France,Male,50
2383,781,3,89276.5,1,1,0,6959.0,0,France,Male,33
2384,846,5,0.0,1,1,1,187616.0,0,France,Female,38
2385,686,5,154846.0,2,1,1,151904.0,0,Germany,Female,43
2386,745,8,0.0,1,1,0,173912.0,1,Spain,Female,54
2387,579,5,117721.0,1,0,1,192147.0,1,Germany,Female,50
2388,502,3,101465.0,1,1,0,43568.3,1,Germany,Female,57
2389,693,8,0.0,2,1,1,158545.0,0,France,Female,28
2390,629,6,0.0,2,1,1,139356.0,0,France,Female,40
2391,616,6,0.0,2,1,1,43001.5,0,Spain,Female,32
2392,563,7,0.0,2,0,0,6139.74,0,Spain,Male,26
2393,458,9,0.0,2,1,0,116343.0,0,France,Female,39
2394,640,9,116038.0,1,0,1,184636.0,0,France,Female,66
2395,576,9,0.0,2,1,0,112465.0,1,France,Male,40
2396,742,6,97067.7,1,0,1,60920.0,1,Germany,Female,43
2397,566,4,120100.0,1,1,0,107563.0,1,Germany,Male,65
2398,807,1,0.0,1,0,0,114448.0,0,France,Female,34
2399,484,8,0.0,2,1,0,186136.0,0,Spain,Male,36
2400,589,7,92618.6,1,1,1,101179.0,0,Germany,Female,41
2401,588,3,120778.0,1,1,1,131730.0,0,France,Female,34
2402,585,6,105796.0,1,1,1,41219.1,0,France,Female,28
2403,619,10,0.0,1,1,1,147094.0,1,France,Female,40
2404,754,3,161609.0,1,1,0,8080.85,1,Germany,Female,55
2405,692,4,109699.0,1,1,1,37898.9,0,Spain,Female,34
2406,572,8,68348.2,2,0,1,50400.3,0,France,Female,36
2407,649,4,68345.9,2,1,1,142567.0,0,Germany,Male,78
2408,613,1,187842.0,2,1,1,147224.0,0,France,Female,45
2409,632,7,155520.0,1,1,0,1843.24,0,Spain,Male,28
2410,573,9,125322.0,2,1,1,130235.0,0,France,Female,32
2411,678,1,145751.0,1,0,0,109718.0,1,Germany,Female,51
2412,570,1,127202.0,1,1,0,147168.0,1,Germany,Male,38
2413,758,2,0.0,2,1,1,43982.4,0,Spain,Male,61
2414,700,7,0.0,2,0,1,145152.0,0,Spain,Male,31
2415,611,1,0.0,2,1,1,102548.0,0,France,Male,40
2416,512,5,0.0,2,1,1,146458.0,0,France,Male,40
2417,588,1,143280.0,2,1,0,31580.8,1,Germany,Female,48
2418,712,9,0.0,1,1,1,117977.0,1,Spain,Male,52
2419,534,4,0.0,2,0,0,9541.15,0,Spain,Male,35
2420,786,2,120452.0,2,0,0,79602.9,0,France,Male,32
2421,702,7,98775.2,1,1,0,114604.0,0,Germany,Female,23
2422,717,4,0.0,1,1,1,167573.0,0,France,Male,35
2423,529,5,0.0,2,1,0,26817.2,0,France,Female,31
2424,486,2,0.0,2,1,1,31399.4,0,France,Male,26
2425,627,7,0.0,2,0,1,193022.0,0,France,Female,35
2426,567,4,0.0,2,0,1,121053.0,0,France,Female,45
2427,793,5,127758.0,1,1,0,143357.0,0,Germany,Female,34
2428,577,3,121092.0,2,0,1,143783.0,0,France,Male,36
2429,715,7,0.0,1,1,1,141359.0,0,France,Male,40
2430,697,3,108071.0,2,1,1,16445.8,0,Germany,Female,74
2431,703,1,0.0,1,1,0,182784.0,1,Spain,Female,45
2432,569,1,67087.7,1,1,0,154776.0,0,France,Male,36
2433,535,5,141617.0,2,1,1,75888.6,0,Germany,Female,53
2434,624,6,0.0,2,0,1,196669.0,0,Spain,Female,23
2435,691,6,101071.0,1,1,0,177356.0,1,France,Female,60
2436,693,2,116547.0,2,0,0,23140.3,1,Germany,Male,45
2437,621,7,136659.0,1,1,1,148689.0,0,France,Male,31
2438,679,7,91187.9,1,0,1,6075.36,0,Spain,Female,39
2439,692,1,125548.0,1,0,0,7900.46,0,France,Male,27
2440,637,9,113914.0,1,0,1,65316.5,0,France,Female,33
2441,744,1,124037.0,1,1,1,142211.0,0,Spain,Female,30
2442,627,3,143426.0,2,1,1,143104.0,0,Germany,Male,62
2443,683,5,144962.0,1,0,1,26796.7,0,Germany,Male,35
2444,729,9,0.0,2,1,0,151869.0,0,France,Male,30
2445,457,7,0.0,2,0,0,185992.0,0,Spain,Male,44
2446,632,8,127205.0,4,1,0,93874.9,1,Germany,Male,41
2447,711,3,130181.0,2,1,0,31811.4,0,France,Female,29
2448,625,7,0.0,1,1,0,164804.0,0,France,Female,38
2449,573,8,0.0,2,0,0,62424.5,0,Spain,Male,44
2450,596,6,121346.0,4,1,0,41921.8,1,Spain,Male,30
2451,760,7,0.0,2,1,1,105969.0,0,France,Female,32
2452,634,3,111433.0,2,1,1,167032.0,0,Germany,Male,37
2453,794,7,0.0,2,1,1,74275.1,0,France,Female,41
2454,624,9,74681.9,2,0,0,31231.3,0,France,Male,26
2455,575,1,0.0,2,1,1,65998.3,0,France,Male,46
2456,592,0,0.0,2,1,0,65906.1,0,Spain,Male,41
2457,651,0,181822.0,2,0,1,36923.7,1,France,Male,35
2458,562,6,161629.0,1,1,0,91482.5,0,Spain,Male,32
2459,602,3,107593.0,2,0,1,153123.0,0,Spain,Male,37
2460,762,7,159317.0,1,0,0,24780.1,0,France,Female,44
2461,805,5,165272.0,1,1,0,14109.8,1,Spain,Female,39
2462,682,10,128039.0,1,1,1,102260.0,0,Spain,Female,50
2463,718,3,97560.2,1,1,1,53511.7,0,France,Male,35
2464,619,0,0.0,2,0,0,113645.0,0,Spain,Female,45
2465,630,7,79656.8,1,1,0,93524.2,0,Germany,Female,25
2466,664,5,98668.2,1,1,1,60887.6,0,France,Male,58
2467,596,2,0.0,2,1,1,12067.4,0,France,Male,36
2468,582,5,153314.0,1,0,0,170564.0,0,France,Female,43
2469,667,1,119267.0,1,1,1,28257.6,0,France,Male,31
2470,622,9,111974.0,1,1,1,162756.0,1,Germany,Female,52
2471,727,10,0.0,2,1,1,198637.0,0,France,Male,34
2472,459,4,149880.0,1,0,0,50016.2,0,France,Male,26
2473,701,9,140237.0,1,0,1,146652.0,0,France,Male,39
2474,793,0,0.0,2,0,1,27166.8,0,Spain,Male,63
2475,690,2,0.0,2,1,1,93255.9,0,Spain,Female,26
2476,762,3,125156.0,2,1,1,106024.0,0,Germany,Male,28
2477,429,4,95741.8,1,1,0,46170.8,0,France,Male,24
2478,689,1,165312.0,1,1,0,155496.0,0,France,Male,34
2479,750,1,151510.0,2,1,1,19921.7,0,France,Female,26
2480,695,2,0.0,2,1,1,99692.6,0,France,Male,37
2481,675,7,113209.0,2,1,0,34577.4,0,France,Male,40
2482,608,8,144976.0,1,0,0,175836.0,1,France,Female,62
2483,655,3,0.0,2,1,1,86981.5,0,France,Female,60
2484,616,9,0.0,1,1,1,166984.0,0,France,Male,29
2485,593,3,0.0,2,1,1,151978.0,0,France,Female,32
2486,618,3,133844.0,1,1,1,31406.9,0,France,Male,30
2487,699,9,127571.0,2,1,0,164757.0,0,Spain,Female,29
2488,596,7,121908.0,1,0,1,30314.0,0,Spain,Male,60
2489,714,10,103121.0,2,1,1,49672.0,0,Spain,Female,33
2490,499,6,0.0,2,1,1,81409.0,0,Spain,Male,39
2491,703,6,98862.5,1,1,0,151517.0,0,France,Male,44
2492,711,5,0.0,2,1,1,147720.0,0,Spain,Male,32
2493,546,2,0.0,1,0,0,197790.0,1,Spain,Female,45
2494,621,8,0.0,1,0,0,47972.6,0,Spain,Male,34
2495,687,7,0.0,2,1,1,177624.0,0,France,Female,47
2496,692,2,0.0,2,1,0,145223.0,0,France,Female,42
2497,535,5,134543.0,1,1,1,58203.7,1,Germany,Male,48
2498,727,1,93051.6,2,1,0,71865.3,1,Germany,Male,40
2499,615,5,113194.0,2,1,1,52166.2,0,Germany,Male,39
2500,662,9,0.0,2,1,1,44377.6,0,France,Female,22
2501,692,6,163505.0,1,0,0,90424.1,0,France,Male,40
2502,768,8,69712.7,1,1,1,69381.0,0,France,Male,54
2503,651,8,0.0,1,1,0,137453.0,0,France,Female,39
2504,646,7,0.0,2,1,0,153567.0,0,France,Male,30
2505,603,8,91611.1,1,0,0,144675.0,1,Spain,Female,42
2506,622,0,108960.0,2,1,0,111180.0,1,Spain,Female,36
2507,640,1,167298.0,1,0,1,145382.0,0,France,Female,33
2508,786,7,165896.0,2,1,1,66977.7,0,France,Male,37
2509,679,6,0.0,2,1,0,12266.1,0,Spain,Male,39
2510,515,9,113715.0,1,1,0,18424.2,1,Germany,Male,60
2511,695,5,0.0,2,0,0,102764.0,0,Spain,Female,39
2512,643,1,0.0,2,1,1,145764.0,0,Spain,Male,43
2513,779,1,158457.0,1,1,1,197001.0,1,Germany,Male,33
2514,850,5,0.0,2,1,0,16491.6,0,France,Male,38
2515,603,1,123408.0,1,1,0,152542.0,1,Germany,Male,35
2516,679,4,96110.2,1,1,0,1173.23,0,Spain,Male,33
2517,821,5,106454.0,2,0,1,127413.0,0,Germany,Female,37
2518,667,8,139753.0,1,1,0,79871.2,0,France,Male,36
2519,787,3,158373.0,1,1,1,28228.3,0,Germany,Female,38
2520,608,8,123935.0,1,1,1,65758.2,0,Spain,Male,66
2521,749,3,144769.0,1,1,0,93336.3,1,Germany,Male,54
2522,685,8,0.0,2,1,1,112239.0,0,France,Male,23
2523,630,2,112373.0,2,1,1,131168.0,0,Germany,Female,31
2524,669,9,0.0,2,0,0,135630.0,0,France,Female,42
2525,659,4,132579.0,2,1,0,84320.9,0,Germany,Male,36
2526,714,4,93059.3,1,1,0,7571.51,1,Germany,Female,49
2527,617,4,137295.0,2,1,1,91195.1,0,France,Female,24
2528,621,4,109979.0,1,0,0,177741.0,1,Germany,Male,51
2529,529,5,0.0,2,1,1,187288.0,0,Spain,Male,35
2530,534,3,0.0,1,0,0,143938.0,0,France,Male,38
2531,656,8,120048.0,1,1,1,137173.0,0,Spain,Male,28
2532,662,6,0.0,2,1,1,129393.0,0,France,Female,47
2533,629,6,0.0,1,1,1,16447.6,1,France,Female,31
2534,482,7,156353.0,1,1,0,72644.0,1,Germany,Male,45
2535,697,9,132739.0,2,0,0,174668.0,0,France,Male,42
2536,708,8,153366.0,1,1,1,26912.3,0,Germany,Male,37
2537,620,1,0.0,2,0,1,65565.9,0,France,Female,42
2538,627,1,94416.8,1,0,1,145300.0,0,France,Male,70
2539,706,10,144090.0,1,1,0,140939.0,1,Germany,Female,47
2540,415,5,145808.0,1,1,1,3064.65,0,France,Male,32
2541,723,5,0.0,2,0,1,12092.0,0,France,Male,34
2542,548,7,131468.0,1,1,0,164976.0,0,Spain,Male,39
2543,675,8,0.0,2,1,0,29062.2,0,Spain,Male,35
2544,660,7,0.0,2,0,1,146586.0,0,France,Male,38
2545,731,1,128932.0,1,1,1,180713.0,0,Spain,Female,37
2546,749,7,0.0,2,0,0,80134.6,0,Spain,Male,36
2547,603,2,0.0,2,1,0,174479.0,0,Spain,Male,46
2548,573,5,0.0,2,0,1,14479.3,0,Spain,Male,41
2549,755,9,117036.0,1,1,1,21862.2,0,France,Male,29
2550,668,0,0.0,1,0,0,99984.9,0,Spain,Male,34
2551,731,1,0.0,1,1,0,130727.0,0,Spain,Male,33
2552,606,8,0.0,2,1,1,169742.0,0,France,Female,71
2553,474,9,0.0,2,0,0,63158.2,0,France,Female,30
2554,850,5,0.0,1,1,1,80992.8,0,France,Female,35
2555,686,7,0.0,2,1,0,1540.89,0,France,Male,26
2556,576,5,133618.0,1,0,0,135245.0,0,Spain,Male,45
2557,797,10,114085.0,1,0,1,125782.0,0,France,Male,32
2558,611,3,83568.3,1,0,0,1235.49,0,France,Male,53
2559,456,5,107000.0,1,1,1,153420.0,0,France,Male,29
2560,479,5,117593.0,2,0,0,113308.0,0,France,Male,34
2561,619,3,137946.0,1,1,1,72468.0,1,Germany,Male,57
2562,572,1,133044.0,1,0,0,111243.0,0,France,Male,37
2563,553,6,144975.0,1,1,1,19344.9,0,Spain,Male,41
2564,850,7,43658.3,2,1,1,3025.49,0,France,Female,27
2565,602,6,154121.0,2,1,0,176615.0,1,France,Female,39
2566,674,3,0.0,1,1,0,158050.0,0,France,Male,37
2567,383,8,95808.2,1,0,0,137702.0,1,Spain,Female,48
2568,772,6,0.0,2,1,1,57675.9,0,France,Male,43
2569,826,8,174506.0,2,0,1,161803.0,1,Spain,Female,56
2570,365,0,127760.0,1,1,0,81537.9,1,Germany,Male,30
2571,608,8,0.0,2,1,0,128876.0,0,France,Female,30
2572,609,1,0.0,1,1,1,181178.0,0,France,Male,34
2573,677,9,0.0,1,0,1,168650.0,0,France,Male,58
2574,652,7,128136.0,1,1,0,158438.0,0,Germany,Male,33
2575,792,8,0.0,2,1,0,199644.0,0,France,Male,30
2576,641,2,117307.0,4,1,1,26912.7,1,Germany,Female,51
2577,618,2,125683.0,1,0,0,57762.0,0,France,Female,21
2578,646,8,59669.4,1,0,0,172496.0,1,France,Male,52
2579,669,4,108269.0,2,1,0,174970.0,0,Germany,Female,35
2580,636,8,0.0,2,1,0,138555.0,0,Spain,Female,32
2581,550,7,0.0,2,1,0,130590.0,0,France,Female,46
2582,768,5,104553.0,1,1,0,48137.1,1,Germany,Female,47
2583,850,7,0.0,2,1,0,23237.2,0,Spain,Female,29
2584,471,4,114714.0,1,1,1,36315.0,0,France,Female,58
2585,614,2,0.0,2,0,1,180083.0,0,Spain,Male,66
2586,546,9,86351.9,2,1,0,57380.1,0,Germany,Female,42
2587,617,7,0.0,1,1,0,184840.0,1,Spain,Male,50
2588,655,2,147150.0,1,1,1,87816.9,0,France,Female,36
2589,692,10,154954.0,1,1,1,70849.5,0,France,Male,69
2590,479,4,138719.0,1,1,1,47251.8,1,Germany,Male,35
2591,715,3,0.0,1,1,1,152012.0,0,France,Female,35
2592,590,2,117641.0,2,0,0,92198.0,0,Germany,Female,40
2593,662,5,139562.0,2,1,0,61636.2,0,France,Female,39
2594,639,0,0.0,2,0,1,42240.5,0,France,Male,66
2595,564,4,135946.0,1,1,0,63170.0,0,France,Female,33
2596,755,1,82083.5,1,0,1,10333.8,0,Germany,Female,38
2597,624,3,68639.6,1,1,0,168002.0,1,France,Female,45
2598,753,5,82454.0,2,0,0,18254.8,0,Germany,Female,35
2599,559,5,0.0,2,1,1,163221.0,0,Spain,Male,25
2600,598,9,0.0,1,1,0,68462.6,1,France,Female,40
2601,550,9,0.0,2,1,0,26257.0,0,France,Male,44
2602,671,7,114604.0,2,1,0,153194.0,1,Germany,Female,47
2603,728,4,106328.0,1,1,0,88680.6,0,France,Male,34
2604,602,2,71668.0,2,0,0,137112.0,0,Germany,Male,38
2605,654,10,0.0,2,1,0,170482.0,0,France,Male,47
2606,671,6,0.0,2,1,1,15846.4,0,France,Female,31
2607,754,3,160761.0,1,1,1,24156.0,0,Germany,Female,39
2608,703,8,190567.0,1,1,1,79997.1,0,France,Female,33
2609,592,4,105082.0,2,1,0,132802.0,0,Germany,Female,26
2610,594,2,0.0,2,0,1,95864.5,0,France,Male,37
2611,673,9,98612.1,1,1,0,151349.0,0,Germany,Female,41
2612,736,7,0.0,1,0,1,79082.6,0,Spain,Male,32
2613,610,9,0.0,1,1,1,149603.0,0,France,Male,40
2614,477,8,139960.0,2,1,1,189876.0,0,Germany,Male,34
2615,709,7,0.0,2,1,1,199418.0,0,France,Female,32
2616,744,1,112420.0,1,1,1,83022.9,0,France,Male,42
2617,764,9,100481.0,1,1,0,124096.0,0,France,Female,40
2618,742,4,105239.0,1,1,1,19700.2,0,France,Male,31
2619,647,3,168560.0,2,0,0,90270.2,0,Germany,Female,33
2620,523,8,113681.0,1,0,0,13197.4,0,Spain,Female,36
2621,567,8,28649.6,1,1,1,95140.6,0,Spain,Male,40
2622,850,7,0.0,2,1,0,31288.8,0,France,Male,20
2623,656,7,0.0,2,0,1,72143.4,0,France,Male,50
2624,537,10,0.0,2,0,1,25482.6,0,France,Male,47
2625,583,4,105907.0,2,1,1,195732.0,0,Germany,Male,27
2626,630,10,105474.0,1,0,0,58854.9,1,Spain,Male,39
2627,580,7,131647.0,2,0,0,79775.2,0,Germany,Female,33
2628,730,5,74197.4,2,1,0,96875.5,0,France,Female,34
2629,736,0,84587.9,1,0,1,188038.0,0,Germany,Female,26
2630,710,10,0.0,2,1,0,19500.1,0,Spain,Female,30
2631,695,5,0.0,2,0,1,13998.9,0,Spain,Female,31
2632,680,10,113292.0,1,1,1,122640.0,0,France,Male,31
2633,682,8,0.0,2,1,0,178373.0,0,France,Male,26
2634,790,8,0.0,2,1,0,168153.0,0,Spain,Male,20
2635,757,1,65349.7,1,0,0,64539.6,0,Germany,Male,36
2636,834,9,130169.0,2,0,1,93112.2,0,Germany,Female,68
2637,770,9,63127.4,2,1,0,185211.0,1,Spain,Male,55
2638,676,5,0.0,2,0,1,157888.0,0,Spain,Female,30
2639,576,6,140273.0,1,1,1,193135.0,1,Germany,Female,71
2640,664,5,133706.0,1,0,0,134456.0,0,Spain,Male,32
2641,556,6,0.0,3,0,0,125155.0,1,France,Female,43
2642,850,2,94079.0,2,1,0,36980.5,0,Germany,Male,53
2643,696,5,97036.2,2,1,0,152451.0,1,Germany,Male,49
2644,755,6,154221.0,2,0,1,62688.6,0,Germany,Female,30
2645,784,2,70233.7,2,1,1,179253.0,0,Germany,Male,28
2646,770,8,0.0,2,0,1,50839.9,0,Spain,Male,30
2647,611,3,0.0,2,1,1,142918.0,0,France,Male,49
2648,659,1,151106.0,1,1,1,140935.0,0,France,Female,37
2649,540,5,116160.0,1,1,0,13411.7,0,France,Male,25
2650,680,1,123082.0,1,1,0,134961.0,0,France,Male,33
2651,682,5,112670.0,1,1,0,21085.2,1,France,Female,52
2652,700,2,58781.8,1,1,0,16874.9,0,France,Female,44
2653,639,2,0.0,1,1,1,82939.0,0,Spain,Female,27
2654,599,2,0.0,2,1,1,143739.0,0,Spain,Female,37
2655,714,4,0.0,2,0,0,82500.8,0,France,Female,25
2656,650,5,0.0,1,1,1,180622.0,0,Spain,Female,23
2657,637,0,132256.0,2,0,1,74588.4,0,France,Male,33
2658,828,4,73070.2,2,0,0,161671.0,0,France,Male,30
2659,503,4,0.0,2,1,1,153037.0,0,France,Male,32
2660,784,10,122268.0,1,0,0,145760.0,0,Spain,Male,38
2661,592,7,0.0,2,1,1,91196.7,0,France,Male,29
2662,601,3,92055.4,1,0,1,164652.0,1,France,Female,40
2663,681,6,181804.0,2,1,1,57517.7,0,Germany,Male,38
2664,619,1,154484.0,1,1,0,156395.0,0,France,Male,27
2665,523,5,172232.0,1,0,1,155144.0,0,Spain,Female,24
2666,433,10,0.0,1,1,1,87711.6,0,France,Female,49
2667,602,5,98268.8,1,0,1,45038.3,1,Germany,Female,53
2668,655,1,0.0,1,1,1,106041.0,0,Spain,Male,37
2669,619,8,62400.5,1,1,1,132498.0,1,Spain,Male,46
2670,506,8,0.0,2,0,1,182693.0,0,Spain,Male,32
2671,616,3,143129.0,2,0,1,64327.3,0,Germany,Male,45
2672,487,6,136094.0,1,0,1,193408.0,0,Spain,Female,40
2673,652,4,92208.5,1,0,1,197700.0,1,France,Female,37
2674,619,5,92467.6,1,1,0,38270.5,0,Germany,Female,41
2675,571,9,0.0,2,0,1,77519.6,0,France,Female,33
2676,507,8,102785.0,1,1,1,70323.7,0,Germany,Female,46
2677,659,2,151676.0,1,0,1,49978.7,0,Spain,Male,78
2678,782,7,191523.0,1,1,1,167059.0,0,France,Male,33
2679,531,3,0.0,1,1,1,42589.3,0,France,Male,31
2680,564,7,108407.0,1,1,1,83681.2,0,Germany,Male,40
2681,832,5,0.0,2,1,0,178780.0,0,France,Female,29
2682,724,9,142476.0,1,1,1,107848.0,0,France,Female,30
2683,529,0,123816.0,1,1,1,78464.0,1,France,Female,43
2684,638,4,135096.0,1,1,1,186524.0,1,Germany,Male,27
2685,650,4,214347.0,2,1,0,128815.0,0,Germany,Male,26
2686,606,3,0.0,2,1,0,50560.4,1,France,Female,39
2687,698,1,156111.0,1,0,0,134791.0,0,France,Male,31
2688,807,1,0.0,1,1,0,16500.7,1,Spain,Female,42
2689,597,2,0.0,2,1,1,4700.66,0,Spain,Female,33
2690,644,0,0.0,2,1,0,119419.0,0,Spain,Male,28
2691,582,1,88938.6,1,1,1,10054.5,0,Germany,Male,32
2692,593,4,138825.0,1,0,0,10828.8,0,France,Male,45
2693,707,1,0.0,2,1,0,14090.4,1,France,Male,40
2694,731,2,126816.0,1,1,1,74850.9,0,Spain,Female,39
2695,740,8,105210.0,1,1,0,1852.58,0,France,Female,30
2696,602,7,184716.0,2,1,0,113782.0,0,Germany,Male,32
2697,732,5,178788.0,1,1,1,195761.0,0,Germany,Male,38
2698,584,5,0.0,2,1,0,10956.8,0,Spain,Male,32
2699,682,10,134032.0,1,1,0,144291.0,0,Spain,Female,47
2700,795,1,151845.0,1,1,1,135389.0,0,France,Female,36
2701,702,1,103549.0,1,0,0,9712.52,1,France,Female,40
2702,724,10,68598.6,1,1,0,157863.0,0,France,Female,37
2703,709,9,128602.0,1,1,0,117031.0,0,France,Male,44
2704,538,6,164365.0,1,0,1,5698.97,0,Germany,Female,28
2705,672,6,0.0,1,0,1,8814.69,0,France,Female,28
2706,697,7,195238.0,4,0,1,131084.0,1,France,Female,49
2707,627,5,71097.2,1,1,1,130504.0,0,Germany,Male,28
2708,606,4,132671.0,1,1,0,156476.0,1,Germany,Female,41
2709,577,10,125390.0,2,1,1,178617.0,0,France,Male,60
2710,579,10,162483.0,1,1,1,18458.2,0,France,Female,26
2711,721,2,0.0,2,1,0,168220.0,0,France,Male,41
2712,751,3,99773.9,2,1,0,54865.9,0,Spain,Female,37
2713,660,8,58641.4,1,0,1,198674.0,0,Germany,Male,35
2714,501,4,125832.0,1,1,1,100434.0,0,France,Male,40
2715,748,8,0.0,2,1,0,53584.0,0,France,Female,34
2716,597,9,106756.0,2,1,0,151168.0,0,Germany,Female,40
2717,605,8,125339.0,2,1,0,23970.1,0,Germany,Female,43
2718,729,9,53300.0,2,1,1,42856.0,0,Spain,Female,34
2719,569,7,0.0,2,1,1,77703.2,0,France,Female,43
2720,546,8,0.0,1,1,1,66408.0,1,France,Female,47
2721,678,5,138668.0,1,1,1,54144.0,0,Spain,Male,28
2722,850,0,0.0,2,1,0,1099.95,0,France,Female,40
2723,639,2,0.0,2,1,1,53843.7,0,Spain,Female,54
2724,472,4,58662.9,2,0,1,73322.0,0,France,Male,31
2725,600,7,88477.4,2,1,0,58632.4,0,Germany,Female,39
2726,848,3,110930.0,1,1,1,30876.8,0,Spain,Male,40
2727,604,6,116230.0,2,1,1,79633.4,0,France,Male,36
2728,689,4,120728.0,1,0,1,149074.0,0,Germany,Male,26
2729,609,6,86053.5,2,1,1,113276.0,1,Spain,Female,43
2730,731,5,0.0,2,1,0,189529.0,0,France,Female,30
2731,821,8,0.0,2,0,1,126241.0,1,Spain,Female,38
2732,545,1,0.0,2,1,1,199639.0,0,France,Female,26
2733,675,2,0.0,1,1,0,149584.0,1,France,Male,54
2734,577,10,0.0,2,1,1,25161.6,0,France,Female,35
2735,655,2,0.0,1,1,1,71047.5,0,France,Female,32
2736,647,8,109958.0,1,1,1,136592.0,1,Spain,Female,26
2737,556,2,115463.0,1,1,0,150680.0,0,Spain,Male,38
2738,728,1,0.0,1,1,1,83056.2,0,Spain,Female,29
2739,685,6,117303.0,1,0,0,68701.7,0,Spain,Female,43
2740,747,10,0.0,2,0,0,13007.9,0,France,Male,27
2741,749,9,0.0,2,1,0,132735.0,0,France,Female,27
2742,616,10,78249.5,1,1,0,136935.0,0,Germany,Female,36
2743,579,1,0.0,2,1,1,54816.6,0,Spain,Male,33
2744,663,3,108587.0,1,1,1,182355.0,0,Germany,Male,32
2745,717,7,123765.0,1,1,1,169953.0,0,France,Male,48
2746,466,9,105522.0,1,1,0,10842.5,0,France,Male,26
2747,633,8,104944.0,1,1,1,97684.5,0,Germany,Female,29
2748,745,4,137910.0,1,1,1,177235.0,0,France,Male,21
2749,631,1,0.0,2,0,0,133141.0,0,France,Male,36
2750,776,5,0.0,2,1,0,92647.9,0,France,Female,31
2751,506,3,57745.8,1,1,0,4035.46,0,Germany,Female,41
2752,714,4,137987.0,2,0,1,51308.5,1,Germany,Male,54
2753,595,9,0.0,2,1,1,41447.9,0,France,Female,33
2754,771,5,0.0,2,1,0,8673.43,0,Spain,Female,33
2755,525,7,165359.0,1,0,1,94738.5,0,France,Male,35
2756,659,9,0.0,2,1,1,132809.0,0,France,Female,38
2757,701,2,0.0,2,1,1,165304.0,0,France,Male,43
2758,711,8,0.0,2,0,0,105160.0,0,France,Female,28
2759,703,6,0.0,2,0,0,33606.5,0,France,Female,32
2760,674,3,0.0,1,1,0,51537.0,0,France,Female,28
2761,661,2,178821.0,1,0,0,29358.6,1,Spain,Male,42
2762,812,5,54817.6,1,1,0,131660.0,0,Germany,Male,25
2763,495,1,140198.0,2,1,0,150720.0,0,France,Female,40
2764,744,1,128065.0,1,1,0,121525.0,0,Spain,Male,30
2765,608,7,86656.1,1,0,1,59890.3,0,Spain,Male,34
2766,701,2,0.0,2,1,0,176944.0,0,France,Male,29
2767,735,8,123845.0,2,0,1,170455.0,1,France,Female,53
2768,581,2,152509.0,1,1,0,187598.0,1,Germany,Female,54
2769,598,4,0.0,1,1,0,197727.0,1,France,Male,60
2770,542,8,145618.0,1,0,1,10350.7,0,France,Female,43
2771,510,0,0.0,2,1,1,130553.0,0,France,Female,30
2772,752,3,0.0,1,1,0,188187.0,0,France,Male,39
2773,583,4,0.0,2,1,0,17439.7,0,France,Female,42
2774,680,6,124141.0,2,1,0,92826.4,0,Spain,Female,37
2775,615,8,108528.0,2,0,0,179488.0,1,Germany,Male,24
2776,802,6,0.0,2,1,0,47322.1,0,Spain,Male,41
2777,633,1,0.0,1,1,0,48606.7,0,France,Male,31
2778,612,1,149642.0,1,1,1,115161.0,0,Germany,Female,58
2779,710,6,0.0,2,1,1,8991.17,0,France,Male,30
2780,630,2,0.0,1,1,1,106202.0,1,France,Male,55
2781,749,1,0.0,3,1,1,47911.0,0,France,Male,24
2782,607,1,0.0,1,1,0,29818.2,0,France,Male,26
2783,600,5,0.0,2,0,0,118272.0,0,France,Female,39
2784,677,3,126729.0,1,1,1,26106.4,1,Germany,Male,34
2785,520,5,0.0,2,1,0,163186.0,0,France,Male,38
2786,613,7,147262.0,1,1,1,53630.9,1,Germany,Female,51
2787,523,6,116227.0,1,1,1,119405.0,0,Germany,Male,63
2788,625,4,124620.0,2,1,0,92243.9,1,France,Female,51
2789,640,3,77826.8,1,1,1,168545.0,0,Spain,Female,34
2790,843,5,0.0,2,1,1,67494.2,0,France,Female,27
2791,620,0,0.0,1,1,0,32589.4,0,France,Male,22
2792,648,7,139972.0,1,1,0,143669.0,0,France,Female,43
2793,652,8,115145.0,1,1,0,188905.0,0,Spain,Male,41
2794,727,2,97403.2,1,1,1,107415.0,1,Spain,Male,43
2795,850,2,0.0,2,1,1,9684.52,0,Spain,Male,22
2796,567,5,129751.0,1,1,0,109258.0,0,Germany,Male,29
2797,636,3,0.0,2,1,1,44756.2,0,France,Female,34
2798,624,5,174397.0,2,1,1,172373.0,0,Spain,Male,51
2799,642,5,129754.0,1,1,0,582.53,0,Germany,Female,30
2800,562,0,0.0,2,1,0,119900.0,0,Spain,Female,35
2801,762,7,123709.0,2,1,1,169655.0,0,Spain,Female,26
2802,699,4,185174.0,2,1,0,120834.0,0,Germany,Male,34
2803,596,4,0.0,2,0,1,146504.0,0,Spain,Male,32
2804,613,0,0.0,2,0,1,133897.0,0,Spain,Male,29
2805,743,6,0.0,1,1,0,28280.8,1,France,Female,40
2806,717,9,90305.8,1,1,1,124627.0,0,France,Male,50
2807,599,2,91328.7,1,1,0,115725.0,0,France,Female,41
2808,721,2,108424.0,1,1,1,178418.0,0,France,Male,69
2809,739,8,98926.4,1,1,1,106970.0,0,Spain,Female,27
2810,508,9,0.0,1,1,0,103727.0,0,France,Female,43
2811,554,3,157781.0,2,1,0,6089.13,0,Germany,Female,36
2812,811,3,0.0,2,0,1,78439.7,0,Spain,Male,44
2813,635,7,0.0,2,1,1,65951.6,0,Spain,Female,35
2814,798,6,119788.0,1,1,1,164248.0,0,Germany,Female,39
2815,712,2,182888.0,1,1,0,3061.0,0,France,Male,33
2816,732,2,0.0,2,1,1,25438.9,0,France,Male,62
2817,706,5,88348.4,2,1,1,104182.0,0,Germany,Male,32
2818,758,7,125096.0,1,1,0,171190.0,1,France,Female,52
2819,826,5,0.0,2,0,1,157398.0,0,France,Female,30
2820,516,5,0.0,1,0,1,146146.0,1,Spain,Male,50
2821,634,9,0.0,2,1,1,8227.91,0,Spain,Male,25
2822,556,4,150005.0,1,1,0,157016.0,1,France,Female,54
2823,661,9,0.0,2,1,1,84174.8,0,France,Male,33
2824,694,6,109053.0,2,1,1,19448.9,1,Germany,Male,31
2825,670,3,81589.0,1,1,0,188228.0,0,Spain,Male,42
2826,652,1,0.0,2,1,1,151315.0,0,France,Male,36
2827,615,5,0.0,2,1,1,164887.0,0,France,Male,45
2828,698,7,0.0,2,1,0,111472.0,0,France,Male,27
2829,747,5,67495.0,2,0,1,77370.4,0,Germany,Female,32
2830,605,9,0.0,2,1,1,55724.2,0,France,Male,32
2831,802,8,0.0,2,1,0,143706.0,0,France,Male,33
2832,570,6,0.0,1,1,1,187758.0,0,France,Male,37
2833,802,3,92887.1,1,1,0,39473.6,1,France,Female,60
2834,569,2,109197.0,3,1,0,109393.0,1,Germany,Male,35
2835,572,1,138657.0,1,1,1,16161.8,0,Germany,Female,19
2836,646,6,121682.0,2,0,1,61793.5,0,Germany,Male,39
2837,777,5,96693.7,1,1,1,172619.0,0,Germany,Female,34
2838,685,6,0.0,2,0,1,186785.0,0,France,Female,33
2839,655,8,163709.0,2,0,0,76259.2,0,Spain,Male,37
2840,790,3,0.0,1,1,0,91044.5,0,Spain,Male,32
2841,686,6,0.0,2,1,1,179093.0,0,France,Male,32
2842,689,2,0.0,2,1,1,164769.0,0,Spain,Male,40
2843,672,6,91125.8,1,1,0,177296.0,0,France,Male,31
2844,452,3,88915.9,1,1,0,69697.7,0,Spain,Male,44
2845,604,3,0.0,2,1,0,155249.0,0,Spain,Female,26
2846,493,7,0.0,2,1,0,48545.1,0,Spain,Female,48
2847,641,9,0.0,3,1,1,81514.1,0,France,Male,77
2848,676,8,82909.1,1,1,0,91817.4,1,France,Female,34
2849,667,1,146502.0,1,1,0,19162.9,0,Spain,Female,40
2850,560,4,95140.4,2,1,0,123181.0,1,Spain,Female,43
2851,697,1,0.0,2,1,1,87400.5,0,France,Female,48
2852,673,8,0.0,2,1,1,183319.0,0,Spain,Female,37
2853,735,9,127807.0,1,1,1,73069.6,0,France,Male,43
2854,834,5,0.0,2,1,0,66285.2,0,Spain,Male,33
2855,744,5,120655.0,1,1,0,82290.8,0,Spain,Male,44
2856,677,0,119963.0,1,0,0,158326.0,1,France,Female,56
2857,721,10,0.0,2,1,0,71594.3,0,France,Male,35
2858,850,2,155181.0,2,0,0,169416.0,0,Spain,Female,36
2859,744,1,0.0,3,1,1,177432.0,1,Spain,Female,46
2860,682,1,97893.2,1,1,0,166145.0,0,France,Female,27
2861,681,3,148884.0,2,1,1,90967.4,0,France,Male,32
2862,622,7,0.0,1,1,0,35408.8,0,France,Male,31
2863,831,2,146034.0,1,1,0,191261.0,0,France,Female,32
2864,578,4,0.0,2,0,0,6947.09,0,Spain,Male,28
2865,705,7,100170.0,1,1,0,121409.0,0,France,Female,24
2866,595,6,85768.4,1,1,1,24802.8,0,Spain,Male,36
2867,684,8,143583.0,1,1,1,22527.3,0,Spain,Male,24
2868,598,2,171178.0,1,1,0,137981.0,1,France,Female,40
2869,486,7,0.0,2,1,0,28823.0,0,Spain,Male,27
2870,675,8,0.0,2,0,1,95463.3,0,France,Female,57
2871,521,8,120587.0,1,0,1,20491.2,0,Germany,Male,41
2872,698,6,144238.0,4,1,0,157144.0,1,France,Female,51
2873,616,1,135842.0,1,1,0,183841.0,1,France,Female,66
2874,587,8,148164.0,1,0,0,122925.0,0,France,Male,33
2875,766,3,62717.8,2,1,1,13182.4,0,Germany,Female,28
2876,496,7,91680.1,2,1,0,163141.0,1,Germany,Female,59
2877,537,1,190569.0,1,0,1,127155.0,0,Spain,Male,42
2878,546,8,0.0,1,1,0,159254.0,0,France,Male,28
2879,465,6,156007.0,1,1,0,191368.0,0,Germany,Male,24
2880,803,5,0.0,1,1,0,196467.0,1,France,Male,42
2881,641,2,103712.0,1,0,1,192464.0,1,Germany,Male,35
2882,634,1,0.0,1,1,1,143961.0,0,Spain,Female,36
2883,645,1,125739.0,1,1,1,193441.0,0,France,Male,30
2884,578,5,113226.0,1,1,0,56770.8,0,France,Male,46
2885,668,10,110240.0,1,0,0,183981.0,1,France,Female,53
2886,531,3,96288.3,1,1,0,56794.7,0,France,Male,31
2887,594,2,0.0,2,1,0,103481.0,0,France,Male,35
2888,611,1,122875.0,1,1,1,149648.0,0,Spain,Male,51
2889,705,4,115518.0,1,0,0,76544.9,1,Germany,Female,46
2890,772,9,0.0,1,0,1,25448.3,0,France,Female,35
2891,677,7,0.0,1,1,0,47318.8,0,France,Female,36
2892,763,9,187912.0,1,0,1,35825.2,0,France,Female,58
2893,563,8,0.0,2,0,1,68815.0,0,France,Male,33
2894,749,5,57568.9,1,1,1,61128.3,0,France,Male,41
2895,497,2,121250.0,1,0,1,79691.4,0,Spain,Male,44
2896,748,1,142645.0,1,0,0,69132.7,0,France,Male,33
2897,576,1,119336.0,2,0,1,58976.9,0,Germany,Male,28
2898,850,5,103910.0,1,1,0,60083.1,1,Germany,Female,45
2899,741,9,0.0,2,1,0,14379.0,0,France,Male,38
2900,717,4,128207.0,1,1,1,54272.1,0,France,Male,28
2901,628,7,0.0,3,1,0,85890.8,1,Spain,Female,55
2902,697,2,126559.0,1,1,0,73334.4,0,France,Female,34
2903,770,5,141789.0,2,0,0,164967.0,0,Germany,Female,46
2904,672,5,0.0,1,0,0,63833.1,0,France,Male,43
2905,663,5,124626.0,1,1,1,78004.5,0,France,Female,42
2906,682,8,74963.5,1,1,1,32770.6,0,France,Female,33
2907,731,7,0.0,2,1,1,184582.0,0,France,Male,30
2908,617,3,119025.0,2,1,0,35199.2,1,Germany,Female,58
2909,829,9,112046.0,1,1,1,119708.0,1,Germany,Female,27
2910,529,2,164003.0,2,1,1,60993.2,0,France,Female,31
2911,587,8,134981.0,1,1,1,123310.0,1,Germany,Female,45
2912,603,6,108122.0,2,1,0,108488.0,1,Germany,Male,44
2913,605,5,150093.0,1,0,0,71862.8,0,Spain,Male,33
2914,564,3,109342.0,1,1,0,75632.8,0,Germany,Male,33
2915,769,9,156774.0,2,1,0,40257.8,0,France,Male,51
2916,812,4,115049.0,2,1,0,165038.0,0,France,Male,44
2917,621,7,107363.0,1,1,1,66799.3,0,Germany,Male,47
2918,631,2,146811.0,2,1,1,180990.0,0,Germany,Female,32
2919,703,9,99167.5,1,1,0,65720.9,0,Germany,Female,38
2920,850,4,99219.5,2,1,1,122141.0,0,Germany,Female,47
2921,786,7,0.0,2,0,0,100930.0,0,Spain,Female,39
2922,609,5,129313.0,1,1,1,26793.8,0,Spain,Male,37
2923,776,2,0.0,2,1,1,176921.0,0,Spain,Male,33
2924,624,3,116726.0,1,1,0,110498.0,1,Germany,Male,54
2925,850,6,133214.0,1,0,1,20769.9,0,Spain,Male,39
2926,725,0,75888.2,1,0,0,45613.8,0,Germany,Male,19
2927,850,1,146344.0,1,0,1,103902.0,0,Spain,Male,38
2928,633,9,156092.0,1,1,0,72008.6,0,France,Female,37
2929,667,9,0.0,2,1,0,68873.8,0,Spain,Male,39
2930,794,4,114440.0,1,1,1,107753.0,0,Spain,Female,22
2931,664,9,114520.0,2,0,1,79222.0,0,France,Female,31
2932,677,4,0.0,2,1,0,7824.31,0,France,Male,36
2933,720,9,0.0,2,1,1,142956.0,0,France,Male,33
2934,750,3,0.0,1,1,0,191520.0,0,France,Female,35
2935,729,6,127416.0,1,1,1,184977.0,1,Germany,Male,39
2936,609,7,0.0,2,1,0,98464.0,0,France,Male,26
2937,724,5,0.0,1,1,0,134890.0,1,France,Male,31
2938,643,2,0.0,2,0,0,67979.4,0,Spain,Male,35
2939,692,6,152297.0,4,0,1,108041.0,1,Germany,Male,45
2940,651,10,135923.0,1,1,0,18732.8,0,Spain,Female,45
2941,645,5,110133.0,3,0,1,187690.0,1,Spain,Female,49
2942,697,7,148368.0,1,0,0,118862.0,1,France,Male,63
2943,730,0,38848.2,2,0,0,94003.1,0,Germany,Male,38
2944,426,9,0.0,2,1,0,107877.0,0,France,Male,34
2945,684,2,133777.0,2,0,1,49865.0,0,Germany,Female,44
2946,549,3,143734.0,2,1,1,96404.4,0,Germany,Female,45
2947,794,5,0.0,2,0,1,86700.0,0,Spain,Female,28
2948,777,9,131241.0,1,1,1,163746.0,1,France,Female,29
2949,608,1,83807.9,1,0,1,112543.0,0,Spain,Female,41
2950,621,4,137004.0,1,1,0,21254.1,0,France,Male,27
2951,579,4,99340.8,1,0,0,4523.74,1,Spain,Male,56
2952,628,3,0.0,2,1,1,48924.7,0,France,Female,38
2953,721,4,102937.0,1,0,0,1187.88,0,France,Male,42
2954,613,9,95624.4,2,1,1,60706.3,0,France,Female,40
2955,688,8,150680.0,2,0,1,196226.0,0,Germany,Female,40
2956,640,8,120591.0,1,0,0,195124.0,0,Germany,Male,45
2957,504,0,54980.8,1,1,1,136910.0,0,Spain,Male,34
2958,675,5,62055.2,3,1,0,166305.0,1,France,Female,61
2959,729,8,152899.0,2,1,0,177130.0,0,Germany,Male,36
2960,850,6,101267.0,1,1,0,33502.0,0,France,Female,34
2961,642,8,109220.0,1,1,0,52827.5,0,France,Male,40
2962,648,2,116575.0,1,1,0,4121.04,1,Germany,Female,51
2963,601,8,120783.0,1,1,0,63940.7,1,Germany,Female,48
2964,691,9,149405.0,1,1,1,146412.0,0,France,Male,37
2965,610,5,130555.0,3,1,0,184758.0,1,Spain,Female,50
2966,477,9,114024.0,2,1,1,71167.2,1,France,Female,57
2967,679,3,118743.0,2,1,0,1568.91,0,France,Female,44
2968,651,5,147037.0,1,0,0,141763.0,0,Germany,Male,26
2969,672,2,0.0,2,1,1,182738.0,0,Spain,Male,33
2970,775,6,119685.0,2,1,1,74532.0,0,Germany,Male,70
2971,731,5,137388.0,2,1,0,165001.0,0,Spain,Female,33
2972,711,4,0.0,2,1,1,3185.67,0,France,Male,64
2973,588,2,0.0,2,0,1,187817.0,0,Spain,Male,37
2974,660,3,0.0,2,1,1,108666.0,0,France,Male,41
2975,742,5,190125.0,2,0,0,21793.6,0,Germany,Male,27
2976,718,8,0.0,2,1,1,142.81,0,France,Male,37
2977,649,2,0.0,2,1,0,2010.98,0,France,Male,33
2978,569,3,116969.0,1,0,0,94488.8,0,Spain,Male,35
2979,583,1,129299.0,2,1,0,73107.6,0,France,Male,39
2980,836,4,101247.0,1,1,0,37141.6,1,Spain,Male,57
2981,850,6,0.0,2,1,1,190195.0,0,France,Female,36
2982,731,8,132312.0,1,1,0,106663.0,1,Germany,Female,21
2983,686,5,170936.0,1,1,0,173180.0,1,Germany,Female,47
2984,666,1,85225.2,1,0,1,64511.4,0,France,Female,27
2985,658,9,152813.0,1,1,0,166683.0,0,Germany,Female,28
2986,501,5,0.0,1,1,0,27381.0,0,France,Female,34
2987,630,4,137965.0,1,0,1,174571.0,0,Germany,Female,23
2988,581,0,101017.0,1,0,1,7926.35,1,Germany,Male,40
2989,652,1,103895.0,1,0,1,159649.0,0,Spain,Female,38
2990,560,7,124996.0,1,1,1,114670.0,0,Spain,Female,27
2991,658,9,71829.3,1,1,1,68141.9,0,Spain,Male,35
2992,831,3,111101.0,1,1,1,28144.1,1,Germany,Male,44
2993,658,7,123975.0,1,1,0,102154.0,0,France,Female,31
2994,785,7,0.0,2,1,1,199109.0,0,Spain,Male,41
2995,698,1,169362.0,1,1,0,84760.3,1,Germany,Female,64
2996,728,3,108924.0,2,1,0,84300.4,1,Germany,Male,45
2997,850,4,126873.0,1,1,0,197267.0,0,France,Male,37
2998,600,6,74430.1,2,1,1,96051.1,0,Germany,Female,29
2999,748,9,132866.0,1,1,1,59636.4,1,France,Female,39
3000,603,7,127723.0,2,1,0,139469.0,1,Germany,Female,55
3001,647,4,131157.0,1,1,0,29883.6,0,Germany,Male,51
3002,727,3,82729.5,2,1,0,60212.5,0,Germany,Female,31
3003,688,7,138162.0,2,1,1,113926.0,0,Spain,Male,37
3004,850,8,111838.0,2,1,1,110806.0,0,Germany,Female,27
3005,655,0,0.0,2,1,0,166831.0,0,France,Female,45
3006,596,7,0.0,2,1,1,121568.0,0,France,Male,42
3007,487,4,199689.0,1,1,1,24207.9,1,France,Male,53
3008,601,10,127848.0,1,0,0,173246.0,0,France,Male,40
3009,493,3,0.0,1,1,1,176570.0,1,France,Female,31
3010,738,3,122134.0,2,0,1,27867.6,0,Spain,Female,33
3011,629,6,0.0,2,1,0,190348.0,0,Spain,Male,34
3012,665,3,0.0,1,1,0,116137.0,1,France,Male,52
3013,747,5,139915.0,4,0,1,129965.0,1,France,Female,47
3014,850,9,121535.0,1,0,0,40313.5,0,France,Male,30
3015,757,9,0.0,2,1,0,115951.0,0,France,Male,32
3016,650,6,0.0,2,1,1,16301.9,0,France,Female,43
3017,531,5,127642.0,1,1,0,141501.0,1,France,Female,53
3018,554,3,138732.0,1,1,1,194138.0,0,France,Female,38
3019,598,8,0.0,3,0,1,88658.7,0,Spain,Female,35
3020,708,8,83015.7,1,1,0,101090.0,0,Spain,Male,40
3021,731,10,0.0,2,1,0,153015.0,0,Spain,Male,46
3022,521,9,134505.0,1,1,0,18082.1,0,Germany,Female,40
3023,748,7,29602.1,1,0,0,163551.0,1,France,Female,49
3024,605,4,111066.0,2,0,1,125661.0,0,France,Female,62
3025,638,1,131763.0,1,1,1,47675.3,0,France,Male,41
3026,754,4,0.0,2,1,1,9658.41,0,Spain,Male,35
3027,768,1,133385.0,1,1,0,102397.0,1,Germany,Male,49
3028,587,1,0.0,2,0,1,17135.6,0,France,Male,36
3029,839,2,136911.0,1,1,1,168185.0,1,Germany,Male,47
3030,850,3,0.0,2,1,1,187980.0,0,France,Female,46
3031,640,3,0.0,1,0,1,42964.6,0,France,Female,67
3032,570,6,142105.0,1,1,1,45214.0,0,France,Female,61
3033,698,8,150777.0,1,1,0,114733.0,0,Germany,Female,40
3034,776,7,178171.0,2,1,1,115819.0,0,France,Female,29
3035,581,2,79385.2,2,0,0,188493.0,0,Spain,Male,46
3036,580,8,0.0,2,0,1,10357.0,0,France,Female,35
3037,655,2,131691.0,1,1,0,49480.7,0,France,Male,27
3038,723,4,0.0,2,1,1,123886.0,0,France,Male,28
3039,805,6,143221.0,2,1,0,186036.0,0,Germany,Male,24
3040,610,2,0.0,2,1,0,123724.0,0,France,Female,25
3041,746,9,0.0,2,0,1,88728.5,0,France,Male,25
3042,678,2,0.0,2,1,1,32301.9,0,France,Female,48
3043,588,2,131341.0,2,0,1,7034.94,0,Germany,Male,41
3044,583,7,0.0,2,1,0,51285.5,0,France,Male,27
3045,620,8,0.0,2,1,1,145938.0,0,France,Male,36
3046,578,4,113150.0,2,1,0,176713.0,1,Germany,Female,38
3047,848,5,120047.0,2,1,0,84710.6,0,Spain,Male,35
3048,643,8,0.0,2,1,0,174729.0,0,Spain,Male,48
3049,511,3,0.0,2,1,0,132437.0,0,France,Female,33
3050,581,1,0.0,2,1,0,46176.2,0,France,Male,38
3051,701,6,107980.0,1,1,1,119375.0,0,Spain,Female,34
3052,741,4,128016.0,1,1,0,58440.4,0,Germany,Male,38
3053,550,2,0.0,2,1,1,97057.3,0,France,Male,47
3054,636,7,124448.0,1,1,1,141365.0,1,Spain,Male,60
3055,756,1,131899.0,1,1,0,93302.3,0,Germany,Male,27
3056,799,7,167396.0,2,0,1,139537.0,0,Germany,Female,39
3057,592,7,124593.0,1,1,0,86079.7,0,Germany,Male,31
3058,637,10,145750.0,2,1,1,96660.8,0,Germany,Female,36
3059,736,6,0.0,1,1,0,70496.7,0,France,Female,36
3060,698,0,0.0,2,1,1,125962.0,0,France,Female,46
3061,609,6,0.0,2,0,1,22030.7,0,France,Male,37
3062,628,3,123981.0,2,1,1,40546.1,0,France,Female,51
3063,637,7,103378.0,1,1,0,84419.8,0,France,Female,33
3064,658,7,0.0,2,0,0,187638.0,0,France,Male,20
3065,542,8,105770.0,1,0,1,140930.0,1,Spain,Male,54
3066,625,3,0.0,1,1,1,184474.0,1,France,Female,45
3067,679,3,76554.1,1,1,1,184800.0,0,Spain,Female,26
3068,469,9,96776.5,1,1,1,119891.0,0,Spain,Male,37
3069,632,5,167963.0,1,0,0,140201.0,0,France,Female,49
3070,681,7,134715.0,2,0,1,190420.0,0,Spain,Male,65
3071,681,8,154100.0,1,0,0,114660.0,0,France,Female,43
3072,733,6,157791.0,2,0,0,177995.0,0,Germany,Male,31
3073,513,1,63562.0,2,0,1,52629.7,1,France,Male,44
3074,741,5,0.0,1,0,1,40207.1,0,France,Male,39
3075,564,1,0.0,1,1,1,162428.0,0,France,Female,28
3076,376,4,115047.0,4,1,0,119347.0,1,Germany,Female,29
3077,511,0,149117.0,1,1,1,162600.0,0,France,Male,58
3078,501,10,0.0,2,1,1,47847.2,0,France,Male,57
3079,725,2,165896.0,2,1,0,130796.0,0,France,Male,43
3080,584,5,0.0,2,1,1,185202.0,0,Spain,Female,30
3081,630,7,0.0,2,1,1,34453.2,0,France,Female,40
3082,720,3,118308.0,2,1,1,136120.0,0,France,Female,34
3083,754,7,0.0,2,1,0,89520.8,0,Spain,Female,32
3084,764,5,0.0,2,1,0,65868.3,0,Spain,Male,29
3085,786,7,80895.4,2,1,0,64945.6,0,Spain,Male,29
3086,794,0,0.0,2,0,0,178123.0,0,France,Male,33
3087,479,2,113090.0,1,1,0,195650.0,0,France,Female,35
3088,786,3,0.0,2,1,0,92713.0,0,France,Male,35
3089,411,0,59697.2,2,1,1,53483.2,0,France,Male,29
3090,679,2,146186.0,2,1,1,193974.0,0,Germany,Male,39
3091,850,4,88141.1,1,1,0,109659.0,0,Spain,Male,37
3092,634,6,116269.0,1,1,0,129965.0,0,Germany,Male,35
3093,571,3,71843.1,1,1,0,26772.0,0,Germany,Male,33
3094,632,6,129472.0,1,1,1,85179.5,0,Germany,Male,65
3095,528,0,68138.4,1,1,1,170309.0,0,Spain,Female,32
3096,701,3,105589.0,1,0,1,74694.4,0,France,Female,34
3097,574,3,134349.0,1,1,0,63164.0,0,France,Female,33
3098,653,8,102133.0,1,1,1,166521.0,0,France,Female,38
3099,414,3,0.0,2,1,1,93844.8,0,Spain,Male,60
3100,633,7,169988.0,1,1,0,4272.0,0,France,Female,29
3101,582,1,132077.0,2,1,0,192255.0,0,France,Female,39
3102,641,3,147341.0,1,1,1,157459.0,1,France,Female,48
3103,713,3,0.0,2,0,0,82565.0,0,France,Female,42
3104,849,10,84622.1,1,1,1,198072.0,0,Germany,Male,41
3105,654,6,83568.5,1,1,0,47046.7,0,France,Male,37
3106,522,8,124450.0,2,1,1,165786.0,0,Germany,Male,32
3107,773,9,0.0,2,1,1,1118.31,0,France,Male,33
3108,644,8,141529.0,1,1,1,167087.0,1,Germany,Female,32
3109,682,4,0.0,2,1,1,140746.0,0,France,Male,40
3110,641,5,0.0,2,1,1,122449.0,0,France,Male,57
3111,593,10,158537.0,1,1,0,166851.0,0,Spain,Male,32
3112,492,6,127254.0,1,1,1,92144.1,1,France,Female,48
3113,646,8,169023.0,2,1,1,175658.0,0,Germany,Male,48
3114,445,7,168287.0,1,1,0,16645.8,1,Germany,Female,48
3115,432,2,135560.0,2,1,1,71856.3,0,Germany,Male,38
3116,849,7,71996.1,1,1,1,139066.0,0,France,Male,69
3117,646,3,131283.0,1,0,0,130501.0,0,France,Female,34
3118,720,6,0.0,2,1,1,160849.0,1,Spain,Female,59
3119,602,5,0.0,2,1,1,77414.5,0,France,Male,34
3120,809,10,118099.0,1,1,1,100720.0,1,Germany,Male,50
3121,551,1,0.0,1,0,0,63584.6,1,France,Male,52
3122,567,2,105223.0,2,1,0,93795.9,0,Germany,Female,40
3123,720,2,123201.0,1,1,1,180712.0,0,Spain,Male,21
3124,585,6,0.0,2,1,1,137758.0,0,France,Female,30
3125,613,4,0.0,1,0,0,151325.0,0,France,Male,40
3126,507,6,0.0,2,1,0,34777.2,0,France,Male,42
3127,687,6,0.0,2,0,0,179207.0,0,France,Female,30
3128,710,10,133537.0,2,1,0,155594.0,0,Germany,Female,30
3129,771,5,62321.6,1,1,1,40920.6,0,France,Male,32
3130,761,4,103515.0,2,1,1,177622.0,0,Spain,Female,32
3131,568,5,87612.6,4,1,1,107155.0,1,Germany,Male,43
3132,490,8,155413.0,1,1,0,187921.0,0,Spain,Female,48
3133,577,6,0.0,2,1,0,57975.8,0,Spain,Female,33
3134,725,5,116804.0,1,1,0,124053.0,0,Germany,Female,39
3135,547,6,104451.0,1,1,1,37160.3,0,France,Female,29
3136,473,6,110666.0,2,0,0,46758.4,0,France,Female,25
3137,613,9,78778.5,1,0,1,8751.59,0,Germany,Male,69
3138,480,10,129609.0,1,1,0,5472.7,1,Germany,Male,44
3139,615,8,0.0,2,1,1,165577.0,0,France,Male,59
3140,399,2,127655.0,1,1,0,139995.0,1,Germany,Male,46
3141,649,4,0.0,1,1,1,150391.0,0,Spain,Male,51
3142,850,4,0.0,2,0,0,152298.0,0,France,Male,31
3143,524,9,127481.0,2,1,0,179635.0,0,Germany,Female,37
3144,468,1,131643.0,1,1,0,64436.2,0,Spain,Male,26
3145,562,3,142296.0,1,0,1,177113.0,0,Germany,Male,35
3146,578,10,88980.3,1,1,1,125222.0,0,France,Male,23
3147,707,1,0.0,2,0,1,54409.5,0,France,Female,55
3148,726,2,0.0,1,1,0,195192.0,0,Spain,Male,36
3149,762,9,183745.0,1,1,1,196994.0,0,Spain,Female,69
3150,563,8,106172.0,1,1,0,163146.0,1,Spain,Female,46
3151,710,3,0.0,1,1,0,94790.3,0,France,Female,32
3152,652,8,84390.8,2,0,1,107876.0,0,France,Female,40
3153,632,2,150561.0,2,0,0,64722.6,0,Germany,Female,35
3154,623,1,149332.0,2,1,0,100834.0,0,Germany,Male,42
3155,850,4,124426.0,1,0,0,118545.0,1,Germany,Male,51
3156,601,2,0.0,2,0,1,51554.6,0,France,Male,74
3157,709,5,0.0,2,1,1,81452.3,0,France,Male,38
3158,545,9,95829.1,2,0,1,104937.0,0,Germany,Male,37
3159,742,5,136857.0,1,0,0,84509.6,0,Germany,Male,35
3160,627,3,0.0,2,1,0,132720.0,0,France,Male,41
3161,674,6,106902.0,1,1,1,2079.2,1,Germany,Male,47
3162,567,2,0.0,1,0,0,110900.0,1,France,Female,47
3163,756,4,0.0,2,1,0,147040.0,0,France,Female,32
3164,529,2,0.0,1,1,0,146389.0,1,France,Female,38
3165,789,7,69423.5,1,1,0,107499.0,0,France,Female,32
3166,626,1,0.0,2,1,0,66232.2,0,France,Male,21
3167,712,8,113174.0,2,1,0,147262.0,0,Germany,Male,27
3168,561,8,143657.0,1,0,1,180932.0,0,Spain,Male,24
3169,850,4,147972.0,1,1,0,60708.7,1,Germany,Male,28
3170,666,3,123212.0,2,1,1,112157.0,0,Germany,Male,31
3171,803,8,98173.0,1,0,0,22457.2,1,Germany,Female,50
3172,424,7,0.0,1,1,1,16250.6,0,Spain,Male,34
3173,712,1,141750.0,2,0,1,90905.3,0,Germany,Male,43
3174,570,5,129294.0,1,1,0,177805.0,1,Germany,Female,50
3175,806,9,0.0,2,0,1,140168.0,0,France,Male,31
3176,618,4,118449.0,1,1,1,133573.0,1,Germany,Female,54
3177,738,4,0.0,2,1,1,47799.1,0,France,Male,18
3178,446,3,136203.0,1,1,0,176744.0,0,Germany,Male,25
3179,758,6,112596.0,1,1,0,35865.4,1,Germany,Male,68
3180,711,5,123805.0,1,1,0,102429.0,0,Germany,Female,53
3181,661,2,117212.0,1,1,1,83052.0,0,Germany,Male,35
3182,714,1,99141.9,1,1,1,72496.0,1,Germany,Male,53
3183,628,1,115341.0,1,1,1,107674.0,1,Germany,Male,39
3184,590,10,0.0,1,1,1,51907.7,1,Spain,Male,29
3185,615,1,104268.0,1,1,0,62845.6,1,France,Female,61
3186,578,5,151215.0,2,1,0,169804.0,0,France,Male,50
3187,438,2,0.0,1,0,0,191763.0,1,Spain,Female,54
3188,629,6,125513.0,2,0,0,79082.8,0,Spain,Female,44
3189,684,6,148071.0,1,1,0,183575.0,0,France,Male,45
3190,623,1,83325.8,1,0,1,80828.8,0,Spain,Male,44
3191,634,8,103098.0,1,1,1,157577.0,0,Germany,Male,24
3192,525,5,0.0,2,0,1,149195.0,0,Spain,Female,30
3193,850,6,81685.0,1,1,0,824.0,0,France,Female,35
3194,632,5,97854.4,2,1,0,93536.4,0,Spain,Female,39
3195,696,3,0.0,3,1,0,65039.9,0,Spain,Female,36
3196,590,6,147752.0,1,1,0,88206.0,1,France,Female,60
3197,611,9,127216.0,2,0,1,17913.2,0,Germany,Female,43
3198,672,6,0.0,1,0,0,22736.1,0,France,Male,34
3199,537,6,0.0,1,1,1,17802.4,0,France,Male,37
3200,794,6,115797.0,1,1,0,160526.0,1,Germany,Female,55
3201,657,1,84309.6,2,0,0,103914.0,0,France,Male,33
3202,782,1,81571.0,1,1,0,182960.0,1,Germany,Female,53
3203,806,3,0.0,2,1,1,86994.5,0,Spain,Male,18
3204,580,1,0.0,2,0,1,103182.0,0,Spain,Female,65
3205,585,10,106416.0,3,1,1,122961.0,1,France,Male,55
3206,603,4,0.0,2,0,1,9607.1,0,France,Male,31
3207,688,1,0.0,2,1,1,172034.0,0,France,Male,52
3208,756,8,0.0,2,1,1,157933.0,0,France,Male,27
3209,806,8,168079.0,1,1,0,85028.4,1,Germany,Male,30
3210,591,9,128882.0,1,1,1,196242.0,1,France,Female,56
3211,663,4,87624.0,2,1,0,149401.0,0,France,Male,43
3212,637,2,108205.0,1,1,0,169038.0,1,Germany,Male,49
3213,850,6,94607.1,1,1,0,36690.5,0,Germany,Male,40
3214,563,7,105007.0,2,1,1,197812.0,0,Germany,Male,44
3215,833,1,0.0,2,1,0,141861.0,0,France,Male,30
3216,784,5,136713.0,1,0,1,169921.0,0,France,Male,38
3217,515,0,109542.0,1,1,1,166371.0,0,France,Male,40
3218,709,0,112950.0,1,0,0,155232.0,0,Germany,Male,22
3219,642,2,133162.0,1,0,1,122255.0,0,France,Male,35
3220,602,8,113674.0,1,1,0,197861.0,1,Germany,Female,26
3221,701,2,0.0,2,1,1,82526.9,0,France,Male,39
3222,582,2,0.0,2,1,1,132030.0,0,France,Male,30
3223,626,10,81553.9,1,1,0,20063.6,1,France,Female,44
3224,759,9,160541.0,2,0,0,93541.1,0,France,Female,33
3225,812,8,0.0,3,1,0,66926.8,1,Spain,Female,44
3226,750,2,152303.0,1,1,0,71333.4,0,France,Male,33
3227,636,3,120568.0,1,1,0,190160.0,1,Germany,Female,48
3228,703,9,63227.0,1,0,1,137316.0,0,Germany,Male,42
3229,695,0,0.0,2,0,1,140725.0,0,France,Female,42
3230,694,4,0.0,2,1,0,197529.0,0,France,Male,47
3231,657,7,0.0,2,1,0,185828.0,0,France,Male,38
3232,588,5,0.0,2,0,0,100728.0,0,France,Male,40
3233,672,10,110742.0,1,1,0,80778.5,0,Germany,Female,23
3234,667,2,168883.0,1,0,1,18897.8,0,Spain,Male,56
3235,778,6,127299.0,2,1,0,124695.0,0,Spain,Female,47
3236,496,7,0.0,2,0,0,108098.0,0,France,Female,36
3237,653,5,118839.0,1,1,1,52820.1,0,France,Male,34
3238,699,1,0.0,2,1,0,93003.2,0,France,Male,27
3239,559,2,0.0,2,1,1,121151.0,0,Spain,Female,39
3240,680,7,108725.0,1,0,1,72330.5,0,France,Male,44
3241,724,5,109798.0,1,0,1,149594.0,0,France,Female,41
3242,683,2,0.0,2,0,1,77326.8,0,France,Male,31
3243,554,9,135815.0,2,0,0,115091.0,0,France,Female,44
3244,742,8,140005.0,1,1,1,92985.8,0,France,Male,39
3245,693,6,128760.0,1,1,0,36342.8,0,France,Male,43
3246,826,4,115286.0,1,1,0,140126.0,0,France,Male,55
3247,693,4,97706.0,1,1,1,61569.1,0,France,Male,68
3248,721,1,155177.0,2,1,1,49653.4,0,France,Male,36
3249,795,2,139266.0,2,1,1,198746.0,0,Germany,Male,37
3250,762,9,122929.0,2,0,0,149822.0,0,Spain,Male,35
3251,807,1,134590.0,1,1,1,46253.6,0,Germany,Female,40
3252,686,5,128877.0,3,1,1,106939.0,1,France,Male,41
3253,688,6,0.0,1,1,1,47886.4,0,France,Male,40
3254,781,5,0.0,2,0,0,72969.9,0,France,Female,27
3255,695,9,43134.6,1,0,1,77330.4,0,France,Male,45
3256,784,10,0.0,2,1,0,162022.0,0,Spain,Male,33
3257,834,8,142882.0,1,1,0,89983.0,1,France,Male,36
3258,785,9,70302.5,1,1,1,68600.4,0,France,Female,34
3259,579,3,148021.0,1,1,1,74878.2,0,Spain,Female,59
3260,584,9,137727.0,2,0,1,121103.0,0,Germany,Female,62
3261,520,5,162278.0,1,1,1,34765.3,0,Spain,Female,63
3262,646,6,144773.0,2,1,0,53217.3,0,Germany,Female,36
3263,629,10,99546.2,3,0,1,25136.9,1,France,Female,37
3264,850,2,94652.0,1,1,1,171961.0,0,Spain,Male,38
3265,565,7,145401.0,2,1,1,83844.8,0,Germany,Female,38
3266,581,10,0.0,2,0,0,41623.6,0,Spain,Male,49
3267,669,8,0.0,2,1,0,84049.2,0,France,Female,38
3268,710,6,135796.0,1,0,1,46523.6,0,Germany,Male,37
3269,827,2,0.0,2,0,1,60615.8,0,France,Female,60
3270,667,5,92171.4,3,1,0,178106.0,1,Germany,Female,37
3271,547,2,0.0,1,0,0,65466.9,1,France,Female,49
3272,645,7,0.0,2,1,1,18369.3,0,France,Female,55
3273,676,8,0.0,2,1,1,133693.0,0,France,Male,38
3274,689,4,136444.0,1,1,0,51980.2,1,France,Male,22
3275,603,4,98899.8,2,1,1,86190.3,0,Germany,Male,46
3276,683,0,133703.0,1,1,0,55582.5,1,Spain,Male,29
3277,630,9,106937.0,2,1,0,138275.0,0,Germany,Female,34
3278,579,10,45408.9,2,1,0,18732.9,0,Germany,Male,40
3279,505,6,47869.7,2,1,1,155062.0,0,Germany,Male,40
3280,711,7,0.0,3,1,0,38409.8,1,France,Male,51
3281,699,8,122038.0,1,1,0,102085.0,0,France,Female,40
3282,711,9,128794.0,1,1,0,19262.1,0,Germany,Male,26
3283,650,5,122034.0,3,0,1,146663.0,1,Germany,Female,28
3284,557,4,96173.2,2,1,1,116378.0,0,France,Female,46
3285,766,6,0.0,2,0,0,147185.0,0,France,Female,45
3286,630,8,126599.0,2,1,1,134408.0,0,France,Female,36
3287,790,8,0.0,2,1,1,149418.0,0,Spain,Male,37
3288,621,5,0.0,2,1,0,191757.0,1,France,Female,50
3289,765,8,136730.0,2,0,0,47058.2,0,Germany,Female,34
3290,669,7,95128.9,1,0,0,19799.3,0,France,Male,30
3291,605,9,128153.0,1,0,0,147823.0,0,France,Male,33
3292,671,0,116235.0,1,1,0,172096.0,0,France,Male,31
3293,669,9,61196.5,1,1,0,58170.2,0,France,Female,47
3294,530,2,0.0,2,1,0,197923.0,0,France,Male,39
3295,686,1,0.0,2,1,0,4802.25,0,France,Female,31
3296,755,9,0.0,2,1,0,18066.7,0,France,Female,43
3297,685,2,0.0,2,1,1,140889.0,0,France,Male,30
3298,628,8,89182.1,1,1,1,13126.9,0,France,Male,30
3299,601,8,78892.2,1,1,1,23703.5,0,France,Female,26
3300,494,3,85705.0,1,0,1,27886.1,0,France,Male,30
3301,655,7,57327.0,1,0,1,47349.0,0,France,Female,45
3302,781,3,0.0,2,1,1,42556.3,0,Spain,Male,33
3303,558,1,152283.0,1,1,0,183271.0,0,France,Male,27
3304,605,8,166133.0,1,1,1,107995.0,0,Germany,Male,19
3305,802,5,0.0,2,1,1,175044.0,0,Spain,Male,40
3306,622,9,0.0,2,1,1,153238.0,0,France,Male,26
3307,520,5,121198.0,1,1,0,72577.3,1,France,Male,49
3308,479,5,87070.2,1,0,1,85646.4,0,Spain,Male,48
3309,671,6,123913.0,2,1,1,146636.0,0,Spain,Male,32
3310,741,4,104784.0,1,1,0,135164.0,1,Spain,Male,40
3311,685,5,164902.0,1,0,0,141152.0,0,Spain,Male,23
3312,631,2,88161.9,2,1,0,127631.0,0,Spain,Female,31
3313,807,1,105799.0,2,1,0,34888.0,1,France,Male,43
3314,584,3,0.0,2,0,1,59103.1,0,France,Male,33
3315,516,7,139675.0,2,1,0,45591.2,0,Germany,Male,50
3316,547,5,167540.0,1,0,1,159207.0,0,France,Female,38
3317,659,3,107594.0,2,1,1,102417.0,0,Spain,Male,32
3318,520,6,0.0,2,1,1,34410.6,0,Spain,Female,42
3319,642,4,0.0,1,1,1,76821.2,0,France,Female,39
3320,694,3,97530.2,1,1,1,117140.0,0,France,Male,36
3321,597,6,135704.0,2,0,0,74850.8,0,France,Female,33
3322,698,8,185078.0,1,0,0,115338.0,1,Spain,Female,31
3323,586,9,74309.8,1,1,0,15034.9,0,Germany,Male,34
3324,672,3,0.0,1,1,0,113172.0,1,France,Female,40
3325,784,2,0.0,1,1,1,6847.73,0,Spain,Male,23
3326,668,2,0.0,2,1,1,40652.3,0,France,Female,32
3327,753,6,142263.0,1,0,1,33730.4,0,France,Female,38
3328,662,5,94901.1,1,1,1,48233.8,0,Spain,Male,37
3329,811,4,167739.0,2,1,1,9903.42,0,Germany,Female,28
3330,743,7,77599.2,1,0,0,144407.0,0,France,Male,30
3331,473,9,117103.0,2,1,1,85937.5,1,France,Female,39
3332,427,1,141326.0,1,1,1,93839.3,0,France,Male,29
3333,850,3,121238.0,1,1,1,31022.6,0,Spain,Female,31
3334,701,6,86167.8,1,1,0,153342.0,0,France,Female,42
3335,605,6,0.0,2,1,1,40063.0,0,Spain,Female,48
3336,531,7,117053.0,1,1,0,118508.0,1,Germany,Female,31
3337,850,0,104387.0,1,1,0,105887.0,0,France,Female,39
3338,849,4,110838.0,1,0,0,126420.0,0,France,Male,35
3339,746,8,142382.0,1,1,1,62086.6,0,France,Male,47
3340,610,0,0.0,2,1,0,62232.6,0,France,Male,40
3341,634,3,113782.0,2,1,1,106345.0,1,Germany,Female,53
3342,728,1,115935.0,1,1,1,139059.0,0,France,Male,38
3343,581,5,77886.5,2,1,0,150319.0,0,France,Male,25
3344,738,5,0.0,2,1,1,114389.0,0,France,Male,39
3345,716,5,121412.0,1,0,0,10070.4,1,Germany,Male,66
3346,555,7,0.0,2,1,0,93122.4,0,France,Female,26
3347,695,6,125553.0,1,1,0,105291.0,0,Germany,Male,27
3348,584,1,0.0,1,0,1,152568.0,1,Spain,Female,50
3349,744,6,123737.0,2,1,0,141558.0,0,Germany,Male,29
3350,657,8,109402.0,1,1,1,66463.6,0,Spain,Male,41
3351,661,6,146607.0,1,1,1,68021.9,0,France,Male,51
3352,614,5,0.0,2,1,0,185562.0,0,France,Female,34
3353,568,1,112930.0,2,1,0,22095.7,0,Germany,Male,26
3354,643,6,0.0,2,0,0,106782.0,0,France,Female,46
3355,508,10,0.0,1,1,1,175749.0,0,Spain,Male,54
3356,630,2,110414.0,1,1,1,48984.9,0,France,Female,36
3357,637,1,123378.0,1,1,0,81432.0,1,Germany,Female,55
3358,735,9,98807.5,1,0,0,184570.0,1,Germany,Female,43
3359,703,7,0.0,2,0,1,122518.0,0,France,Female,40
3360,608,7,114203.0,1,1,1,77830.4,1,Germany,Male,44
3361,850,1,96399.3,2,1,0,106534.0,0,France,Male,31
3362,520,4,134008.0,1,1,1,193209.0,0,France,Male,34
3363,637,3,0.0,2,1,1,70174.0,0,France,Male,60
3364,536,6,92366.7,2,1,0,120662.0,0,Germany,Male,23
3365,803,9,157121.0,2,1,0,141301.0,0,France,Male,31
3366,589,7,85146.5,2,1,0,86490.1,1,France,Male,37
3367,660,4,0.0,2,0,0,88080.4,0,France,Male,38
3368,606,7,0.0,1,1,0,106837.0,1,Spain,Male,35
3369,493,8,46161.2,1,1,1,79577.4,0,Spain,Male,32
3370,542,2,0.0,2,1,1,54869.5,0,Spain,Female,26
3371,792,5,92140.1,1,0,1,67468.7,0,Spain,Male,36
3372,459,7,110356.0,1,1,0,4969.13,1,Germany,Male,46
3373,551,1,0.0,2,1,1,185105.0,0,France,Male,31
3374,432,9,152603.0,1,1,0,110265.0,1,France,Male,42
3375,629,7,156847.0,2,1,0,31824.3,0,Germany,Male,35
3376,732,0,0.0,2,1,1,184351.0,0,France,Male,46
3377,622,4,99799.8,2,1,0,197372.0,0,France,Male,40
3378,593,6,0.0,2,1,1,99136.5,0,France,Male,41
3379,688,8,146133.0,1,1,1,175297.0,0,Germany,Male,26
3380,748,5,84009.5,1,1,1,137001.0,0,France,Male,34
3381,643,7,154903.0,1,1,1,49667.3,0,Germany,Male,41
3382,491,6,148746.0,2,1,1,17818.3,0,Germany,Male,70
3383,605,3,0.0,2,1,0,199390.0,0,France,Male,39
3384,420,1,135550.0,1,0,0,149471.0,1,Germany,Female,34
3385,624,10,0.0,2,0,1,186180.0,0,Spain,Female,36
3386,592,7,0.0,2,1,0,83084.3,0,France,Male,39
3387,686,5,113329.0,1,1,0,124171.0,0,France,Female,47
3388,544,6,0.0,2,1,1,124113.0,0,France,Female,33
3389,688,3,0.0,2,0,1,104903.0,0,Spain,Female,46
3390,827,0,0.0,2,0,1,184514.0,0,Spain,Female,35
3391,497,7,149400.0,1,0,0,167522.0,0,Spain,Male,27
3392,613,10,120482.0,1,0,0,94875.0,1,Germany,Female,43
3393,599,1,0.0,2,1,0,96069.8,0,France,Female,41
3394,569,7,0.0,2,1,0,73977.2,0,France,Male,28
3395,709,8,73314.0,2,1,0,63446.5,0,Germany,Male,23
3396,665,2,156372.0,2,0,1,156775.0,1,Spain,Female,42
3397,614,4,0.0,1,1,0,74379.6,1,France,Male,46
3398,411,9,0.0,1,0,1,76621.5,0,France,Female,54
3399,662,2,0.0,2,0,1,21497.3,0,France,Male,34
3400,558,10,105000.0,1,1,0,190020.0,0,France,Male,32
3401,735,2,106345.0,1,1,0,114371.0,1,Germany,Male,46
3402,631,2,96863.5,2,1,1,31613.3,0,Germany,Female,29
3403,572,9,97382.5,1,1,1,195772.0,0,Germany,Female,54
3404,659,4,0.0,2,1,0,99341.9,0,Spain,Male,27
3405,512,3,176667.0,1,1,0,94670.8,0,Spain,Male,33
3406,680,5,0.0,2,1,1,179843.0,0,France,Female,47
3407,640,5,32197.6,1,0,1,141446.0,0,Germany,Female,30
3408,694,5,127900.0,1,1,0,101738.0,0,France,Male,34
3409,682,0,0.0,1,0,1,91981.9,1,France,Female,42
3410,668,10,113034.0,1,1,1,100424.0,0,Spain,Male,43
3411,850,6,0.0,1,1,0,136985.0,1,France,Male,40
3412,464,8,164285.0,2,1,1,3710.34,0,Germany,Male,33
3413,683,7,109346.0,2,1,0,102666.0,0,France,Male,38
3414,699,8,158698.0,1,1,0,107181.0,0,France,Male,44
3415,707,3,0.0,2,1,1,135077.0,0,Spain,Male,44
3416,748,3,0.0,2,1,1,123999.0,0,Spain,Male,39
3417,607,7,102609.0,1,1,0,163257.0,0,Germany,Male,29
3418,540,8,0.0,2,1,0,3560.0,0,Spain,Female,40
3419,719,9,116394.0,1,1,0,63051.3,1,Spain,Female,47
3420,528,3,156687.0,1,1,0,199321.0,0,France,Male,35
3421,603,8,0.0,2,1,1,47536.5,0,France,Male,30
3422,504,8,206664.0,1,0,0,16281.9,0,France,Female,32
3423,653,9,149572.0,1,1,0,118383.0,0,Spain,Female,38
3424,756,5,155144.0,1,0,1,135035.0,1,Germany,Female,26
3425,701,9,0.0,2,0,0,170997.0,0,Spain,Female,35
3426,590,3,0.0,2,1,0,83090.4,0,Spain,Male,30
3427,653,1,0.0,2,0,0,53379.5,0,France,Male,33
3428,581,6,0.0,2,1,0,188377.0,0,Spain,Female,31
3429,781,6,98759.9,1,0,0,112203.0,0,Spain,Female,29
3430,604,1,84315.0,1,0,0,36209.1,0,France,Male,40
3431,629,6,129101.0,1,1,1,23971.3,0,France,Female,37
3432,850,4,0.0,2,1,1,12409.0,0,France,Male,28
3433,529,1,0.0,2,1,1,191371.0,0,France,Male,61
3434,796,5,86350.9,2,0,0,105081.0,0,Germany,Male,39
3435,771,5,77846.9,1,0,0,99806.0,0,Germany,Female,36
3436,723,3,124120.0,1,1,0,162198.0,0,France,Male,30
3437,632,5,118891.0,1,0,1,145158.0,0,France,Female,28
3438,640,3,0.0,2,1,0,2743.69,0,France,Female,29
3439,635,4,74812.8,1,0,1,27448.3,0,France,Female,72
3440,665,8,137300.0,1,1,0,90174.8,0,France,Male,28
3441,682,5,125852.0,1,1,1,193318.0,0,France,Female,43
3442,705,1,126076.0,2,1,1,34436.8,0,France,Male,92
3443,410,7,117184.0,1,1,1,109734.0,0,France,Female,35
3444,597,6,115703.0,2,1,1,25059.1,0,Spain,Male,38
3445,565,9,68067.2,1,1,0,143288.0,0,Germany,Female,32
3446,660,0,72783.4,1,0,0,181052.0,0,France,Male,33
3447,637,3,104340.0,1,0,0,119883.0,0,France,Female,38
3448,813,5,106059.0,1,0,0,187977.0,1,Germany,Female,29
3449,571,1,101737.0,1,0,1,195652.0,0,Germany,Female,34
3450,725,6,0.0,2,1,0,161767.0,0,France,Male,46
3451,665,3,111912.0,1,1,1,110360.0,1,Germany,Female,37
3452,526,2,0.0,1,1,0,114540.0,1,Spain,Male,49
3453,774,9,114997.0,1,1,0,75304.1,0,France,Female,36
3454,727,2,146407.0,1,1,1,72073.7,0,Germany,Male,34
3455,583,8,149996.0,2,1,0,42143.6,0,Germany,Male,35
3456,627,10,0.0,2,1,0,103288.0,0,France,Male,32
3457,624,3,0.0,2,1,1,163667.0,0,France,Female,38
3458,699,4,0.0,2,0,1,111308.0,0,France,Male,53
3459,850,4,156002.0,2,1,1,151677.0,0,France,Male,32
3460,532,3,110792.0,1,1,0,148705.0,1,Germany,Male,52
3461,500,8,128486.0,1,1,0,179227.0,0,Spain,Female,47
3462,738,3,0.0,1,1,1,15650.7,0,Spain,Male,35
3463,785,9,107200.0,1,0,0,146399.0,0,Germany,Female,38
3464,850,6,0.0,2,1,1,13159.9,0,France,Female,24
3465,754,6,0.0,1,1,1,116142.0,0,France,Male,37
3466,792,4,130143.0,1,1,0,38190.8,0,France,Female,28
3467,633,10,0.0,2,1,0,65675.5,0,France,Male,35
3468,660,2,80462.2,1,0,0,150422.0,0,Spain,Male,33
3469,682,6,0.0,2,0,1,149604.0,0,France,Male,69
3470,542,1,0.0,1,1,1,178257.0,1,France,Female,42
3471,539,3,0.0,2,1,1,198161.0,0,France,Female,24
3472,694,3,156864.0,2,0,0,88890.8,0,France,Male,42
3473,447,5,89188.8,1,1,1,75408.2,0,France,Female,44
3474,709,5,0.0,2,0,1,161388.0,0,France,Female,30
3475,807,1,141069.0,3,1,1,194257.0,0,Germany,Female,31
3476,844,7,113348.0,1,1,0,31904.3,1,France,Male,40
3477,631,9,160737.0,1,0,1,93503.0,0,Spain,Male,46
3478,709,8,0.0,2,1,1,69676.5,0,France,Female,36
3479,608,3,139530.0,2,1,1,175696.0,1,Spain,Female,63
3480,513,3,141004.0,1,1,0,105028.0,0,France,Male,40
3481,623,4,0.0,3,1,0,31669.2,0,Spain,Female,40
3482,677,2,57037.7,1,1,1,158531.0,0,France,Male,46
3483,685,2,0.0,2,0,0,199992.0,0,Spain,Female,42
3484,746,7,142401.0,1,1,1,193439.0,0,France,Male,36
3485,743,8,68155.6,1,1,0,94876.6,0,France,Male,40
3486,678,9,0.0,1,1,1,148211.0,0,France,Female,32
3487,570,7,116100.0,1,1,1,148088.0,0,Spain,Male,21
3488,650,3,128809.0,3,0,0,113678.0,1,Spain,Male,41
3489,850,5,128605.0,1,0,1,171096.0,0,Germany,Female,44
3490,554,4,0.0,1,0,1,168780.0,0,France,Male,40
3491,715,8,175307.0,1,1,0,187051.0,0,France,Male,32
3492,552,9,134105.0,1,0,0,57850.1,0,France,Female,38
3493,519,5,0.0,1,1,0,68479.6,0,France,Male,34
3494,434,3,0.0,1,1,1,2739.71,0,Spain,Male,33
3495,780,4,126725.0,1,1,0,195259.0,1,Germany,Male,51
3496,579,3,137560.0,2,1,1,85424.3,0,Germany,Female,42
3497,587,6,0.0,1,0,0,158685.0,0,Spain,Male,45
3498,675,2,92616.6,2,1,0,8567.18,0,Germany,Male,42
3499,815,2,110777.0,2,1,0,2383.59,0,Germany,Male,37
3500,822,3,105563.0,1,1,0,182625.0,0,France,Male,37
3501,583,5,102562.0,1,1,0,92708.1,0,Spain,Male,47
3502,559,5,162702.0,1,0,0,150548.0,1,France,Male,50
3503,588,1,0.0,2,1,1,8763.87,0,France,Male,32
3504,749,4,94762.2,2,1,1,42241.5,0,Germany,Male,22
3505,534,8,116973.0,3,1,0,122066.0,1,France,Female,55
3506,710,10,118327.0,2,1,1,192929.0,0,France,Male,33
3507,744,1,121498.0,2,0,1,106061.0,1,Germany,Female,50
3508,640,5,176099.0,1,1,1,8404.73,0,France,Female,42
3509,622,6,169089.0,2,1,0,101058.0,0,France,Female,32
3510,649,1,0.0,1,0,1,91167.2,1,Spain,Male,32
3511,607,3,0.0,2,0,0,187049.0,0,France,Male,25
3512,850,7,0.0,2,1,1,173851.0,0,France,Male,43
3513,627,5,0.0,2,1,0,82969.6,1,France,Female,44
3514,773,7,138151.0,1,1,1,177357.0,0,Spain,Male,43
3515,650,1,160566.0,2,0,0,27073.8,0,France,Female,31
3516,683,0,157829.0,1,0,0,129892.0,0,France,Female,29
3517,413,1,130970.0,2,1,1,158892.0,0,Germany,Male,39
3518,732,6,98792.4,1,1,0,81491.7,1,Germany,Female,45
3519,522,9,126436.0,1,1,0,174249.0,1,Spain,Male,34
3520,633,2,91902.6,2,1,1,107673.0,0,France,Male,38
3521,524,8,107819.0,1,1,0,199725.0,1,Germany,Female,31
3522,508,5,0.0,2,1,1,94170.8,0,France,Female,41
3523,667,4,137261.0,1,0,1,94433.1,1,Spain,Male,71
3524,608,8,131391.0,2,1,0,71178.1,0,Germany,Male,42
3525,557,3,0.0,1,0,1,144078.0,0,France,Male,36
3526,798,5,132572.0,1,1,1,31686.3,1,Germany,Female,49
3527,693,4,0.0,2,1,1,26589.6,0,Spain,Female,45
3528,750,6,0.0,2,1,1,59816.4,0,Spain,Female,36
3529,699,3,80764.0,1,1,0,199379.0,1,France,Female,43
3530,774,9,0.0,2,1,0,10604.5,0,Spain,Male,32
3531,583,3,91246.5,1,1,0,60017.5,1,France,Male,48
3532,757,8,149086.0,2,1,1,197077.0,0,Germany,Male,31
3533,598,6,0.0,2,1,0,153229.0,0,Spain,Female,23
3534,639,8,0.0,2,1,0,170484.0,0,France,Male,35
3535,636,1,115137.0,1,1,0,52484.0,0,Spain,Male,37
3536,679,1,110245.0,1,1,1,178291.0,0,Germany,Male,35
3537,666,2,0.0,2,0,0,36371.3,0,France,Female,40
3538,850,8,0.0,1,1,1,68569.9,0,France,Male,19
3539,651,2,90355.1,2,0,0,193598.0,0,Germany,Male,34
3540,573,6,0.0,2,1,0,66190.2,0,France,Female,30
3541,648,7,81153.8,1,1,1,144533.0,1,Spain,Female,43
3542,690,2,76088.0,1,0,1,151823.0,0,Spain,Male,32
3543,559,2,147070.0,1,1,0,120541.0,1,France,Male,49
3544,655,0,81954.6,1,1,1,198798.0,1,Germany,Female,40
3545,350,0,111099.0,1,1,1,172321.0,1,France,Female,40
3546,620,0,97925.1,1,1,0,85000.3,0,France,Male,41
3547,678,1,143444.0,1,1,0,196622.0,1,France,Female,41
3548,681,5,139714.0,2,0,0,73066.7,0,Germany,Male,48
3549,624,6,0.0,2,0,0,84635.6,0,France,Male,36
3550,658,1,0.0,2,0,1,84927.4,0,Spain,Male,36
3551,642,1,154863.0,1,1,1,138053.0,0,France,Male,40
3552,739,1,110598.0,1,0,1,160123.0,1,Germany,Male,58
3553,590,3,139432.0,1,1,0,62222.8,0,Spain,Female,44
3554,656,2,0.0,2,0,1,67840.8,0,France,Male,37
3555,521,2,0.0,2,1,1,86372.2,0,France,Male,37
3556,795,7,125903.0,2,1,1,127069.0,0,Germany,Male,38
3557,466,6,0.0,2,1,1,2797.27,0,France,Male,29
3558,697,8,141224.0,2,1,0,90591.1,0,France,Male,27
3559,705,5,177800.0,2,0,0,79886.1,0,Spain,Female,24
3560,637,8,0.0,1,1,1,186062.0,0,Spain,Male,37
3561,770,2,89800.1,1,1,1,105923.0,0,France,Male,36
3562,535,1,0.0,2,1,1,11780.0,1,Spain,Male,58
3563,693,1,0.0,2,1,1,82867.5,0,France,Male,37
3564,680,5,143140.0,1,0,0,47795.4,1,Germany,Female,51
3565,626,8,148610.0,3,0,1,104502.0,1,Spain,Female,26
3566,663,7,116151.0,3,1,1,84358.7,1,Germany,Male,49
3567,716,2,0.0,2,1,1,92916.5,0,Spain,Male,33
3568,665,8,110935.0,1,1,0,169288.0,0,France,Male,35
3569,620,1,137712.0,1,1,1,76197.0,0,Germany,Female,25
3570,582,3,110150.0,1,1,1,191758.0,1,Germany,Female,40
3571,719,2,0.0,2,1,0,196582.0,0,Spain,Male,44
3572,508,7,143262.0,1,1,1,129563.0,0,France,Female,60
3573,423,5,97665.6,1,1,0,118373.0,1,France,Female,36
3574,575,9,133292.0,1,1,0,111175.0,0,Spain,Female,37
3575,630,0,0.0,2,1,1,34475.1,0,France,Male,31
3576,850,9,0.0,2,1,1,18924.9,0,Spain,Female,32
3577,536,5,89492.6,1,0,0,42934.4,0,France,Female,22
3578,698,5,156265.0,2,0,0,1055.66,0,France,Male,47
3579,702,9,98444.2,1,0,1,109563.0,0,France,Female,46
3580,703,1,125686.0,1,1,1,56246.7,0,France,Male,32
3581,850,3,0.0,2,1,0,195033.0,0,France,Male,36
3582,494,9,112727.0,2,1,0,183753.0,0,France,Female,35
3583,758,5,122739.0,1,1,0,102461.0,1,Germany,Female,23
3584,597,7,0.0,2,1,0,110253.0,0,Spain,Female,26
3585,757,3,130747.0,1,1,0,143830.0,0,France,Male,47
3586,771,5,135507.0,3,1,1,152480.0,1,Spain,Male,51
3587,592,2,200322.0,1,1,1,113245.0,0,Spain,Female,40
3588,527,6,128396.0,2,1,0,79920.0,0,Spain,Male,28
3589,650,8,108882.0,1,1,0,104493.0,0,Spain,Male,24
3590,688,0,89772.3,1,1,0,177384.0,1,Spain,Male,36
3591,637,0,157623.0,1,1,1,120454.0,0,Spain,Female,44
3592,700,4,148571.0,1,1,0,189827.0,1,Germany,Female,40
3593,684,3,0.0,2,1,0,44255.6,0,Spain,Female,38
3594,792,4,107602.0,1,1,0,18922.2,1,Germany,Female,29
3595,665,2,116322.0,4,1,0,35640.1,1,Germany,Female,43
3596,729,6,93694.4,1,1,1,79919.1,0,France,Male,32
3597,782,8,0.0,2,1,1,33949.7,0,France,Male,39
3598,633,0,138577.0,1,1,0,193363.0,0,Germany,Female,29
3599,661,5,122552.0,2,0,1,120646.0,0,Germany,Male,41
3600,746,2,0.0,2,1,0,143194.0,0,France,Male,37
3601,501,4,0.0,2,0,0,12470.3,0,France,Male,37
3602,521,2,107316.0,1,1,0,64299.8,0,France,Male,30
3603,698,10,107304.0,3,1,0,28806.3,1,Germany,Male,52
3604,583,4,55776.4,2,1,0,26920.4,0,France,Female,40
3605,777,2,0.0,1,1,0,136458.0,1,France,Female,32
3606,659,9,23503.3,1,0,1,169862.0,1,France,Female,44
3607,802,1,142557.0,1,1,1,172498.0,0,France,Male,38
3608,662,6,0.0,2,1,0,123584.0,0,France,Male,74
3609,666,8,152615.0,2,1,1,188782.0,0,Germany,Female,59
3610,713,5,0.0,1,1,1,55701.6,0,France,Male,46
3611,671,1,144849.0,1,1,1,179012.0,0,Germany,Male,35
3612,532,3,0.0,1,1,1,115227.0,0,Spain,Female,66
3613,775,10,0.0,2,1,1,68143.9,0,Spain,Male,29
3614,563,6,0.0,2,1,1,19720.1,0,Spain,Male,32
3615,479,6,107638.0,2,0,1,169506.0,0,Germany,Male,24
3616,650,4,93911.3,2,1,0,69055.5,0,Germany,Male,23
3617,850,9,141827.0,2,1,1,149459.0,0,Germany,Male,32
3618,588,3,104356.0,1,1,0,94498.8,0,Germany,Male,35
3619,741,5,0.0,1,1,1,64839.2,0,France,Male,32
3620,754,7,157692.0,2,1,0,133601.0,1,Spain,Male,39
3621,549,6,204017.0,2,1,0,109538.0,0,Germany,Male,34
3622,765,9,157960.0,2,0,0,136603.0,0,France,Male,43
3623,547,1,92350.4,1,0,1,80262.9,0,France,Male,43
3624,711,3,128719.0,1,0,0,114793.0,0,Spain,Male,38
3625,429,7,0.0,2,1,1,163691.0,0,France,Male,60
3626,636,10,124267.0,1,0,0,100567.0,0,France,Female,20
3627,625,5,86147.5,2,1,0,163441.0,1,Germany,Female,35
3628,603,8,59360.8,1,1,1,191457.0,0,France,Male,38
3629,523,8,138783.0,1,1,1,186119.0,0,Germany,Male,35
3630,517,5,113309.0,1,0,1,31517.2,0,France,Male,37
3631,639,5,0.0,2,0,0,93716.4,0,France,Female,38
3632,778,6,150359.0,1,1,0,62454.0,1,Germany,Female,29
3633,561,5,0.0,2,1,0,83093.2,0,France,Male,37
3634,658,2,168396.0,1,1,1,14178.7,0,France,Male,44
3635,723,1,0.0,3,1,0,164648.0,1,Spain,Male,30
3636,731,2,127863.0,2,1,0,139084.0,0,Germany,Male,35
3637,695,8,95231.9,1,0,0,70140.8,1,Germany,Female,53
3638,683,8,110830.0,2,0,0,24938.8,0,France,Male,30
3639,590,9,0.0,2,1,1,148750.0,0,Spain,Female,38
3640,750,6,107468.0,1,1,0,126233.0,1,Germany,Female,52
3641,666,2,158469.0,1,0,1,93266.0,0,Germany,Female,37
3642,486,9,118357.0,2,1,0,168035.0,1,Germany,Male,62
3643,528,9,170214.0,2,1,0,49284.0,0,Germany,Female,29
3644,837,6,94001.6,2,1,0,140723.0,0,Germany,Male,37
3645,706,2,0.0,2,1,1,18255.5,0,Spain,Male,29
3646,850,2,157867.0,1,1,1,18986.1,0,France,Female,46
3647,670,2,141205.0,2,1,0,76257.5,0,France,Male,33
3648,706,5,0.0,2,1,1,81718.4,0,France,Male,35
3649,506,8,53053.8,1,0,1,24577.3,0,Germany,Male,28
3650,746,2,0.0,2,1,1,16436.6,0,Spain,Male,36
3651,692,6,142084.0,4,1,0,188306.0,1,Germany,Male,45
3652,491,1,95039.1,1,0,1,116471.0,1,Germany,Female,68
3653,637,3,123676.0,1,1,1,166458.0,0,Germany,Male,28
3654,690,5,0.0,2,1,0,138018.0,0,France,Male,33
3655,775,4,178145.0,2,0,0,50168.4,1,Spain,Male,48
3656,632,3,83116.7,1,1,1,27597.8,0,France,Male,71
3657,727,7,96296.8,1,1,0,190458.0,1,Spain,Female,49
3658,632,6,111589.0,1,1,1,170383.0,0,France,Male,32
3659,508,7,205962.0,1,1,0,156424.0,0,France,Male,26
3660,574,1,99774.5,1,0,0,4896.11,1,Germany,Male,54
3661,418,7,0.0,2,1,1,88878.1,0,France,Male,35
3662,777,7,0.0,1,1,0,106472.0,0,France,Male,36
3663,675,8,197437.0,1,1,1,52710.7,0,Spain,Male,32
3664,820,9,111337.0,1,1,0,16770.3,1,Germany,Male,39
3665,586,3,47020.6,2,0,1,63241.2,1,France,Female,60
3666,659,7,149621.0,2,1,1,104534.0,0,Spain,Male,31
3667,748,1,99557.9,1,1,0,199255.0,0,Germany,Female,31
3668,696,8,122022.0,2,1,0,33828.6,0,Germany,Female,31
3669,839,3,0.0,1,1,1,69101.2,1,France,Female,51
3670,683,9,61172.0,1,0,0,82951.1,0,Spain,Male,35
3671,755,7,135643.0,1,0,0,143620.0,1,Germany,Female,45
3672,699,7,0.0,1,0,1,152876.0,1,France,Male,40
3673,760,7,0.0,1,0,0,32863.2,1,France,Male,37
3674,587,2,0.0,4,0,1,106175.0,1,France,Male,40
3675,459,4,133995.0,1,1,1,19287.1,1,Germany,Male,48
3676,689,5,136651.0,1,1,1,41865.7,1,Germany,Female,30
3677,645,9,128515.0,1,0,0,175969.0,0,France,Male,19
3678,534,9,144802.0,1,0,1,12483.4,1,France,Female,42
3679,584,2,114321.0,2,0,0,15959.0,0,France,Female,35
3680,714,8,122017.0,1,0,0,162515.0,0,Spain,Male,33
3681,673,3,108245.0,2,1,1,103574.0,0,Germany,Female,25
3682,779,7,0.0,2,1,1,138543.0,0,Spain,Female,38
3683,606,8,136000.0,2,1,0,31708.5,0,Germany,Male,39
3684,640,9,131607.0,4,0,1,6981.43,1,Germany,Male,39
3685,675,10,0.0,2,1,0,191546.0,0,Spain,Male,32
3686,489,1,79461.0,2,1,1,167974.0,0,Germany,Male,28
3687,754,7,146777.0,2,0,1,150686.0,0,Spain,Female,50
3688,543,5,0.0,2,0,0,101905.0,0,France,Female,42
3689,790,3,0.0,3,0,0,98897.3,0,Spain,Female,37
3690,573,3,65269.2,1,0,1,189989.0,1,Spain,Male,46
3691,692,3,0.0,2,1,0,150802.0,1,Spain,Female,47
3692,702,4,100055.0,1,1,0,109496.0,0,France,Male,34
3693,602,0,0.0,2,1,1,101274.0,0,France,Female,25
3694,682,2,181166.0,1,1,1,63737.2,1,France,Female,35
3695,527,1,0.0,1,1,0,21312.2,1,France,Male,47
3696,805,8,42712.9,2,1,1,28861.7,0,Germany,Female,26
3697,458,5,0.0,2,1,0,79723.8,0,Spain,Male,36
3698,636,4,111285.0,1,0,1,32936.4,1,Spain,Male,52
3699,696,1,110929.0,1,1,1,2766.63,0,France,Male,19
3700,523,8,158351.0,2,1,0,155305.0,0,France,Male,36
3701,598,5,0.0,3,1,1,100723.0,1,France,Female,43
3702,595,8,118548.0,1,1,1,151192.0,0,Germany,Female,26
3703,531,2,0.0,2,0,1,90537.5,0,France,Female,42
3704,515,7,79543.6,1,0,1,38772.8,0,France,Female,25
3705,545,1,132528.0,2,0,1,107430.0,0,Germany,Male,33
3706,813,1,137275.0,1,0,1,115733.0,0,Spain,Male,27
3707,727,0,128214.0,2,1,1,188729.0,1,France,Male,61
3708,681,3,105207.0,2,1,1,163558.0,0,Germany,Female,44
3709,613,3,0.0,2,0,1,136492.0,0,France,Male,44
3710,616,3,136789.0,1,1,0,59346.4,1,France,Female,31
3711,808,7,0.0,2,0,1,23180.4,0,Spain,Male,25
3712,630,7,129838.0,2,0,1,197001.0,0,France,Male,26
3713,625,8,121162.0,1,1,0,48988.3,0,Spain,Male,52
3714,745,8,145071.0,1,0,0,6078.46,0,Germany,Male,36
3715,610,7,72093.0,4,0,1,113229.0,1,France,Female,57
3716,706,2,176140.0,2,1,0,129654.0,0,France,Male,18
3717,584,8,0.0,2,0,1,100835.0,0,Spain,Female,37
3718,610,5,0.0,2,0,0,63736.4,0,Spain,Female,31
3719,647,3,166519.0,2,1,0,147930.0,0,Germany,Female,35
3720,499,6,0.0,2,1,0,73457.5,0,France,Female,46
3721,657,6,76495.0,1,1,0,79071.9,0,France,Male,44
3722,703,5,137762.0,1,1,1,159677.0,0,Spain,Male,73
3723,779,10,119097.0,1,0,1,116978.0,0,France,Male,62
3724,669,1,163160.0,1,0,1,15602.8,0,France,Male,43
3725,732,1,0.0,2,1,1,177783.0,0,Spain,Female,67
3726,642,5,111184.0,2,0,1,10063.8,0,Germany,Male,18
3727,605,5,103155.0,1,0,0,143204.0,0,Spain,Male,41
3728,597,0,142706.0,1,1,0,127233.0,0,France,Female,28
3729,541,6,0.0,2,1,1,83456.7,0,France,Male,46
3730,719,7,0.0,2,1,0,20016.6,0,Spain,Female,33
3731,645,7,59568.6,1,1,1,167723.0,0,France,Female,38
3732,607,8,158262.0,1,1,1,76744.7,0,Spain,Male,36
3733,594,4,0.0,2,1,1,23631.6,0,France,Female,49
3734,724,5,117867.0,1,1,1,62280.9,0,France,Female,69
3735,802,7,0.0,2,0,1,57764.6,0,Spain,Male,38
3736,698,9,133191.0,2,0,1,53289.5,0,Germany,Male,39
3737,565,7,0.0,2,1,1,89609.3,0,France,Male,49
3738,637,9,128940.0,1,1,0,46786.9,0,France,Male,27
3739,538,7,108055.0,2,1,0,27231.3,0,Germany,Male,39
3740,642,6,0.0,2,1,1,97938.6,0,Spain,Female,36
3741,644,9,141235.0,1,1,0,95673.0,0,France,Male,33
3742,696,8,0.0,1,0,0,176713.0,0,Spain,Male,28
3743,733,3,106071.0,1,0,1,101617.0,0,Spain,Male,44
3744,768,8,0.0,2,0,1,69080.5,0,France,Female,40
3745,445,6,0.0,2,1,0,119426.0,0,France,Male,25
3746,509,1,0.0,1,1,0,71244.6,1,France,Female,46
3747,681,2,128393.0,1,1,1,180593.0,0,Spain,Male,30
3748,603,4,102833.0,2,1,1,38829.1,0,France,Male,40
3749,568,1,127289.0,1,0,0,45611.5,0,Spain,Male,28
3750,520,4,156298.0,2,1,1,166103.0,0,France,Male,33
3751,705,7,0.0,1,1,0,63405.2,1,France,Female,49
3752,753,4,79811.7,2,0,1,68260.3,1,Spain,Male,51
3753,676,4,0.0,1,0,1,107956.0,0,Spain,Male,27
3754,829,8,101440.0,2,1,1,19324.5,0,Spain,Female,26
3755,695,1,100421.0,1,1,1,101141.0,0,France,Male,43
3756,653,0,121276.0,1,1,1,160348.0,0,France,Female,74
3757,793,1,96409.0,1,1,1,138192.0,0,Germany,Female,32
3758,650,0,98065.0,1,1,0,52412.0,0,France,Male,33
3759,430,8,153059.0,1,1,0,99377.3,0,Germany,Female,38
3760,689,1,0.0,2,1,1,119447.0,0,France,Female,40
3761,706,9,0.0,2,1,1,28714.3,0,Spain,Male,42
3762,676,2,147803.0,1,1,0,95181.1,1,France,Female,40
3763,610,1,113957.0,2,1,0,196527.0,1,Germany,Male,50
3764,706,3,0.0,3,0,0,88479.0,1,Spain,Female,53
3765,690,2,0.0,2,1,1,3149.1,0,Spain,Female,48
3766,579,8,0.0,2,0,0,91763.7,0,France,Male,38
3767,611,4,78885.9,2,1,1,26927.7,0,Germany,Female,29
3768,466,2,111920.0,3,1,0,197634.0,1,Germany,Female,56
3769,608,8,197716.0,2,1,1,116124.0,0,Germany,Male,23
3770,758,1,0.0,2,1,1,10643.4,0,Spain,Male,56
3771,781,3,0.0,2,1,1,124297.0,0,France,Female,19
3772,753,7,155063.0,1,1,1,16460.8,0,France,Female,39
3773,586,0,0.0,3,0,1,131554.0,1,France,Female,46
3774,508,1,86893.3,1,0,0,59374.8,0,France,Male,35
3775,425,4,0.0,2,1,0,197226.0,0,France,Male,39
3776,774,1,142767.0,1,1,1,8214.41,0,France,Male,49
3777,508,5,82161.7,2,1,0,187776.0,0,Germany,Female,41
3778,639,6,99610.9,2,1,0,187297.0,0,France,Male,43
3779,710,4,116085.0,1,1,0,58601.6,0,France,Female,36
3780,629,9,123949.0,1,1,0,76053.1,0,Germany,Female,38
3781,666,5,0.0,2,1,0,29346.1,0,Spain,Male,43
3782,694,7,121527.0,1,1,0,113481.0,0,Spain,Male,38
3783,667,4,0.0,2,1,1,131835.0,0,France,Male,33
3784,673,2,0.0,1,1,1,13624.0,0,France,Male,37
3785,446,8,0.0,2,0,0,133293.0,0,France,Male,32
3786,630,1,85818.2,1,1,1,133102.0,0,Spain,Female,21
3787,678,2,0.0,2,1,1,58803.3,0,France,Male,31
3788,579,10,73194.5,2,1,1,129209.0,0,France,Female,29
3789,729,4,121405.0,1,1,1,159618.0,0,France,Male,39
3790,719,2,0.0,2,0,0,10772.1,0,Spain,Male,50
3791,644,10,0.0,2,1,1,145090.0,0,Spain,Male,49
3792,652,6,123082.0,2,1,1,188658.0,0,Spain,Female,38
3793,572,9,68193.7,1,1,0,19998.3,0,France,Male,33
3794,682,7,111094.0,2,1,1,64679.3,0,Germany,Female,43
3795,675,1,104017.0,1,0,0,22068.8,1,France,Female,38
3796,733,5,0.0,2,1,1,109128.0,0,France,Male,36
3797,709,3,0.0,2,1,1,82195.1,0,Spain,Male,62
3798,764,10,124023.0,1,1,0,166188.0,0,Germany,Male,28
3799,797,9,0.0,2,1,1,24748.9,0,France,Male,31
3800,707,10,0.0,2,1,0,118368.0,0,Spain,Male,43
3801,477,3,117701.0,1,0,0,74042.0,0,Germany,Female,36
3802,631,3,0.0,2,0,0,30781.8,0,France,Female,22
3803,605,6,0.0,2,1,1,45206.6,0,France,Male,35
3804,670,3,0.0,1,1,1,182650.0,0,Spain,Female,40
3805,704,3,0.0,2,1,0,73018.7,0,Spain,Male,33
3806,732,6,0.0,2,1,0,65731.5,0,France,Female,43
3807,703,7,0.0,2,0,1,72500.7,0,France,Female,42
3808,612,1,0.0,2,1,1,9209.21,0,France,Female,38
3809,585,8,0.0,2,1,0,114182.0,0,Spain,Female,33
3810,627,5,100881.0,1,0,1,134665.0,0,Spain,Male,41
3811,487,1,140137.0,1,1,0,194073.0,0,Spain,Female,36
3812,572,4,152390.0,1,1,0,128124.0,0,Spain,Male,35
3813,611,6,0.0,2,1,0,110783.0,0,France,Female,37
3814,833,8,151226.0,2,1,1,136129.0,0,France,Male,37
3815,758,10,0.0,2,1,1,55313.4,0,Spain,Female,43
3816,512,0,129804.0,1,1,0,53020.9,0,France,Male,36
3817,628,9,149136.0,2,1,1,16402.1,0,France,Male,32
3818,679,0,86843.6,1,0,1,159831.0,0,France,Male,39
3819,592,6,102144.0,2,1,1,102629.0,0,Germany,Female,34
3820,747,1,0.0,2,0,1,180552.0,0,Spain,Male,37
3821,577,4,0.0,1,1,1,79881.4,0,France,Female,37
3822,669,6,113001.0,1,1,0,40467.8,0,France,Female,31
3823,661,8,124099.0,1,1,0,86678.5,0,Germany,Male,35
3824,581,4,0.0,2,1,1,80701.7,0,Spain,Female,50
3825,479,6,118434.0,1,0,1,160061.0,0,Spain,Male,37
3826,700,3,77608.5,2,1,1,175373.0,0,France,Male,37
3827,614,3,123475.0,1,1,1,179228.0,0,France,Female,41
3828,528,7,133201.0,1,0,0,168508.0,1,Germany,Female,62
3829,587,5,125584.0,2,1,1,41852.2,1,Germany,Female,44
3830,642,9,118317.0,4,0,0,78703.0,1,France,Male,48
3831,691,7,123068.0,1,1,1,98162.4,1,Germany,Female,37
3832,777,5,147532.0,1,1,1,38819.4,0,France,Female,42
3833,481,8,0.0,2,1,0,44215.9,0,Spain,Female,37
3834,553,4,0.0,1,1,0,10789.3,0,Spain,Male,44
3835,739,3,59386.0,2,1,1,105534.0,0,Germany,Male,29
3836,741,1,0.0,2,1,0,36557.6,0,France,Female,35
3837,645,5,101430.0,2,0,1,4400.32,0,France,Female,38
3838,622,5,0.0,2,0,0,105296.0,0,France,Male,38
3839,696,0,0.0,2,1,1,9002.8,0,Spain,Female,30
3840,658,2,0.0,2,1,0,52137.7,0,Spain,Male,50
3841,710,6,171138.0,1,1,1,167024.0,1,France,Male,54
3842,850,2,0.0,2,1,0,119970.0,0,Spain,Male,37
3843,512,7,0.0,2,0,0,49326.1,0,France,Female,31
3844,757,9,0.0,2,1,0,177529.0,0,Spain,Female,44
3845,544,4,142406.0,2,1,0,146637.0,0,Germany,Male,39
3846,667,9,0.0,2,0,1,58137.4,0,France,Male,42
3847,569,4,93934.6,1,1,0,184748.0,0,France,Female,35
3848,512,6,144953.0,1,1,1,165035.0,0,France,Male,51
3849,697,2,108129.0,2,1,1,103944.0,0,Germany,Female,48
3850,623,10,0.0,2,0,1,135851.0,0,France,Male,21
3851,518,8,0.0,2,1,1,36193.1,0,France,Female,45
3852,734,3,92637.0,2,1,1,125671.0,0,Spain,Female,39
3853,555,5,127343.0,1,0,1,121789.0,0,Spain,Male,33
3854,619,3,0.0,2,0,1,116467.0,0,France,Female,38
3855,758,5,93499.8,2,0,0,123219.0,0,Spain,Female,40
3856,449,6,0.0,2,1,0,82176.5,0,France,Female,37
3857,395,5,106012.0,1,1,1,17376.6,1,Germany,Female,34
3858,427,8,0.0,1,1,1,13859.0,0,France,Male,33
3859,573,3,154670.0,1,0,1,115462.0,1,Spain,Male,56
3860,544,9,110728.0,1,1,1,14559.6,0,France,Female,32
3861,563,6,0.0,2,0,0,36536.9,0,France,Female,34
3862,718,9,0.0,2,1,1,72105.6,0,France,Male,48
3863,616,5,153861.0,1,1,1,17699.5,0,France,Male,59
3864,499,1,75225.5,2,0,0,144849.0,1,Spain,Female,53
3865,628,9,132351.0,2,1,1,74169.1,0,Germany,Female,30
3866,416,0,97739.0,2,1,1,160523.0,0,Germany,Female,25
3867,726,2,0.0,1,0,0,98060.5,0,France,Male,28
3868,486,8,97819.4,1,0,1,120531.0,0,France,Female,39
3869,850,5,106291.0,1,1,0,121983.0,0,France,Female,32
3870,695,1,0.0,2,1,1,141756.0,0,France,Female,23
3871,505,8,112973.0,1,1,0,145012.0,0,France,Male,26
3872,610,4,129440.0,2,1,0,102638.0,0,France,Male,36
3873,645,9,152077.0,1,1,0,121840.0,1,Germany,Male,47
3874,656,4,139585.0,1,1,0,36308.9,0,Spain,Male,26
3875,573,0,159304.0,1,0,1,155915.0,1,Spain,Male,50
3876,550,9,72788.0,1,1,1,103608.0,0,Spain,Female,33
3877,680,7,105723.0,1,1,1,90558.2,1,Germany,Female,42
3878,655,7,118028.0,1,1,0,51226.3,1,Germany,Male,34
3879,696,4,0.0,2,1,1,66406.4,0,Spain,Female,43
3880,627,9,0.0,2,1,1,107712.0,0,France,Female,57
3881,672,9,0.0,1,1,1,92027.7,1,France,Female,45
3882,692,3,79551.1,1,0,1,178267.0,0,France,Female,36
3883,543,7,0.0,1,1,1,56650.5,0,France,Male,42
3884,500,6,0.0,1,1,1,140268.0,0,France,Female,34
3885,603,9,0.0,1,1,0,138328.0,0,France,Male,44
3886,528,4,85615.7,2,1,0,156192.0,0,France,Female,32
3887,632,3,136556.0,1,1,0,82152.8,1,Spain,Male,31
3888,598,8,114213.0,1,1,1,74322.9,0,France,Male,35
3889,672,1,0.0,1,1,0,12106.8,1,France,Female,50
3890,707,6,0.0,1,0,0,98810.8,0,France,Female,36
3891,601,8,71553.8,1,1,0,177384.0,0,Germany,Male,35
3892,615,9,0.0,2,1,0,150228.0,1,Spain,Male,61
3893,696,8,0.0,2,0,0,191074.0,0,France,Female,31
3894,608,4,88772.9,1,1,1,168822.0,0,France,Female,34
3895,850,6,0.0,1,1,0,944.41,1,France,Male,55
3896,646,8,143062.0,1,1,0,61937.6,0,France,Female,43
3897,523,5,0.0,2,1,1,121428.0,0,France,Male,45
3898,577,4,0.0,2,1,0,91366.4,0,Spain,Female,39
3899,640,9,0.0,2,1,1,199493.0,0,France,Male,68
3900,561,1,81480.3,2,1,1,65234.6,0,France,Female,31
3901,710,1,0.0,2,1,0,168313.0,0,Spain,Male,33
3902,657,8,0.0,2,0,1,123866.0,0,Spain,Male,36
3903,547,6,74596.1,3,1,1,85746.5,1,Germany,Female,39
3904,667,5,0.0,2,1,0,163831.0,0,Spain,Female,34
3905,635,8,0.0,2,1,1,19368.0,1,Spain,Female,32
3906,765,5,86055.2,2,1,1,104220.0,0,Germany,Male,34
3907,730,4,0.0,2,0,1,85982.5,0,Spain,Male,42
3908,570,8,0.0,1,0,1,116504.0,1,France,Female,58
3909,595,7,106570.0,2,0,1,177026.0,0,Germany,Female,25
3910,589,2,0.0,2,1,1,126160.0,1,France,Female,59
3911,666,6,127043.0,1,1,1,8247.0,0,France,Female,38
3912,662,5,138107.0,1,0,0,19596.7,0,France,Female,39
3913,706,4,105215.0,1,1,0,108700.0,1,Germany,Female,46
3914,519,2,112957.0,2,1,0,97593.2,0,France,Male,39
3915,629,6,0.0,2,1,1,133673.0,0,France,Female,61
3916,767,7,0.0,2,1,1,24734.2,0,Spain,Male,37
3917,520,8,133802.0,2,1,1,90304.0,0,Germany,Male,61
3918,624,5,0.0,2,0,0,132419.0,0,France,Female,23
3919,586,2,132450.0,1,1,1,36176.6,0,Spain,Male,29
3920,728,4,142244.0,2,1,0,33074.5,0,France,Female,28
3921,555,9,124969.0,1,1,0,60194.1,0,France,Male,37
3922,767,6,115576.0,1,0,1,27922.4,0,France,Female,35
3923,705,1,0.0,1,1,1,181300.0,0,France,Male,30
3924,538,5,0.0,2,1,0,126934.0,0,Spain,Male,43
3925,731,9,101044.0,1,1,1,192176.0,0,Spain,Male,42
3926,599,3,121160.0,1,0,0,4033.39,1,France,Male,50
3927,490,7,107749.0,1,1,1,3937.37,0,France,Female,35
3928,684,6,137327.0,1,1,0,186977.0,0,Germany,Female,40
3929,761,5,98854.3,1,0,0,86921.0,1,Germany,Male,62
3930,570,4,153040.0,1,1,1,131364.0,1,France,Female,29
3931,683,9,124730.0,1,1,1,51999.5,0,Germany,Male,73
3932,557,1,120043.0,1,1,0,132371.0,1,Germany,Male,57
3933,554,4,58630.0,1,0,0,182039.0,0,Germany,Female,37
3934,629,2,34013.6,1,1,0,19570.6,0,Spain,Female,30
3935,543,3,0.0,2,1,1,78915.7,0,Spain,Male,37
3936,625,1,107570.0,1,1,1,182336.0,0,Spain,Female,69
3937,749,10,76692.2,1,0,1,30396.4,0,Germany,Female,33
3938,633,9,129189.0,2,0,0,170999.0,0,France,Female,39
3939,647,0,98263.5,2,1,0,164718.0,0,France,Female,29
3940,628,3,0.0,1,1,0,85426.3,0,Spain,Female,22
3941,593,1,0.0,2,0,0,9984.4,0,France,Male,33
3942,569,7,0.0,1,1,1,108469.0,0,France,Male,38
3943,755,1,0.0,2,1,0,20734.8,0,France,Female,38
3944,587,3,125445.0,2,1,1,130515.0,0,Germany,Female,32
3945,511,8,153896.0,1,1,1,39087.4,0,Germany,Female,41
3946,562,6,0.0,2,1,0,32845.3,0,France,Male,36
3947,461,1,186445.0,2,1,1,196768.0,0,Germany,Female,74
3948,764,4,113607.0,1,1,0,91094.5,0,Spain,Male,38
3949,656,5,136963.0,1,1,0,133814.0,0,Spain,Male,32
3950,766,9,129290.0,1,1,0,169935.0,1,Germany,Male,47
3951,783,1,0.0,3,1,1,80178.5,1,Spain,Male,38
3952,598,4,0.0,2,0,0,60894.3,0,France,Female,34
3953,687,9,122571.0,1,1,1,35608.9,0,France,Male,38
3954,637,5,0.0,1,0,1,150837.0,0,Spain,Female,54
3955,552,4,0.0,2,0,0,195692.0,0,Spain,Male,42
3956,720,9,115921.0,2,0,0,157552.0,1,Germany,Male,60
3957,584,3,0.0,2,1,1,160095.0,0,France,Female,41
3958,757,1,122089.0,1,1,0,42581.1,0,Germany,Male,33
3959,811,9,180226.0,1,1,0,13464.6,1,France,Male,46
3960,524,10,118569.0,2,0,0,82117.2,0,France,Male,44
3961,584,9,104584.0,1,1,0,176679.0,0,France,Male,38
3962,590,9,0.0,2,1,1,104731.0,0,France,Male,39
3963,539,0,83459.9,1,1,1,146753.0,0,France,Male,20
3964,573,4,129109.0,1,0,0,149815.0,1,France,Female,26
3965,539,6,0.0,2,1,1,86767.5,0,France,Male,39
3966,678,2,101100.0,2,0,1,193476.0,0,Germany,Male,48
3967,657,10,0.0,2,1,1,52990.7,0,Spain,Male,40
3968,774,5,126670.0,1,1,0,102426.0,0,France,Female,41
3969,419,2,121580.0,1,0,1,134721.0,0,Spain,Female,27
3970,492,10,124577.0,2,1,0,148585.0,0,Germany,Male,39
3971,721,7,0.0,1,0,1,53534.8,0,Spain,Male,38
3972,738,4,92676.3,1,1,0,105818.0,0,France,Male,33
3973,678,0,0.0,1,1,0,35113.1,0,Spain,Male,30
3974,600,2,119755.0,1,1,1,21852.9,0,Germany,Male,30
3975,742,1,137938.0,1,1,1,51387.1,0,Germany,Male,33
3976,609,1,0.0,1,0,1,18708.8,0,France,Male,77
3977,719,10,95052.3,1,1,0,176245.0,0,Germany,Female,76
3978,530,7,0.0,2,1,0,104170.0,0,Spain,Female,22
3979,694,8,133767.0,1,1,0,36405.2,0,France,Male,42
3980,594,2,133853.0,1,1,1,65361.7,0,France,Male,35
3981,526,6,131939.0,2,1,1,1795.93,0,Germany,Female,32
3982,408,8,87873.4,1,0,0,188485.0,1,France,Female,84
3983,704,8,167998.0,1,1,1,173498.0,0,Spain,Male,48
3984,785,1,0.0,2,1,0,45113.9,1,Spain,Female,54
3985,679,0,88335.0,1,0,0,159585.0,0,Germany,Female,32
3986,555,1,0.0,2,1,0,101667.0,0,Spain,Female,35
3987,560,1,0.0,1,0,0,128883.0,1,Spain,Male,47
3988,684,9,79263.9,1,0,1,196574.0,0,Spain,Female,24
3989,754,7,0.0,2,1,1,65219.9,0,France,Male,34
3990,648,2,0.0,2,0,1,9551.49,0,France,Female,38
3991,850,7,104450.0,1,1,1,747.88,0,Germany,Female,40
3992,850,7,131317.0,1,1,1,119175.0,0,France,Male,56
3993,673,8,127133.0,1,0,1,6009.27,1,Spain,Male,43
3994,796,6,0.0,2,0,1,194733.0,0,France,Male,51
3995,546,8,0.0,2,1,1,14858.1,0,France,Female,27
3996,515,9,0.0,2,0,0,94141.8,0,France,Female,28
3997,602,7,0.0,2,1,1,56323.2,0,France,Female,63
3998,542,6,113568.0,1,1,0,89543.2,0,Spain,Male,43
3999,501,9,117302.0,1,0,0,182026.0,0,France,Female,39
4000,457,7,164497.0,1,1,1,163327.0,0,France,Female,38
4001,720,1,162082.0,4,0,0,27145.7,1,Germany,Female,57
4002,621,5,0.0,1,1,1,47578.4,0,France,Female,43
4003,627,2,125191.0,1,0,1,84584.7,0,France,Male,37
4004,572,3,152828.0,1,1,0,38411.8,1,Germany,Female,48
4005,498,2,0.0,2,1,1,148528.0,0,France,Male,34
4006,638,1,123917.0,1,1,0,16657.7,1,Germany,Female,53
4007,581,3,135157.0,1,1,1,32919.4,0,Germany,Female,38
4008,699,6,114494.0,1,0,0,138396.0,0,Spain,Male,31
4009,705,5,0.0,1,1,0,133991.0,1,France,Female,35
4010,646,4,101629.0,1,0,0,130541.0,0,France,Female,51
4011,517,2,0.0,2,0,1,75937.5,0,France,Male,41
4012,584,4,0.0,2,1,0,88866.9,0,Spain,Female,29
4013,653,8,119316.0,1,1,0,150468.0,0,France,Male,38
4014,779,10,122200.0,2,1,0,43705.6,0,Germany,Female,24
4015,604,8,149543.0,2,0,1,197912.0,0,France,Male,26
4016,530,2,0.0,2,1,1,14721.8,0,Spain,Female,36
4017,722,5,106808.0,1,1,1,76998.7,0,Germany,Female,32
4018,492,4,141359.0,2,1,0,39519.5,0,France,Male,35
4019,738,3,0.0,2,1,0,67484.2,0,France,Female,26
4020,559,1,0.0,1,0,1,1050.33,0,Spain,Female,27
4021,663,2,141727.0,1,1,1,58257.2,0,Germany,Female,46
4022,757,3,145396.0,1,0,1,198341.0,0,Spain,Male,30
4023,655,9,144697.0,1,1,1,49025.8,0,Germany,Male,52
4024,699,1,0.0,2,0,1,30117.4,0,Spain,Male,47
4025,728,8,125885.0,2,1,0,54359.0,1,Germany,Female,35
4026,526,5,145537.0,1,1,0,132405.0,0,Germany,Male,31
4027,556,1,128664.0,2,1,0,125083.0,0,Germany,Female,31
4028,673,5,137494.0,1,1,0,81753.9,0,France,Female,40
4029,445,7,0.0,2,1,0,122626.0,0,France,Female,33
4030,540,6,0.0,2,1,0,141999.0,0,France,Male,37
4031,509,3,108739.0,2,1,0,106921.0,0,Spain,Female,25
4032,565,8,130368.0,2,1,0,105642.0,0,Germany,Male,33
4033,643,6,0.0,2,1,1,116046.0,0,Spain,Male,34
4034,754,9,0.0,1,1,0,189641.0,0,Spain,Female,19
4035,584,7,105204.0,1,0,1,138490.0,0,Germany,Female,29
4036,530,9,75242.3,1,0,1,101695.0,0,Germany,Male,33
4037,565,5,126645.0,1,1,1,168304.0,0,France,Female,38
4038,542,8,101116.0,1,1,0,196395.0,0,France,Male,34
4039,666,4,0.0,2,0,0,88751.5,0,France,Female,27
4040,679,1,130464.0,2,1,1,37341.2,0,Germany,Male,35
4041,622,4,107879.0,1,0,1,196895.0,0,France,Female,30
4042,462,1,94682.6,2,1,0,138478.0,0,Germany,Male,34
4043,518,5,110625.0,1,1,0,89327.7,0,Germany,Female,41
4044,588,4,0.0,2,1,1,27435.4,0,Spain,Male,59
4045,499,4,141793.0,1,1,1,22001.9,0,France,Female,28
4046,640,7,154576.0,1,1,0,25722.3,1,France,Male,33
4047,576,6,0.0,2,0,0,72306.1,0,Spain,Male,19
4048,562,5,165445.0,2,1,0,85787.3,0,Spain,Male,41
4049,785,6,127211.0,1,0,0,191962.0,0,Germany,Female,33
4050,665,5,67816.7,1,1,1,29641.6,0,France,Female,34
4051,753,6,0.0,2,1,1,136399.0,0,France,Female,62
4052,511,6,149726.0,1,0,0,88307.9,1,Germany,Male,48
4053,819,1,120657.0,4,0,0,166164.0,1,Germany,Female,49
4054,685,2,0.0,3,1,1,172576.0,1,Spain,Female,30
4055,780,0,0.0,1,0,1,15705.3,0,France,Female,43
4056,841,4,0.0,2,1,0,141583.0,0,France,Male,34
4057,662,4,155187.0,1,1,0,48930.8,0,Spain,Male,37
4058,684,9,122550.0,2,0,1,137836.0,0,France,Female,27
4059,737,8,0.0,2,1,0,106390.0,0,France,Male,28
4060,655,9,0.0,2,0,0,108008.0,0,Spain,Female,27
4061,843,8,134888.0,1,1,1,10804.0,0,France,Female,38
4062,787,0,132217.0,1,1,0,20955.0,1,Germany,Male,43
4063,706,6,120622.0,1,1,1,140804.0,0,Germany,Female,47
4064,560,3,115141.0,1,1,0,39806.8,0,France,Female,31
4065,514,8,0.0,2,1,0,95857.2,0,France,Male,32
4066,470,3,101141.0,1,1,1,50906.6,0,France,Male,30
4067,680,1,0.0,2,1,1,3148.2,0,France,Male,31
4068,646,2,0.0,1,1,1,170821.0,1,Spain,Male,31
4069,477,5,82559.4,2,0,0,163113.0,1,France,Male,22
4070,558,10,111363.0,2,1,0,197264.0,0,Germany,Male,25
4071,850,5,174088.0,4,1,0,5669.31,1,Spain,Female,45
4072,790,7,107418.0,1,0,1,160450.0,0,Germany,Male,24
4073,652,7,0.0,2,1,0,68789.9,0,Spain,Male,37
4074,499,5,131143.0,2,1,0,174918.0,0,Germany,Male,36
4075,631,8,0.0,2,0,0,117374.0,0,France,Female,33
4076,549,5,92877.3,1,1,0,2619.64,1,Germany,Male,54
4077,499,0,147188.0,1,1,1,14868.9,1,Spain,Female,42
4078,736,9,81732.9,2,1,0,136497.0,0,Germany,Female,25
4079,658,5,75395.5,2,0,1,54914.9,0,Germany,Male,29
4080,495,8,120252.0,2,1,1,10160.2,0,Germany,Male,39
4081,618,2,168178.0,2,0,1,101273.0,0,France,Male,37
4082,725,7,115183.0,2,1,1,177279.0,0,Germany,Female,33
4083,733,2,113939.0,2,1,0,3218.71,0,Germany,Male,45
4084,625,6,173435.0,1,1,0,165581.0,1,France,Male,49
4085,523,2,102967.0,1,1,0,128702.0,1,France,Female,40
4086,614,2,127284.0,1,1,1,31302.3,0,Spain,Male,35
4087,794,3,117056.0,1,1,0,93336.9,1,Germany,Male,57
4088,650,8,0.0,2,1,1,102926.0,0,France,Male,60
4089,811,1,101515.0,1,1,1,121765.0,0,France,Male,40
4090,719,7,114416.0,1,1,1,177497.0,0,France,Female,22
4091,640,6,89799.5,2,0,1,13783.8,1,France,Female,47
4092,651,1,116647.0,1,1,0,44731.8,1,Germany,Female,42
4093,748,2,92911.5,1,0,1,85495.2,0,France,Male,44
4094,718,7,93148.7,2,1,1,190746.0,0,Germany,Female,39
4095,693,2,0.0,2,1,1,107759.0,0,France,Male,31
4096,612,2,131629.0,2,1,0,122110.0,1,Spain,Female,63
4097,528,1,125567.0,1,1,1,176763.0,0,France,Male,34
4098,740,5,108028.0,2,0,0,25980.4,1,France,Female,60
4099,759,8,0.0,2,1,1,99251.2,0,France,Female,45
4100,450,7,117200.0,1,1,1,43480.6,0,France,Male,29
4101,754,2,0.0,2,1,0,180698.0,0,France,Male,38
4102,811,6,0.0,2,1,1,180591.0,0,France,Male,30
4103,778,9,182275.0,2,1,0,190631.0,0,Germany,Male,31
4104,573,8,98765.8,1,1,1,96015.5,0,Spain,Female,72
4105,733,10,141557.0,1,1,0,130190.0,0,France,Male,51
4106,760,0,77993.0,2,1,1,97906.4,0,Germany,Male,42
4107,670,6,158720.0,1,1,1,118607.0,0,Spain,Male,67
4108,428,2,0.0,2,1,0,54487.4,0,France,Female,31
4109,608,7,75801.7,1,1,0,125763.0,0,Spain,Male,48
4110,637,3,172196.0,1,1,1,104770.0,0,Spain,Male,43
4111,641,0,123836.0,2,0,1,160111.0,0,France,Female,53
4112,599,6,120383.0,1,1,1,24903.1,0,France,Male,25
4113,758,7,0.0,2,0,0,82996.5,0,France,Female,33
4114,549,1,0.0,1,0,1,8636.05,1,France,Female,52
4115,607,4,112071.0,3,1,0,173568.0,1,France,Female,48
4116,694,0,107043.0,1,1,1,102284.0,0,Spain,Male,39
4117,505,9,131355.0,3,1,0,195395.0,1,Spain,Female,45
4118,624,3,0.0,1,1,1,65801.4,0,France,Male,80
4119,490,5,96341.0,2,0,0,108313.0,0,Germany,Male,33
4120,740,4,114319.0,2,1,0,129334.0,1,Germany,Male,40
4121,592,5,149950.0,1,1,1,76267.6,0,France,Female,66
4122,850,1,0.0,2,0,1,69052.9,0,Spain,Female,24
4123,623,1,106012.0,2,0,1,191416.0,0,France,Male,23
4124,591,8,132508.0,1,1,1,161305.0,1,Germany,Female,51
4125,593,5,101714.0,3,1,0,134595.0,0,Germany,Female,29
4126,850,7,114285.0,1,0,1,129661.0,0,Germany,Female,35
4127,558,9,0.0,2,1,0,103787.0,0,France,Female,47
4128,437,6,126803.0,2,1,1,161133.0,0,Germany,Male,35
4129,422,2,0.0,2,1,0,102655.0,0,France,Female,33
4130,850,1,211774.0,1,1,0,188574.0,1,France,Female,35
4131,668,9,0.0,2,0,0,41291.7,0,France,Female,31
4132,779,2,128390.0,1,1,1,6589.16,1,Germany,Female,37
4133,758,10,79857.6,1,1,1,78088.2,0,Germany,Male,41
4134,724,7,115315.0,1,1,0,15216.5,0,Germany,Male,30
4135,548,4,0.0,2,0,1,48673.2,0,France,Female,29
4136,527,4,0.0,1,1,0,169362.0,0,France,Male,31
4137,654,5,0.0,2,0,1,47139.1,0,Spain,Female,54
4138,531,6,75302.9,2,0,0,57034.4,0,Spain,Female,42
4139,590,1,0.0,2,1,0,48876.8,0,France,Male,36
4140,624,2,0.0,2,1,0,87310.6,0,Spain,Male,35
4141,566,1,142121.0,1,1,0,79616.4,0,France,Male,36
4142,720,4,0.0,2,1,0,163471.0,0,France,Male,44
4143,458,5,166492.0,1,1,0,135288.0,0,Spain,Female,35
4144,507,4,89349.5,2,0,0,180627.0,0,France,Female,29
4145,782,5,148667.0,1,1,0,2605.65,1,Germany,Female,72
4146,690,10,0.0,2,1,0,55902.9,0,Spain,Male,36
4147,669,8,0.0,2,0,1,128538.0,0,Spain,Female,33
4148,646,6,90212.0,1,1,0,13911.3,1,Germany,Female,57
4149,660,6,109869.0,1,1,1,154642.0,0,Spain,Male,38
4150,741,4,0.0,2,1,1,73873.6,0,Spain,Male,25
4151,439,3,96196.2,4,1,0,198875.0,1,Spain,Male,52
4152,701,7,0.0,2,1,0,23425.8,0,France,Male,44
4153,740,7,0.0,1,1,1,13177.4,0,France,Male,36
4154,796,1,99746.0,1,1,0,177524.0,0,Germany,Female,40
4155,763,7,143966.0,2,1,1,140263.0,1,Germany,Male,31
4156,599,10,118577.0,1,1,1,31448.5,0,France,Male,44
4157,624,4,170252.0,3,1,1,73679.6,1,France,Female,71
4158,567,5,0.0,2,0,0,168522.0,0,France,Male,39
4159,616,3,94263.9,2,1,0,168895.0,0,France,Male,31
4160,688,8,137624.0,2,1,1,197583.0,0,France,Male,20
4161,648,8,146943.0,2,1,1,130041.0,0,Spain,Male,36
4162,649,5,0.0,2,1,1,76946.6,0,France,Male,46
4163,666,5,123873.0,1,1,1,177844.0,0,France,Male,46
4164,717,5,0.0,2,1,1,145552.0,0,France,Female,36
4165,552,2,132907.0,1,0,1,149384.0,0,Germany,Male,39
4166,649,8,0.0,2,1,0,161668.0,0,Spain,Male,36
4167,467,5,0.0,2,1,1,7415.96,0,Spain,Male,39
4168,567,8,153138.0,1,1,0,88659.1,0,Spain,Male,35
4169,773,5,0.0,1,1,0,28266.9,1,Spain,Female,41
4170,819,1,0.0,2,0,1,3385.04,0,France,Male,35
4171,717,10,102185.0,2,1,0,23231.9,0,Germany,Female,33
4172,526,2,0.0,2,0,0,58011.0,0,Spain,Male,38
4173,710,2,140080.0,3,1,1,157908.0,1,Germany,Male,43
4174,562,3,0.0,2,1,0,105986.0,0,France,Male,62
4175,786,2,104336.0,2,0,0,59559.8,0,Germany,Female,32
4176,679,6,0.0,2,1,1,77331.8,0,France,Male,60
4177,695,7,121454.0,1,0,0,46374.6,0,France,Female,42
4178,667,6,144432.0,1,1,1,73963.2,1,France,Female,38
4179,534,7,121552.0,2,1,1,70179.0,0,France,Female,34
4180,850,9,122506.0,1,0,1,199694.0,1,Germany,Male,37
4181,590,3,0.0,2,1,0,171774.0,0,France,Male,47
4182,584,4,82441.8,1,0,0,80852.1,0,France,Female,40
4183,633,1,0.0,1,1,0,100599.0,0,France,Male,25
4184,712,2,0.0,1,0,1,121233.0,0,France,Male,24
4185,686,2,134896.0,1,1,1,97847.0,0,Germany,Male,43
4186,510,6,0.0,2,1,1,175518.0,0,France,Male,44
4187,678,1,0.0,2,0,1,130447.0,0,France,Female,31
4188,631,7,0.0,2,1,0,181606.0,0,Spain,Male,38
4189,672,8,170009.0,1,0,0,56407.4,1,France,Male,52
4190,598,0,125488.0,1,0,0,158112.0,0,France,Male,38
4191,594,4,0.0,1,1,0,5408.74,1,France,Female,53
4192,642,1,160541.0,2,1,1,142224.0,0,France,Male,72
4193,657,7,99165.8,1,0,1,119334.0,1,Germany,Male,40
4194,766,7,92510.9,2,0,1,66193.6,0,France,Female,52
4195,641,6,0.0,2,1,0,45309.2,0,France,Male,37
4196,635,3,134692.0,2,1,1,83773.0,0,France,Male,34
4197,541,7,90373.3,2,1,0,179862.0,0,Germany,Male,51
4198,850,5,0.0,1,1,1,3830.59,0,Spain,Female,32
4199,597,0,131778.0,1,0,0,10703.5,1,France,Female,60
4200,613,9,111927.0,1,1,1,175796.0,0,Spain,Male,30
4201,567,4,118629.0,1,0,0,91973.6,0,Spain,Male,40
4202,571,4,85755.9,1,1,0,145116.0,0,France,Female,30
4203,850,4,114348.0,2,1,1,109089.0,0,Spain,Female,45
4204,787,10,145989.0,2,1,1,79510.4,0,France,Female,42
4205,809,4,0.0,2,1,0,193519.0,0,France,Female,24
4206,498,3,152040.0,1,1,1,53445.2,1,Germany,Male,42
4207,716,8,112808.0,1,0,1,17848.3,0,France,Female,35
4208,656,7,145933.0,1,1,1,199392.0,0,France,Female,45
4209,591,5,0.0,2,1,1,48606.9,0,France,Male,28
4210,666,10,112537.0,2,1,1,34350.5,0,France,Female,32
4211,584,8,40172.9,1,1,1,137439.0,0,Germany,Male,32
4212,625,8,129944.0,2,0,0,198915.0,0,France,Female,36
4213,679,7,0.0,2,1,1,163757.0,0,Spain,Female,40
4214,737,7,130052.0,2,0,0,55356.4,1,Spain,Female,39
4215,722,9,0.0,2,1,0,31921.9,0,Spain,Male,37
4216,661,5,136425.0,1,1,0,81102.8,0,France,Female,37
4217,682,9,0.0,2,1,1,103318.0,0,Spain,Female,64
4218,714,3,0.0,2,0,1,150466.0,0,Spain,Male,20
4219,678,5,87099.9,2,1,0,149551.0,0,Spain,Female,27
4220,678,3,204511.0,1,0,1,738.88,1,France,Female,49
4221,494,7,0.0,2,1,1,6203.66,0,Spain,Male,38
4222,527,6,126664.0,1,1,1,162268.0,0,Germany,Female,30
4223,645,1,68079.8,1,0,1,166265.0,0,Spain,Male,38
4224,727,2,93816.7,2,1,0,126172.0,0,Germany,Female,18
4225,626,10,0.0,2,0,0,164288.0,0,France,Male,44
4226,517,8,154111.0,2,1,0,101240.0,1,Germany,Female,59
4227,698,8,96781.4,1,1,1,153374.0,0,Germany,Male,52
4228,703,2,0.0,2,1,0,108791.0,0,France,Male,36
4229,587,6,132603.0,1,1,0,55775.7,0,Germany,Male,33
4230,635,1,0.0,1,1,1,58907.1,1,France,Female,58
4231,646,5,142645.0,2,1,1,142208.0,1,Spain,Female,50
4232,726,6,99906.2,1,1,0,64323.2,0,Spain,Female,48
4233,645,4,59893.9,2,1,0,43999.6,0,Spain,Male,36
4234,690,3,118098.0,1,1,0,61257.8,0,France,Female,26
4235,580,9,0.0,2,0,1,77108.7,0,France,Male,37
4236,611,7,128487.0,2,1,0,10109.5,0,Germany,Female,40
4237,652,5,0.0,2,1,1,937.15,0,France,Female,74
4238,842,3,141252.0,4,0,1,128521.0,1,France,Male,44
4239,618,5,133476.0,1,0,1,154843.0,0,Spain,Male,32
4240,530,9,162560.0,1,1,0,64129.0,0,France,Male,25
4241,682,0,110654.0,1,0,1,111879.0,0,France,Female,26
4242,519,8,0.0,1,0,1,167553.0,0,France,Female,22
4243,498,7,109201.0,2,0,1,165990.0,0,Germany,Male,45
4244,568,7,0.0,2,1,0,143451.0,0,France,Male,33
4245,617,3,113859.0,1,1,1,38129.2,0,Spain,Male,61
4246,490,1,0.0,3,1,0,171060.0,1,France,Male,39
4247,659,8,0.0,2,0,0,112572.0,0,France,Male,20
4248,602,6,158415.0,1,1,1,131886.0,0,Germany,Female,42
4249,543,4,0.0,2,1,1,148306.0,0,France,Male,64
4250,655,6,146499.0,1,1,0,64853.5,1,Germany,Female,44
4251,536,8,0.0,1,1,0,171840.0,1,France,Female,35
4252,516,9,102541.0,1,1,0,181490.0,0,Spain,Female,65
4253,645,10,0.0,2,0,1,166707.0,0,France,Male,44
4254,701,2,160417.0,1,0,1,37266.4,0,France,Female,43
4255,579,6,0.0,1,1,0,94993.0,1,Spain,Male,33
4256,599,3,128960.0,2,1,1,40318.3,0,Germany,Male,36
4257,810,3,27288.4,1,1,1,110510.0,0,Germany,Male,69
4258,513,7,60515.1,1,0,0,124571.0,0,Germany,Male,34
4259,716,8,0.0,2,1,1,92607.0,0,France,Female,22
4260,554,4,0.0,2,1,1,193412.0,0,Spain,Female,45
4261,670,3,47364.4,1,1,1,148579.0,1,France,Female,40
4262,576,7,132174.0,2,0,0,93767.0,0,Germany,Male,30
4263,597,8,78128.1,2,0,1,109153.0,0,France,Male,44
4264,738,1,94435.5,2,0,1,189431.0,0,France,Female,39
4265,642,3,0.0,2,0,0,171464.0,0,France,Male,38
4266,636,2,115265.0,1,0,0,191628.0,0,Germany,Female,28
4267,681,7,157762.0,1,0,0,147760.0,0,France,Male,23
4268,725,4,86459.8,1,1,1,141477.0,0,France,Male,66
4269,575,8,123925.0,1,0,0,111343.0,1,Spain,Male,52
4270,535,7,111756.0,1,1,0,8128.32,1,Germany,Male,40
4271,713,4,121173.0,1,1,1,56269.0,0,France,Female,25
4272,768,0,78396.1,1,1,1,8316.19,0,France,Male,25
4273,679,8,77373.9,2,0,1,174873.0,0,Germany,Female,37
4274,491,3,107572.0,1,0,1,113696.0,0,France,Female,68
4275,551,2,128411.0,2,1,1,181719.0,0,Spain,Male,76
4276,731,9,79120.3,1,0,0,548.52,1,Germany,Female,43
4277,726,2,105474.0,1,1,1,46044.7,0,Spain,Female,56
4278,681,0,120549.0,2,1,0,175722.0,0,France,Female,41
4279,682,9,0.0,2,1,1,2053.42,0,France,Male,30
4280,437,6,0.0,1,1,0,148331.0,1,France,Female,43
4281,639,1,103015.0,2,1,1,139094.0,0,France,Female,35
4282,763,1,66101.9,1,1,1,143981.0,0,Germany,Female,61
4283,813,6,98088.1,1,0,1,26687.2,1,Germany,Female,36
4284,775,10,60205.2,2,1,0,14073.1,0,Germany,Male,25
4285,636,9,157099.0,1,1,1,153535.0,0,Germany,Female,37
4286,520,1,73493.2,1,0,1,109626.0,1,France,Female,39
4287,478,1,0.0,2,1,1,197916.0,0,Spain,Male,43
4288,679,9,0.0,2,0,1,61761.8,0,Spain,Female,28
4289,614,8,121558.0,1,1,1,598.8,0,France,Female,41
4290,614,7,120599.0,2,1,1,46163.4,0,Germany,Female,31
4291,516,2,112774.0,2,1,1,139367.0,0,France,Female,43
4292,850,2,101100.0,2,1,1,35337.3,0,Germany,Male,28
4293,508,8,72541.5,1,1,0,129803.0,0,France,Male,31
4294,785,8,0.0,2,1,0,77231.3,0,France,Male,28
4295,605,5,0.0,2,1,1,42135.3,0,France,Female,32
4296,525,10,0.0,2,1,0,69362.0,0,Spain,Female,25
4297,624,0,180303.0,2,1,0,163588.0,0,Germany,Female,35
4298,436,3,104339.0,2,1,1,183540.0,1,Germany,Male,45
4299,758,0,129143.0,2,1,1,26606.3,0,Germany,Male,33
4300,747,2,129729.0,1,1,0,89289.5,0,Germany,Male,38
4301,577,4,108155.0,1,1,0,105408.0,0,France,Female,35
4302,684,9,0.0,2,1,1,65257.6,0,France,Male,34
4303,497,6,111769.0,2,1,0,55859.3,0,Germany,Male,24
4304,542,7,107872.0,1,1,0,125303.0,0,France,Male,32
4305,471,6,104593.0,2,1,0,131736.0,0,Germany,Male,23
4306,605,3,136189.0,1,1,1,67110.6,1,France,Female,51
4307,611,9,0.0,2,1,1,53277.1,0,France,Male,64
4308,680,9,0.0,2,1,0,36145.5,0,France,Male,31
4309,467,1,0.0,2,1,1,114449.0,0,France,Male,57
4310,676,1,108349.0,1,0,0,60231.7,1,Germany,Female,26
4311,683,5,127617.0,1,1,0,123846.0,0,France,Female,38
4312,714,9,148467.0,2,0,1,151281.0,0,France,Male,37
4313,772,3,75075.3,2,1,0,92888.5,1,Germany,Male,42
4314,655,7,111853.0,2,1,0,10511.1,0,France,Female,37
4315,613,6,146035.0,1,1,1,77146.1,0,France,Male,47
4316,683,2,0.0,2,0,1,100497.0,1,France,Female,30
4317,600,4,143745.0,2,1,0,104077.0,0,France,Male,35
4318,626,3,0.0,2,1,1,37870.3,0,France,Female,34
4319,725,1,118851.0,1,1,1,102747.0,0,France,Female,36
4320,828,8,129433.0,2,0,0,38131.8,0,France,Male,34
4321,605,9,0.0,2,1,0,198092.0,0,France,Male,27
4322,762,1,139433.0,1,1,1,85606.8,0,France,Male,20
4323,572,5,0.0,1,0,1,41139.1,0,France,Male,33
4324,850,7,79260.0,1,0,1,186911.0,0,France,Female,39
4325,602,8,0.0,2,1,1,112929.0,0,France,Female,33
4326,616,6,132312.0,1,0,0,15462.8,0,Spain,Female,36
4327,649,1,122214.0,1,0,1,88965.5,0,France,Male,38
4328,618,5,126474.0,1,1,0,91972.5,0,Spain,Male,38
4329,763,1,149437.0,2,0,1,106283.0,0,France,Male,67
4330,593,9,114193.0,1,1,0,71154.1,0,France,Male,35
4331,620,9,159493.0,1,1,0,80582.3,1,Germany,Male,39
4332,535,7,111855.0,2,1,1,36278.9,0,France,Female,31
4333,642,3,0.0,2,1,1,88698.8,0,France,Male,32
4334,722,3,0.0,2,0,1,167985.0,0,France,Female,38
4335,774,4,0.0,2,0,0,114899.0,0,France,Female,32
4336,734,3,0.0,2,1,0,107640.0,0,France,Male,30
4337,781,3,128346.0,2,1,0,63218.9,0,France,Female,38
4338,680,9,0.0,2,1,1,95686.6,0,France,Male,34
4339,715,4,40169.9,2,1,1,199857.0,0,Spain,Female,35
4340,575,8,137937.0,1,1,1,84475.1,0,France,Female,57
4341,769,6,0.0,2,0,0,104394.0,0,Spain,Male,38
4342,850,9,99816.5,1,1,1,163990.0,1,France,Female,40
4343,745,5,65095.4,2,1,1,140197.0,0,Germany,Male,38
4344,850,2,72079.7,1,1,1,115768.0,0,France,Male,34
4345,695,4,65521.2,1,1,1,1243.97,0,Spain,Male,39
4346,758,2,84378.9,1,1,1,75396.4,0,France,Female,32
4347,600,1,78535.2,1,1,0,64349.6,0,France,Female,32
4348,739,5,113113.0,1,1,0,129181.0,0,Germany,Female,25
4349,570,4,122029.0,2,1,1,173793.0,0,Germany,Male,29
4350,809,2,0.0,1,1,0,160977.0,1,Spain,Female,48
4351,590,9,0.0,2,1,0,138889.0,0,France,Male,32
4352,713,6,115029.0,1,0,0,191521.0,1,France,Male,53
4353,613,4,100447.0,1,0,1,149654.0,0,France,Male,26
4354,572,6,0.0,1,0,1,175025.0,0,France,Female,30
4355,766,6,97653.0,1,1,0,127332.0,0,Germany,Female,45
4356,719,9,146605.0,1,1,1,77119.5,0,France,Male,32
4357,554,10,74988.6,2,0,1,190155.0,0,France,Female,35
4358,610,10,140364.0,2,1,1,129564.0,0,Spain,Female,37
4359,656,6,59877.3,1,1,0,14032.6,1,Spain,Female,34
4360,540,1,0.0,1,0,1,108419.0,0,Spain,Male,39
4361,541,4,0.0,1,1,1,114951.0,0,France,Female,32
4362,611,7,0.0,1,0,1,73585.2,1,Spain,Male,52
4363,572,8,97750.1,3,1,1,193014.0,1,Germany,Male,51
4364,691,7,0.0,2,0,0,81617.4,0,France,Male,38
4365,812,3,127118.0,2,1,1,174823.0,0,Spain,Male,38
4366,601,8,0.0,3,0,1,110916.0,1,France,Female,43
4367,594,0,142575.0,2,1,0,129085.0,0,Germany,Male,28
4368,678,2,113383.0,1,1,1,135124.0,0,Germany,Female,37
4369,660,6,166070.0,2,0,0,90494.7,0,Germany,Female,23
4370,626,3,0.0,1,1,1,65010.7,0,Spain,Male,62
4371,788,5,0.0,2,0,0,116978.0,0,France,Female,33
4372,642,7,0.0,2,1,0,183963.0,0,France,Female,40
4373,646,6,84026.9,1,0,1,164256.0,0,France,Male,35
4374,774,3,121419.0,1,1,1,24400.4,0,France,Female,35
4375,703,1,149762.0,1,1,0,20629.4,1,France,Male,37
4376,594,0,79341.0,1,1,0,78255.9,0,France,Female,31
4377,769,9,0.0,1,1,1,47722.8,0,Spain,Male,39
4378,640,7,111833.0,1,1,0,67202.7,0,France,Male,44
4379,555,10,113270.0,2,1,1,185387.0,0,Germany,Male,41
4380,677,3,102396.0,1,1,0,119369.0,0,Germany,Female,26
4381,593,9,134097.0,2,1,0,53931.1,1,Germany,Female,32
4382,687,4,0.0,2,1,1,50267.7,0,Spain,Female,72
4383,493,8,142987.0,2,1,0,158841.0,0,France,Female,37
4384,640,2,116800.0,1,1,1,34130.4,0,Germany,Female,74
4385,576,7,130575.0,1,0,1,173630.0,0,Germany,Male,29
4386,636,2,40105.5,2,0,1,53512.2,0,Germany,Male,34
4387,674,10,0.0,2,1,1,138423.0,0,France,Female,26
4388,678,5,102338.0,1,1,1,79649.6,0,France,Male,43
4389,660,5,155931.0,1,1,1,158338.0,0,Spain,Female,61
4390,687,7,0.0,3,1,0,155854.0,1,Spain,Female,44
4391,643,5,0.0,1,1,0,142514.0,1,France,Male,45
4392,627,2,159441.0,1,1,0,100686.0,1,France,Female,55
4393,551,10,0.0,2,1,1,216.27,0,France,Female,38
4394,704,9,153657.0,1,1,0,158743.0,0,Spain,Female,44
4395,658,7,0.0,2,0,1,154280.0,0,Spain,Male,21
4396,607,2,84468.7,2,1,1,121945.0,0,Germany,Male,39
4397,707,3,56674.5,1,1,0,17987.4,1,Spain,Female,35
4398,735,2,0.0,2,0,1,147076.0,0,France,Male,50
4399,714,5,141173.0,1,0,1,98896.1,0,France,Male,34
4400,532,9,0.0,2,0,0,190574.0,1,France,Male,43
4401,582,6,96486.6,2,1,1,20344.0,0,Germany,Female,50
4402,780,10,95196.3,1,1,0,126310.0,1,Germany,Female,37
4403,656,8,0.0,2,0,1,57014.4,0,France,Male,63
4404,711,3,0.0,2,1,1,193748.0,0,France,Male,41
4405,555,5,0.0,2,0,0,96398.5,0,Spain,Male,27
4406,446,10,125192.0,1,1,1,128261.0,1,Spain,Female,45
4407,709,8,0.0,3,1,0,71738.6,0,Spain,Female,37
4408,548,2,98986.3,1,1,1,55867.4,0,Germany,Male,32
4409,469,6,0.0,1,1,0,146214.0,1,Spain,Female,31
4410,841,2,117070.0,1,1,0,113482.0,0,Germany,Male,32
4411,543,8,0.0,2,0,0,127587.0,0,France,Male,22
4412,818,8,135290.0,2,1,1,63729.7,0,Germany,Female,72
4413,629,1,121151.0,1,0,0,119358.0,0,Spain,Male,34
4414,556,8,0.0,2,0,0,417.41,1,Spain,Male,38
4415,557,4,0.0,2,0,1,86642.4,0,Spain,Male,42
4416,704,9,62078.2,2,1,0,129051.0,0,Germany,Male,41
4417,567,9,137891.0,1,1,0,142009.0,1,France,Female,41
4418,560,3,116576.0,1,1,0,157567.0,0,Spain,Female,26
4419,490,5,122953.0,2,0,0,154361.0,0,France,Male,34
4420,542,10,129431.0,1,0,1,21343.7,0,France,Male,67
4421,689,1,93872.0,3,1,0,156878.0,1,France,Male,47
4422,726,8,0.0,2,0,0,185076.0,0,France,Female,32
4423,771,7,143773.0,1,1,1,130828.0,0,France,Female,66
4424,668,9,110994.0,1,1,0,134397.0,1,Germany,Male,56
4425,540,1,91869.7,1,0,1,95421.0,0,Germany,Male,64
4426,792,8,142862.0,1,1,1,130639.0,0,Spain,Male,25
4427,850,3,0.0,2,0,0,2465.8,0,France,Female,43
4428,726,9,0.0,2,1,1,106117.0,0,France,Male,31
4429,542,2,68892.8,2,1,0,7905.06,1,France,Female,59
4430,489,2,126444.0,2,1,1,82662.7,0,Germany,Male,38
4431,559,5,0.0,1,1,0,21006.1,1,France,Female,46
4432,690,8,116623.0,1,0,1,51011.3,0,Spain,Male,49
4433,850,4,62611.0,2,0,1,179365.0,0,France,Female,26
4434,528,3,102787.0,1,1,0,55972.6,0,France,Male,29
4435,753,4,0.0,2,1,1,861.4,0,France,Female,50
4436,689,7,0.0,2,0,0,14917.1,0,France,Male,39
4437,799,7,167658.0,2,1,1,111138.0,0,Germany,Male,28
4438,712,7,147199.0,1,1,1,84932.4,0,Germany,Female,29
4439,736,10,0.0,2,0,1,502.7,0,France,Female,63
4440,608,5,0.0,2,0,1,153810.0,0,Spain,Female,56
4441,511,8,122950.0,1,1,1,181259.0,0,Spain,Female,57
4442,595,5,142361.0,2,1,0,48421.4,1,Germany,Male,46
4443,603,6,128994.0,2,1,0,130484.0,0,France,Male,35
4444,669,7,0.0,1,1,1,49108.2,1,France,Female,35
4445,850,2,0.0,2,1,1,38773.7,0,France,Female,28
4446,767,3,139180.0,1,0,0,123880.0,0,France,Male,36
4447,531,1,114716.0,1,0,1,24506.9,1,France,Female,63
4448,736,4,135889.0,1,1,1,165692.0,0,Spain,Female,26
4449,750,8,112940.0,1,0,1,9855.81,0,Spain,Female,36
4450,350,1,152677.0,1,1,1,191973.0,1,Spain,Male,54
4451,658,5,100082.0,1,0,1,49809.9,0,France,Male,31
4452,772,7,152401.0,2,1,0,79414.0,0,Germany,Male,26
4453,552,5,0.0,2,1,1,1351.41,0,France,Female,34
4454,748,5,105493.0,1,1,1,150057.0,0,Spain,Male,35
4455,527,6,0.0,2,1,1,102280.0,0,Spain,Female,36
4456,670,2,124269.0,2,0,1,84321.0,0,Spain,Male,35
4457,649,3,130932.0,1,1,1,144808.0,0,France,Female,41
4458,585,3,162261.0,2,1,0,137029.0,0,Germany,Female,40
4459,514,9,0.0,2,1,1,14234.3,0,Spain,Male,66
4460,731,7,118992.0,1,1,1,156049.0,0,France,Female,40
4461,673,6,0.0,2,1,0,98618.8,0,Spain,Female,35
4462,563,7,90727.8,1,1,0,122269.0,0,France,Male,30
4463,551,3,0.0,2,1,1,50578.4,0,France,Male,37
4464,518,8,141666.0,1,0,1,192777.0,0,Germany,Female,35
4465,727,1,146652.0,1,1,1,173486.0,0,France,Female,29
4466,599,2,101507.0,1,0,0,198030.0,0,Spain,Male,34
4467,556,0,115916.0,2,0,1,125435.0,1,Germany,Male,42
4468,838,5,166734.0,2,1,0,14279.4,0,Spain,Female,39
4469,670,9,111678.0,1,1,0,178827.0,1,Germany,Male,43
4470,563,1,82182.1,1,1,0,106827.0,1,Spain,Male,61
4471,456,9,147506.0,1,1,1,135399.0,0,Spain,Male,32
4472,850,1,108822.0,1,1,1,132173.0,0,Germany,Female,31
4473,611,4,71018.6,2,1,0,2444.29,0,France,Male,38
4474,525,1,118088.0,1,1,0,88120.8,1,Germany,Female,47
4475,771,4,0.0,1,0,0,85876.7,1,France,Female,57
4476,738,6,101745.0,1,0,0,85185.4,0,Germany,Male,35
4477,745,3,124329.0,1,1,1,140452.0,0,Spain,Female,31
4478,828,9,0.0,2,1,1,81854.0,0,Spain,Male,34
4479,523,4,0.0,2,1,0,167848.0,0,Spain,Male,32
4480,558,7,121235.0,2,1,1,116253.0,0,France,Female,56
4481,626,7,141075.0,1,1,0,52795.6,1,France,Male,38
4482,522,7,0.0,2,0,1,176780.0,0,France,Female,41
4483,777,2,134572.0,1,0,1,118313.0,0,France,Female,28
4484,495,10,129756.0,1,0,0,172750.0,0,France,Male,30
4485,588,2,0.0,2,1,0,92536.0,1,France,Female,36
4486,817,6,81070.3,2,1,0,80985.9,0,France,Female,37
4487,802,9,115569.0,1,0,1,119783.0,0,Germany,Male,37
4488,790,3,46058.0,2,1,1,189778.0,0,Spain,Male,29
4489,557,6,184686.0,2,1,0,14956.4,0,France,Female,32
4490,645,1,133677.0,1,0,1,17095.5,0,Spain,Female,55
4491,692,8,0.0,1,0,1,159069.0,0,Spain,Female,44
4492,738,9,148385.0,1,0,0,155047.0,1,Germany,Female,57
4493,761,8,108239.0,2,0,0,99444.0,0,Germany,Male,36
4494,777,3,124656.0,2,0,1,79792.3,0,Germany,Male,44
4495,639,3,150796.0,1,0,1,85208.9,0,Germany,Male,27
4496,757,0,0.0,1,1,0,83263.1,0,France,Male,38
4497,789,4,0.0,2,1,0,137402.0,0,Spain,Female,40
4498,676,5,89634.7,1,1,1,169583.0,1,France,Female,37
4499,575,7,0.0,2,1,0,112508.0,0,Spain,Female,26
4500,553,2,158584.0,2,1,0,43640.2,0,Germany,Male,35
4501,680,3,0.0,1,1,0,160132.0,0,Spain,Female,30
4502,675,10,84944.6,1,0,0,146231.0,0,France,Female,34
4503,751,4,0.0,1,0,1,30165.1,1,France,Female,48
4504,678,10,76968.1,2,0,1,131502.0,0,Germany,Female,25
4505,556,8,0.0,2,1,0,62112.7,0,France,Female,40
4506,596,1,123544.0,1,1,1,120315.0,1,Germany,Male,54
4507,646,10,115462.0,1,1,0,40421.9,0,Spain,Male,69
4508,717,9,82498.1,2,0,0,40437.7,0,Germany,Female,28
4509,686,0,0.0,1,1,1,170073.0,0,France,Female,43
4510,850,8,98649.5,1,1,0,119175.0,1,Germany,Male,49
4511,461,9,119890.0,1,0,0,56767.7,1,France,Male,51
4512,638,5,146680.0,1,1,0,102180.0,0,Spain,Male,34
4513,674,4,79144.3,1,0,1,50743.8,0,France,Female,27
4514,491,8,0.0,2,0,1,139862.0,0,Spain,Female,61
4515,783,9,0.0,2,1,0,143753.0,0,Spain,Male,39
4516,763,1,108466.0,2,1,0,60552.4,1,Germany,Female,32
4517,770,3,155048.0,2,1,1,186064.0,0,France,Male,31
4518,547,8,121538.0,2,1,0,46521.4,1,Germany,Male,49
4519,484,5,0.0,1,1,1,74267.4,0,France,Male,41
4520,619,6,0.0,2,1,1,117616.0,0,Spain,Female,38
4521,559,9,125919.0,1,1,0,175911.0,1,Spain,Male,67
4522,642,7,115172.0,1,1,1,37674.5,0,France,Female,41
4523,594,5,185013.0,1,1,0,16481.1,0,Germany,Male,28
4524,817,9,101208.0,1,0,0,88211.1,1,Germany,Male,45
4525,596,3,96709.1,2,0,0,41788.4,0,Germany,Male,32
4526,638,1,0.0,2,1,0,165371.0,0,Spain,Male,35
4527,684,9,100249.0,2,0,1,67599.7,0,France,Male,32
4528,640,10,118613.0,1,1,0,168470.0,0,Germany,Female,31
4529,605,9,135422.0,1,0,1,186419.0,0,France,Female,30
4530,527,4,0.0,2,1,0,167183.0,1,France,Male,39
4531,561,5,94754.0,1,1,1,26691.3,0,Germany,Male,49
4532,691,1,0.0,2,0,0,92865.4,0,France,Male,28
4533,716,7,65971.6,2,1,0,14608.0,1,France,Female,52
4534,564,10,139875.0,2,1,0,15378.2,0,Germany,Female,32
4535,532,5,0.0,2,0,1,6761.84,0,Spain,Female,37
4536,535,8,0.0,2,1,0,136621.0,0,France,Female,38
4537,641,2,87505.5,2,0,1,7278.57,0,France,Male,30
4538,538,4,80380.2,1,1,0,119216.0,0,Germany,Female,42
4539,644,5,86006.3,1,1,1,73923.0,0,Spain,Female,31
4540,611,2,104146.0,1,0,0,159630.0,0,France,Male,30
4541,677,3,88363.0,1,0,1,117946.0,0,France,Male,37
4542,501,8,0.0,2,1,0,112664.0,0,France,Female,29
4543,501,7,93244.4,1,0,1,199806.0,0,Germany,Female,34
4544,556,2,117419.0,1,1,1,94153.8,0,France,Female,61
4545,573,4,0.0,1,1,1,94862.9,0,Spain,Female,44
4546,703,3,165261.0,1,1,1,41626.8,0,Spain,Male,20
4547,807,9,105356.0,2,1,1,130489.0,0,Germany,Female,42
4548,609,10,0.0,1,1,1,154643.0,0,Spain,Male,53
4549,802,1,125014.0,1,1,1,187658.0,0,Germany,Male,31
4550,627,3,157598.0,1,0,1,34097.2,0,Spain,Female,28
4551,542,8,108654.0,1,0,1,144725.0,0,Spain,Male,34
4552,683,2,47685.5,2,1,1,86019.5,0,Germany,Female,39
4553,677,5,0.0,2,1,0,88947.6,0,Spain,Male,40
4554,468,3,61637.0,1,0,0,107787.0,0,France,Male,36
4555,670,8,101929.0,1,0,0,89205.5,0,France,Female,39
4556,767,1,76408.9,2,1,0,77837.6,0,France,Male,43
4557,629,0,0.0,2,1,1,41263.7,0,France,Female,43
4558,721,9,118130.0,1,1,1,160278.0,0,France,Male,40
4559,582,4,0.0,2,0,0,156153.0,0,France,Male,29
4560,742,2,191865.0,1,1,0,108458.0,1,France,Female,28
4561,594,2,87096.8,2,1,0,168186.0,0,Germany,Female,21
4562,694,4,141989.0,2,1,0,26116.8,0,Germany,Male,31
4563,850,7,140957.0,1,0,0,3510.18,0,France,Male,33
4564,718,3,105266.0,2,1,1,193725.0,0,Spain,Male,45
4565,592,4,0.0,2,1,1,183569.0,0,France,Female,27
4566,603,1,129744.0,1,1,0,109145.0,0,France,Male,31
4567,678,8,149001.0,2,1,1,21472.4,0,Germany,Female,37
4568,665,9,110610.0,2,0,1,1112.76,1,Germany,Female,51
4569,627,6,0.0,1,1,1,114470.0,0,Spain,Male,44
4570,522,3,95022.6,1,1,1,129108.0,0,Germany,Female,37
4571,609,1,108019.0,3,1,1,184525.0,1,France,Male,48
4572,850,9,0.0,2,0,0,25329.5,0,France,Female,35
4573,684,5,87098.9,1,0,0,106096.0,0,France,Female,26
4574,685,9,0.0,2,1,1,18826.1,0,Spain,Male,39
4575,672,10,102980.0,1,1,0,1285.81,1,Germany,Male,40
4576,789,8,119654.0,2,0,1,148412.0,1,Germany,Male,43
4577,731,10,0.0,1,1,1,24998.8,1,France,Female,52
4578,598,5,0.0,2,1,1,83103.5,0,Spain,Female,39
4579,595,4,95830.4,1,1,0,177739.0,0,France,Male,20
4580,697,7,168067.0,1,1,0,35450.5,0,Spain,Female,37
4581,539,2,127610.0,1,1,0,98646.2,0,France,Male,37
4582,611,5,82547.1,2,1,1,146448.0,0,France,Male,68
4583,692,4,0.0,1,1,0,76756.0,1,France,Male,29
4584,590,0,117879.0,1,1,1,8214.46,0,France,Male,47
4585,652,1,0.0,2,1,0,126555.0,0,France,Female,40
4586,683,3,126153.0,1,0,0,15378.8,0,Spain,Male,38
4587,531,1,143407.0,2,0,1,84402.5,0,Spain,Male,37
4588,663,3,0.0,2,0,1,176276.0,0,France,Male,46
4589,721,1,120109.0,1,0,1,183422.0,0,France,Female,49
4590,471,4,0.0,2,1,0,122642.0,0,France,Female,27
4591,584,9,0.0,1,1,1,105819.0,0,France,Male,36
4592,630,5,0.0,2,1,0,182612.0,0,France,Female,26
4593,705,3,105935.0,1,1,0,82463.7,0,Germany,Male,44
4594,641,3,153316.0,1,1,0,59928.0,0,Spain,Male,31
4595,705,9,114169.0,1,0,0,173273.0,1,Germany,Male,48
4596,655,10,0.0,4,1,0,179268.0,1,France,Female,50
4597,615,4,0.0,3,0,1,120321.0,0,Spain,Male,42
4598,742,4,92805.7,1,0,1,73744.0,1,Germany,Female,41
4599,604,7,127849.0,1,1,0,15798.7,0,France,Female,32
4600,687,8,100988.0,2,1,0,22247.3,0,Spain,Male,35
4601,850,1,176958.0,2,0,1,125806.0,0,Germany,Male,41
4602,625,8,201696.0,1,1,0,133021.0,1,France,Male,43
4603,635,3,127010.0,1,1,0,161910.0,0,France,Male,27
4604,542,9,127543.0,2,1,0,468.94,1,Germany,Female,35
4605,731,5,179539.0,1,0,0,112010.0,0,France,Male,29
4606,722,6,0.0,1,1,1,93917.7,1,France,Male,46
4607,698,2,130015.0,1,1,1,41595.3,0,France,Male,38
4608,554,8,0.0,1,0,1,106981.0,0,Spain,Female,34
4609,687,1,137716.0,1,1,1,37938.7,0,Spain,Female,63
4610,586,5,168094.0,1,0,0,20058.6,0,Spain,Male,34
4611,845,2,112804.0,1,1,0,179632.0,0,Spain,Female,38
4612,663,6,0.0,2,0,1,131827.0,0,France,Male,22
4613,775,4,0.0,1,1,1,40807.3,0,Spain,Male,27
4614,598,3,150348.0,1,1,1,173784.0,0,Germany,Male,19
4615,666,2,79589.4,1,0,0,4050.57,0,France,Female,31
4616,826,0,0.0,1,0,0,178710.0,1,France,Female,49
4617,850,1,169744.0,1,0,0,155850.0,1,Germany,Male,56
4618,626,10,132288.0,3,1,1,51467.9,1,Germany,Male,39
4619,724,5,0.0,1,0,1,115754.0,0,Spain,Male,41
4620,697,10,128226.0,1,0,0,188487.0,0,Spain,Male,43
4621,461,7,0.0,2,1,0,176548.0,0,France,Female,40
4622,725,4,118520.0,1,0,0,131174.0,1,Spain,Female,36
4623,434,9,125801.0,2,1,0,60891.8,1,Germany,Female,58
4624,502,0,132003.0,1,0,1,28205.0,1,Germany,Female,42
4625,591,8,124858.0,2,0,0,50485.7,0,Spain,Male,30
4626,468,8,137649.0,1,0,0,198714.0,0,France,Female,32
4627,464,3,85679.2,1,1,1,164105.0,0,Germany,Female,42
4628,639,4,116122.0,2,0,1,181851.0,0,France,Female,37
4629,627,4,83199.0,1,0,0,159335.0,0,Germany,Female,33
4630,645,7,161172.0,2,1,0,12599.9,1,France,Male,31
4631,585,0,0.0,2,0,0,189684.0,0,Spain,Male,45
4632,635,5,113489.0,1,1,0,95611.7,1,Germany,Male,37
4633,631,7,0.0,1,1,1,58043.0,1,France,Male,33
4634,715,3,104857.0,2,1,0,114150.0,0,Germany,Female,32
4635,612,0,167027.0,2,1,1,192892.0,0,Spain,Female,62
4636,830,8,77701.6,1,0,1,19512.4,0,Germany,Female,40
4637,647,3,192408.0,1,1,1,40145.3,0,Germany,Male,35
4638,581,5,102258.0,2,1,0,194682.0,0,France,Female,27
4639,553,1,181110.0,2,1,0,184545.0,0,Spain,Male,38
4640,656,1,0.0,2,1,1,197962.0,0,Spain,Male,47
4641,605,1,63349.8,1,1,0,108887.0,0,France,Male,52
4642,749,7,79523.1,1,0,1,157648.0,0,Germany,Female,32
4643,625,6,97663.2,2,1,0,57128.8,0,France,Male,41
4644,690,2,137260.0,2,1,0,55387.3,0,Germany,Male,31
4645,684,1,134177.0,1,0,0,177507.0,0,Spain,Female,41
4646,618,2,0.0,4,0,0,111097.0,1,France,Female,42
4647,541,9,212314.0,1,0,1,148815.0,0,France,Male,37
4648,665,10,46323.6,1,1,0,136812.0,0,France,Male,39
4649,582,8,67563.3,1,1,0,44506.1,1,Spain,Female,46
4650,729,10,0.0,2,1,0,100863.0,0,Spain,Male,37
4651,720,2,0.0,2,0,1,141031.0,0,France,Male,33
4652,656,6,0.0,2,1,0,141070.0,0,France,Female,39
4653,530,4,129307.0,1,1,1,172930.0,0,France,Female,33
4654,683,9,0.0,2,1,1,38784.4,0,France,Female,33
4655,645,6,131411.0,1,1,1,194656.0,0,France,Male,40
4656,608,4,0.0,2,0,0,36697.5,1,Spain,Male,45
4657,536,8,65190.3,1,1,1,64308.5,1,France,Female,61
4658,683,2,112499.0,2,1,0,30375.2,0,France,Male,43
4659,635,2,0.0,2,1,1,136551.0,0,Spain,Female,48
4660,516,8,0.0,1,1,0,101835.0,0,France,Male,37
4661,430,3,137115.0,1,1,0,146517.0,1,Germany,Male,49
4662,696,8,161890.0,1,0,0,75562.5,0,France,Male,44
4663,527,2,27756.0,1,1,0,97468.4,1,Spain,Female,29
4664,575,7,0.0,1,1,1,10666.0,0,Spain,Male,28
4665,767,2,139543.0,1,0,1,28038.3,0,Germany,Male,23
4666,407,1,0.0,1,1,1,49161.1,1,Spain,Male,37
4667,591,9,161651.0,2,1,1,131754.0,0,France,Male,42
4668,740,9,0.0,2,1,1,73225.3,0,France,Female,37
4669,460,6,119508.0,2,1,0,91560.6,1,Germany,Female,40
4670,648,8,121981.0,2,1,0,4027.02,0,Germany,Female,42
4671,721,4,136526.0,1,0,0,175399.0,0,Germany,Male,68
4672,667,3,0.0,2,0,0,163655.0,0,Spain,Male,45
4673,643,9,150840.0,2,1,0,155516.0,0,Spain,Female,45
4674,668,7,173962.0,1,0,0,106457.0,1,Spain,Female,24
4675,648,7,0.0,2,1,1,163060.0,0,Spain,Female,27
4676,629,4,174589.0,2,0,1,158420.0,0,Spain,Male,35
4677,548,1,0.0,1,1,1,104469.0,1,France,Female,46
4678,464,6,161799.0,1,1,0,182944.0,0,France,Male,46
4679,714,1,101609.0,2,1,1,447.73,0,Germany,Female,36
4680,684,5,105070.0,2,1,1,198355.0,0,France,Male,38
4681,651,7,74623.5,3,1,0,129451.0,1,France,Male,35
4682,603,2,0.0,2,1,1,59563.5,0,France,Male,46
4683,611,7,0.0,2,0,1,156495.0,1,France,Female,53
4684,683,7,0.0,2,1,0,86619.8,0,France,Female,26
4685,545,2,0.0,2,1,0,189613.0,0,France,Male,23
4686,666,5,0.0,2,1,1,185123.0,0,France,Female,59
4687,665,10,0.0,1,1,1,22487.4,0,Spain,Female,32
4688,583,9,112701.0,1,0,0,29213.6,0,France,Male,40
4689,465,2,78247.3,2,1,1,10472.3,0,France,Male,25
4690,725,8,104150.0,1,1,0,62027.9,0,Germany,Male,40
4691,645,8,85325.9,1,0,0,22558.7,0,France,Female,45
4692,625,4,122351.0,1,1,0,71216.6,0,France,Male,43
4693,696,2,96129.3,2,1,1,5983.7,0,Germany,Female,27
4694,585,8,144706.0,2,0,0,171483.0,0,France,Female,32
4695,691,9,0.0,1,1,0,49594.0,0,France,Male,30
4696,678,3,124484.0,1,1,0,126253.0,0,Spain,Male,38
4697,850,2,0.0,1,1,0,169425.0,1,Spain,Male,48
4698,797,1,0.0,2,1,1,132975.0,0,France,Female,29
4699,723,4,0.0,2,0,0,24847.0,0,France,Male,21
4700,507,9,118214.0,3,1,0,119110.0,1,Germany,Male,36
4701,529,7,99842.5,2,1,0,90256.1,1,Spain,Male,38
4702,538,0,0.0,2,0,0,179454.0,0,Spain,Female,31
4703,741,7,0.0,2,1,1,190535.0,0,France,Female,44
4704,705,7,79974.5,1,1,1,103108.0,0,Germany,Female,43
4705,658,8,0.0,2,0,1,130461.0,0,France,Female,29
4706,414,8,0.0,1,0,1,77661.1,1,France,Male,38
4707,770,4,110766.0,1,1,0,26163.7,1,Germany,Male,45
4708,634,10,0.0,1,1,0,82634.4,0,Spain,Female,35
4709,502,7,0.0,2,0,1,4082.52,0,France,Male,33
4710,684,4,140701.0,1,1,0,103558.0,0,France,Male,33
4711,540,3,129965.0,1,0,0,19374.1,0,Germany,Male,37
4712,829,9,0.0,2,1,0,30529.9,0,France,Male,38
4713,679,7,110555.0,2,1,0,46522.7,0,Germany,Male,38
4714,660,1,0.0,2,1,0,9692.58,0,France,Male,34
4715,680,8,141442.0,1,1,1,16279.0,0,France,Female,30
4716,838,4,103268.0,1,1,1,78310.0,0,Spain,Female,67
4717,512,2,0.0,1,1,0,123305.0,0,France,Female,75
4718,803,7,0.0,2,1,1,128378.0,0,Spain,Female,45
4719,655,6,130936.0,1,1,0,9241.83,1,Germany,Female,32
4720,794,8,0.0,2,0,0,91340.0,0,Spain,Male,33
4721,553,3,116325.0,1,1,0,77304.5,0,France,Male,32
4722,541,4,124547.0,2,1,0,94499.1,0,France,Male,46
4723,718,7,102874.0,1,0,0,117841.0,0,France,Male,33
4724,601,3,0.0,2,1,0,54342.8,0,Spain,Female,41
4725,558,2,124227.0,1,1,1,111185.0,0,Germany,Male,41
4726,657,7,0.0,2,0,1,5177.62,0,France,Female,28
4727,734,10,91522.0,2,1,1,138836.0,0,Germany,Female,47
4728,623,7,148168.0,2,1,1,109470.0,0,France,Female,24
4729,701,8,107799.0,1,1,0,16966.7,0,France,Male,37
4730,505,5,114269.0,2,1,1,126728.0,0,Germany,Female,25
4731,706,7,0.0,1,1,0,17941.2,1,Spain,Male,57
4732,749,1,0.0,2,0,1,126552.0,0,France,Male,30
4733,508,3,115451.0,2,0,0,67234.3,0,France,Male,44
4734,618,7,128736.0,1,0,1,37147.6,0,France,Female,24
4735,580,9,61710.4,2,1,0,128078.0,0,Spain,Male,29
4736,461,6,0.0,2,1,1,15306.3,0,Spain,Female,25
4737,351,4,163146.0,1,1,0,169622.0,1,Germany,Female,57
4738,660,7,0.0,2,1,0,13218.6,0,France,Male,35
4739,694,4,129732.0,2,1,0,178124.0,0,France,Female,33
4740,758,7,0.0,2,1,0,77951.8,0,France,Male,35
4741,593,6,79259.8,1,1,0,55347.3,0,Spain,Female,45
4742,683,5,162449.0,1,0,0,9221.78,1,Germany,Female,57
4743,589,10,107239.0,2,1,0,37024.3,0,France,Female,46
4744,507,0,106942.0,1,0,1,44001.1,0,France,Female,31
4745,628,3,184927.0,1,1,0,122938.0,0,Spain,Male,43
4746,722,6,0.0,2,1,0,195486.0,0,France,Male,20
4747,726,7,123826.0,1,0,1,78970.6,0,Spain,Female,27
4748,510,4,123071.0,1,1,0,28461.3,1,Germany,Female,44
4749,559,1,0.0,1,0,1,86634.3,0,France,Female,43
4750,667,4,0.0,2,0,1,34335.6,0,France,Female,24
4751,651,4,38617.2,1,1,1,104877.0,0,France,Female,41
4752,756,10,122647.0,1,0,0,61666.9,0,France,Male,31
4753,729,4,140549.0,1,1,0,30990.2,1,France,Female,62
4754,549,9,94748.8,2,0,1,13608.2,0,France,Male,50
4755,694,0,91956.5,1,1,1,59961.8,0,France,Male,32
4756,661,5,0.0,1,1,0,155395.0,0,France,Male,35
4757,614,8,125997.0,1,1,1,128049.0,1,Germany,Female,39
4758,622,7,98675.7,1,1,0,138907.0,1,Germany,Female,34
4759,618,5,134955.0,1,1,1,151954.0,0,France,Male,34
4760,704,4,109027.0,2,1,1,43117.1,0,Germany,Male,41
4761,743,9,0.0,2,1,0,175253.0,0,France,Male,32
4762,751,2,96888.4,1,1,0,77206.2,1,Germany,Male,50
4763,504,2,163765.0,1,1,1,165123.0,1,Spain,Female,46
4764,558,5,73494.2,1,0,0,136301.0,0,France,Male,32
4765,666,9,115897.0,1,1,1,25095.0,0,France,Female,34
4766,743,3,110204.0,1,1,0,95583.5,0,France,Male,23
4767,734,2,130405.0,1,0,0,34548.7,0,Spain,Female,37
4768,691,7,0.0,2,0,1,161559.0,0,France,Female,34
4769,602,8,0.0,1,1,1,22499.3,0,France,Male,35
4770,616,8,0.0,1,0,1,76456.2,0,France,Female,31
4771,695,8,0.0,2,1,1,70974.1,0,Spain,Male,44
4772,663,6,77253.5,1,0,0,35818.0,1,Germany,Female,36
4773,783,1,136690.0,1,1,0,197891.0,0,Spain,Female,37
4774,613,4,140682.0,1,0,1,20134.1,0,Germany,Female,43
4775,488,0,0.0,2,1,0,136675.0,0,France,Female,36
4776,668,1,134446.0,1,0,1,111241.0,0,Spain,Male,32
4777,850,7,115379.0,1,0,1,162088.0,0,Spain,Male,38
4778,730,0,155471.0,1,1,1,53718.3,0,France,Female,35
4779,625,5,0.0,2,0,1,90.07,0,France,Male,31
4780,542,8,139330.0,1,0,0,54372.4,0,Germany,Male,25
4781,796,2,113228.0,2,1,1,46415.1,0,Germany,Male,40
4782,664,2,127161.0,2,1,0,78140.8,0,Germany,Female,36
4783,527,8,0.0,1,1,0,98031.5,1,Spain,Female,35
4784,711,9,137689.0,1,1,1,46884.1,0,France,Male,36
4785,607,8,91301.7,1,0,1,130825.0,0,France,Female,33
4786,648,1,81370.1,1,0,1,181534.0,0,Spain,Male,55
4787,721,1,115764.0,2,0,0,102951.0,0,France,Male,46
4788,562,4,127237.0,2,0,1,143317.0,0,Germany,Male,31
4789,611,3,131584.0,4,0,1,66238.2,1,France,Female,61
4790,613,9,142765.0,2,1,0,34749.6,0,Germany,Female,45
4791,712,5,163098.0,2,1,1,23702.4,0,Spain,Female,39
4792,636,5,117559.0,2,1,1,111573.0,0,France,Male,36
4793,507,7,0.0,2,1,0,67926.2,0,Spain,Male,32
4794,528,6,103772.0,1,1,0,197112.0,0,France,Male,37
4795,690,6,0.0,2,1,0,160533.0,0,France,Male,39
4796,649,6,86607.4,1,0,0,19825.1,0,Spain,Female,36
4797,727,1,0.0,1,1,0,40357.4,0,Spain,Male,28
4798,730,2,0.0,2,1,1,162889.0,0,Spain,Female,62
4799,636,7,136709.0,1,0,1,66753.1,1,Germany,Male,67
4800,700,9,0.0,2,1,0,142288.0,0,Spain,Male,44
4801,544,10,78314.6,3,1,1,103714.0,1,France,Male,48
4802,665,8,0.0,2,1,0,132152.0,0,Spain,Male,41
4803,592,2,84102.1,2,0,1,116385.0,0,France,Female,31
4804,708,7,68799.7,1,1,1,39704.1,0,Spain,Male,46
4805,737,8,96353.8,1,0,0,10209.8,0,Germany,Male,43
4806,661,3,133964.0,1,1,1,166187.0,0,France,Female,31
4807,623,5,118789.0,1,1,0,192867.0,0,France,Male,40
4808,565,7,0.0,1,0,0,74593.8,0,France,Male,34
4809,524,7,0.0,2,0,1,147101.0,0,France,Female,28
4810,602,7,111836.0,2,1,0,124390.0,0,France,Male,38
4811,711,8,0.0,2,1,0,55207.4,0,Spain,Male,36
4812,473,7,131505.0,1,1,0,189560.0,0,Germany,Female,35
4813,759,7,147936.0,1,1,1,106786.0,0,Spain,Female,35
4814,635,6,47536.4,1,1,1,119400.0,0,France,Female,78
4815,701,10,0.0,2,1,1,146258.0,0,France,Male,41
4816,627,5,102773.0,2,1,0,56793.0,1,Germany,Male,24
4817,687,6,0.0,2,1,1,32909.1,0,France,Female,26
4818,667,2,138032.0,1,1,0,166318.0,0,Germany,Male,27
4819,792,7,143391.0,1,1,0,33282.8,0,France,Male,19
4820,661,9,75361.4,1,1,0,27608.1,1,Spain,Female,42
4821,594,6,0.0,1,1,0,19376.6,1,France,Male,57
4822,683,8,0.0,1,1,0,75848.2,0,Spain,Male,40
4823,492,7,0.0,2,0,1,71323.2,0,France,Male,39
4824,772,2,0.0,2,1,0,18364.2,0,France,Male,23
4825,685,2,168001.0,2,1,1,167400.0,0,France,Male,40
4826,591,10,0.0,2,0,0,171099.0,0,France,Female,42
4827,682,0,83102.7,2,1,1,54132.9,0,Spain,Female,54
4828,597,2,0.0,2,0,1,108646.0,0,France,Male,67
4829,609,4,99883.2,1,1,1,120595.0,0,Spain,Male,32
4830,522,1,111432.0,1,1,1,168684.0,0,Germany,Male,25
4831,658,5,126398.0,1,0,0,156362.0,1,France,Female,35
4832,661,5,150726.0,2,0,1,113657.0,0,Germany,Female,35
4833,681,8,139480.0,1,1,1,163582.0,0,Germany,Female,48
4834,586,2,136858.0,1,0,1,189144.0,0,Germany,Male,38
4835,625,10,129845.0,1,1,1,96444.9,0,Germany,Female,39
4836,723,7,142857.0,2,0,0,38019.7,0,France,Female,40
4837,546,2,0.0,1,1,0,137332.0,1,France,Female,52
4838,635,5,117326.0,1,1,0,155800.0,1,Germany,Female,65
4839,735,1,60375.0,1,1,0,40223.7,0,Spain,Male,39
4840,669,1,160475.0,1,1,1,95963.1,0,France,Female,43
4841,711,0,82844.3,2,0,1,1408.68,0,France,Female,21
4842,838,5,0.0,2,1,0,81313.5,0,Spain,Female,41
4843,672,1,0.0,1,0,0,91574.9,0,France,Male,47
4844,781,3,156556.0,1,1,1,175674.0,0,France,Female,42
4845,749,1,139290.0,1,1,0,182855.0,1,France,Male,40
4846,647,3,97975.8,2,0,1,62083.0,0,Germany,Female,22
4847,648,8,157139.0,3,1,0,190994.0,1,Germany,Female,32
4848,677,5,99580.1,1,1,0,21008.0,0,France,Male,42
4849,631,9,131519.0,2,1,1,51752.2,0,Germany,Male,37
4850,756,3,0.0,1,1,1,11199.0,1,France,Male,62
4851,611,0,107885.0,2,1,1,183488.0,0,Germany,Male,31
4852,725,1,129855.0,1,0,0,24218.7,0,France,Male,45
4853,624,0,0.0,2,1,0,111606.0,0,Spain,Female,36
4854,672,4,167269.0,1,1,1,169469.0,0,France,Male,28
4855,684,2,116564.0,1,1,0,120258.0,1,France,Male,60
4856,602,10,0.0,2,0,0,169921.0,1,France,Female,42
4857,807,5,0.0,2,1,1,74900.9,0,Spain,Male,42
4858,583,4,158979.0,1,1,0,12538.9,0,France,Female,31
4859,686,4,157732.0,2,1,0,162821.0,0,Germany,Female,39
4860,621,2,0.0,2,1,1,171364.0,0,Spain,Female,59
4861,455,6,0.0,1,1,1,81250.8,0,Spain,Female,43
4862,707,8,88441.6,1,1,1,119903.0,1,Spain,Male,48
4863,733,1,0.0,2,1,1,141841.0,0,France,Male,39
4864,544,2,79731.9,1,1,1,57558.9,0,Germany,Male,37
4865,610,6,113882.0,1,1,0,195814.0,1,Germany,Male,49
4866,664,1,115024.0,1,0,1,169666.0,0,Spain,Male,35
4867,765,4,148963.0,1,0,1,173879.0,1,Germany,Male,43
4868,680,7,175454.0,1,0,1,77349.9,0,Germany,Male,32
4869,575,4,121823.0,2,1,1,50368.9,0,France,Male,29
4870,751,10,132932.0,2,1,1,46630.5,0,Germany,Female,28
4871,675,6,68065.8,1,0,0,138777.0,1,France,Female,38
4872,590,7,0.0,2,1,0,196790.0,0,Spain,Female,23
4873,588,1,124271.0,1,1,0,75969.2,0,France,Male,38
4874,663,9,0.0,2,1,1,195580.0,0,France,Male,35
4875,712,2,0.0,2,0,1,66795.8,0,France,Male,23
4876,757,4,123322.0,1,1,0,137136.0,0,France,Female,44
4877,699,3,0.0,2,1,1,170770.0,0,France,Male,32
4878,564,0,100955.0,2,0,0,134175.0,0,Germany,Female,30
4879,790,6,0.0,2,1,1,119484.0,0,Spain,Male,37
4880,718,1,152664.0,1,0,1,17128.6,0,France,Female,31
4881,614,9,0.0,2,1,1,62023.1,0,Spain,Female,37
4882,625,2,0.0,2,1,0,100403.0,0,France,Male,39
4883,654,4,132955.0,1,1,1,146715.0,0,France,Male,29
4884,553,7,128524.0,2,1,0,20682.5,0,Germany,Female,25
4885,834,8,0.0,2,1,1,66485.3,0,Spain,Male,38
4886,532,8,142755.0,1,0,0,34231.5,0,Germany,Male,24
4887,590,2,81828.2,1,1,0,52168.0,0,France,Female,45
4888,504,4,113523.0,1,1,1,12405.2,0,Spain,Male,44
4889,517,0,109173.0,1,1,0,54676.1,1,Germany,Male,53
4890,722,5,0.0,2,1,0,179909.0,0,France,Male,46
4891,567,9,0.0,2,1,0,87677.1,0,Spain,Male,44
4892,638,6,0.0,1,1,0,164248.0,0,France,Female,36
4893,583,7,122532.0,1,1,0,13549.2,0,France,Male,33
4894,645,1,130131.0,2,0,1,196474.0,0,France,Male,29
4895,439,6,156569.0,1,1,0,180599.0,0,France,Female,29
4896,510,10,103821.0,2,0,1,77878.6,0,France,Female,45
4897,788,6,156479.0,1,0,1,181197.0,0,Spain,Male,34
4898,556,9,89588.4,1,1,1,94898.1,0,France,Female,39
4899,776,2,104349.0,1,0,0,79503.0,0,Spain,Male,39
4900,687,8,0.0,2,1,0,10334.0,0,France,Male,35
4901,673,0,0.0,1,1,1,85733.3,0,France,Male,65
4902,504,5,134740.0,2,1,0,181431.0,0,Germany,Male,43
4903,684,6,0.0,2,1,1,130928.0,0,France,Female,34
4904,712,1,89571.6,1,1,1,177613.0,0,France,Female,30
4905,766,5,78381.1,1,0,1,153832.0,0,Spain,Male,36
4906,501,6,99760.8,1,1,1,13591.5,0,France,Male,35
4907,596,2,0.0,1,0,1,121176.0,0,France,Male,37
4908,581,1,101633.0,1,1,0,110432.0,0,Germany,Female,34
4909,498,10,0.0,2,1,0,13892.6,0,France,Female,31
4910,701,2,0.0,2,1,0,115651.0,0,Spain,Female,30
4911,516,7,0.0,1,1,0,47018.8,0,Spain,Female,31
4912,602,7,90602.4,2,1,1,51695.4,0,Germany,Male,35
4913,635,7,105406.0,1,1,1,149854.0,0,France,Male,29
4914,651,9,0.0,2,1,0,138114.0,0,France,Female,34
4915,682,1,116520.0,1,1,1,49833.5,1,Germany,Female,38
4916,719,9,101456.0,1,1,0,25803.6,1,France,Female,37
4917,724,6,125489.0,1,1,0,118571.0,0,Germany,Male,37
4918,648,7,125682.0,1,0,1,129981.0,0,Germany,Male,31
4919,812,1,92476.9,1,0,0,83247.1,0,Spain,Female,24
4920,687,9,0.0,2,0,0,103042.0,1,France,Female,44
4921,755,4,111097.0,1,1,1,19762.9,0,Germany,Male,38
4922,604,9,101353.0,1,0,0,30252.3,0,Spain,Male,27
4923,587,6,104414.0,1,1,0,192026.0,0,Germany,Female,37
4924,613,7,105628.0,1,1,1,36560.5,0,France,Female,21
4925,747,4,81025.6,2,1,0,167683.0,0,France,Female,21
4926,752,0,145975.0,2,1,1,137694.0,0,France,Male,38
4927,679,3,0.0,2,1,1,2243.41,0,France,Female,36
4928,571,4,180614.0,1,0,0,523.0,0,France,Male,49
4929,571,10,151097.0,1,0,1,17163.8,0,France,Female,23
4930,643,2,150843.0,1,0,1,2319.96,1,Germany,Female,45
4931,691,3,160359.0,2,1,0,142368.0,0,Germany,Male,27
4932,724,4,0.0,1,1,0,8982.75,0,France,Male,29
4933,705,3,119795.0,1,0,0,182528.0,0,France,Female,31
4934,586,6,0.0,2,1,1,123410.0,0,Spain,Male,42
4935,633,1,104001.0,1,0,1,36642.6,0,France,Female,32
4936,530,5,0.0,2,0,0,121451.0,0,France,Female,29
4937,803,9,192123.0,1,1,1,54277.4,1,France,Female,32
4938,474,10,0.0,2,0,0,172176.0,0,France,Male,45
4939,505,3,145542.0,2,1,1,58019.9,0,Germany,Male,29
4940,469,8,139493.0,3,0,0,150093.0,1,Germany,Female,52
4941,728,5,61825.5,1,1,1,156125.0,0,Germany,Male,32
4942,618,2,91068.6,1,1,0,26578.7,0,France,Male,39
4943,590,0,65812.4,2,0,1,160346.0,0,Spain,Male,34
4944,583,2,0.0,2,0,1,5985.36,0,Spain,Female,22
4945,740,8,0.0,2,0,0,86657.5,0,Spain,Female,31
4946,738,8,127291.0,1,1,0,16081.6,0,Spain,Male,35
4947,726,9,0.0,2,0,1,100557.0,0,Spain,Female,35
4948,705,7,0.0,2,1,0,117273.0,0,Spain,Male,46
4949,772,6,108737.0,1,1,0,184565.0,1,Germany,Female,48
4950,543,2,147674.0,1,1,1,16658.8,0,France,Female,31
4951,706,1,0.0,2,1,0,31962.8,0,Spain,Female,43
4952,685,9,0.0,2,1,0,107811.0,0,Spain,Male,43
4953,640,3,0.0,1,1,1,156260.0,0,Spain,Female,46
4954,686,5,0.0,2,1,1,152979.0,0,Spain,Female,36
4955,546,3,132838.0,1,1,0,131647.0,0,Germany,Female,25
4956,608,4,153325.0,1,1,1,199953.0,0,Spain,Male,27
4957,578,8,0.0,2,1,0,112125.0,0,Spain,Male,23
4958,588,10,0.0,2,1,0,79078.9,0,Spain,Male,34
4959,559,3,152265.0,1,0,0,64242.3,0,Germany,Female,28
4960,697,5,110802.0,1,1,1,50230.3,1,Spain,Male,56
4961,771,9,77487.2,1,0,0,33143.0,0,Germany,Male,32
4962,505,2,79951.9,1,0,1,174123.0,1,France,Female,36
4963,604,3,0.0,2,1,0,38587.7,0,Spain,Female,34
4964,597,2,119370.0,1,1,1,182726.0,1,Spain,Female,30
4965,485,7,182124.0,1,1,0,116829.0,1,France,Male,29
4966,596,4,99441.2,2,0,1,4802.27,0,Germany,Male,34
4967,731,7,0.0,2,0,1,143086.0,0,France,Male,30
4968,518,9,105526.0,2,1,1,73418.3,0,France,Female,45
4969,707,7,0.0,1,1,0,109689.0,1,Spain,Female,52
4970,570,3,0.0,2,1,0,92118.8,0,France,Female,36
4971,752,4,0.0,2,1,1,39570.8,0,France,Male,33
4972,582,9,0.0,3,1,1,60954.4,0,France,Female,40
4973,631,1,149145.0,1,0,1,123698.0,0,France,Male,26
4974,637,10,125712.0,1,0,0,175072.0,0,France,Female,21
4975,791,2,163789.0,2,1,0,75832.5,0,France,Male,37
4976,590,6,92340.7,2,1,1,174668.0,0,Germany,Male,36
4977,787,6,0.0,2,1,1,84152.0,0,France,Female,40
4978,512,6,0.0,1,1,1,100508.0,0,France,Female,41
4979,730,2,0.0,2,1,0,14174.1,0,Spain,Male,29
4980,647,3,122718.0,2,1,1,87000.4,0,Germany,Female,43
4981,605,1,74129.2,2,1,1,62199.8,1,Germany,Female,56
4982,721,10,0.0,1,1,0,136120.0,1,Spain,Female,32
4983,701,3,156661.0,2,1,0,45742.4,0,France,Male,30
4984,752,3,0.0,2,1,1,48505.1,0,Spain,Female,36
4985,602,5,164704.0,1,0,1,180716.0,1,France,Male,33
4986,506,1,0.0,2,1,0,31766.3,0,France,Female,41
4987,587,6,101852.0,2,1,0,7103.71,0,Germany,Female,39
4988,701,0,150845.0,1,0,1,127623.0,0,Germany,Male,41
4989,677,0,148299.0,2,0,0,182914.0,0,France,Female,24
4990,484,2,90408.2,2,0,0,48170.6,0,France,Female,50
4991,658,2,0.0,2,1,1,84694.5,0,France,Female,24
4992,523,4,0.0,2,1,0,185489.0,0,France,Female,26
4993,676,4,101457.0,1,1,1,79101.7,0,France,Female,41
4994,635,1,0.0,2,1,0,135382.0,0,Spain,Male,31
4995,648,3,95039.7,2,1,1,147056.0,0,Germany,Male,34
4996,725,4,0.0,1,1,1,67879.8,0,France,Female,33
4997,504,8,0.0,1,1,1,34595.6,0,France,Female,73
4998,686,4,0.0,2,1,1,159677.0,0,Spain,Female,35
4999,719,3,122965.0,1,1,1,138232.0,0,Spain,Male,35
5000,532,4,0.0,2,1,1,132799.0,0,France,Male,36
5001,601,1,131040.0,2,1,1,199662.0,0,Germany,Female,54
5002,468,9,181627.0,2,1,0,172668.0,0,Germany,Male,42
5003,660,9,134599.0,2,1,0,183096.0,0,Germany,Male,39
5004,599,3,0.0,1,1,1,130086.0,1,Spain,Female,31
5005,636,1,0.0,1,1,0,43134.6,0,Spain,Female,36
5006,593,9,0.0,2,1,1,76357.4,0,France,Male,43
5007,567,2,115644.0,2,0,0,174606.0,0,Spain,Male,43
5008,628,5,181768.0,2,1,1,129108.0,0,Germany,Male,40
5009,620,3,87926.2,2,1,0,33350.3,1,France,Female,70
5010,789,3,104677.0,1,1,0,74265.4,0,Germany,Male,51
5011,626,6,85898.0,1,1,0,109743.0,0,Germany,Female,23
5012,630,1,0.0,2,1,1,169803.0,0,Spain,Female,31
5013,819,9,133103.0,1,1,0,27046.5,1,France,Female,39
5014,679,3,146758.0,1,1,0,48466.9,0,France,Male,45
5015,671,6,119770.0,1,0,1,66032.6,0,France,Female,48
5016,721,4,72535.5,1,1,1,103931.0,0,Spain,Female,33
5017,460,4,127560.0,2,1,1,126952.0,0,Germany,Male,46
5018,633,2,0.0,2,0,0,191207.0,0,Spain,Female,39
5019,547,1,142703.0,1,1,0,86207.5,1,Germany,Female,42
5020,675,7,0.0,2,0,1,36267.2,0,France,Male,39
5021,756,10,137452.0,1,1,0,189544.0,0,Germany,Male,44
5022,636,1,0.0,3,1,1,74048.1,1,Spain,Male,36
5023,710,2,156067.0,1,1,1,9983.88,0,France,Female,41
5024,670,4,170558.0,2,1,0,198253.0,0,France,Male,37
5025,674,9,120150.0,2,1,1,33964.0,0,France,Female,21
5026,603,3,0.0,1,1,1,198826.0,1,France,Female,24
5027,709,3,110949.0,1,1,1,168516.0,0,France,Female,24
5028,757,0,0.0,2,1,0,37460.1,0,France,Male,46
5029,618,8,0.0,2,1,0,80204.4,0,Spain,Female,40
5030,791,5,0.0,2,1,1,123978.0,1,France,Female,44
5031,651,2,143146.0,2,1,0,43612.1,0,Spain,Male,42
5032,584,8,172713.0,1,1,0,113861.0,0,France,Male,49
5033,555,1,0.0,2,0,0,88146.9,0,France,Male,30
5034,510,4,0.0,1,1,0,118914.0,1,Spain,Female,38
5035,555,10,114823.0,1,0,1,8444.5,0,Germany,Female,62
5036,615,3,137657.0,2,1,1,171658.0,0,Germany,Female,33
5037,680,4,0.0,2,1,0,61240.9,0,France,Male,37
5038,807,7,118275.0,1,1,1,25885.7,0,France,Male,42
5039,618,6,150214.0,1,1,0,120668.0,1,France,Female,46
5040,618,10,0.0,2,1,0,180440.0,0,France,Female,35
5041,816,2,150355.0,2,1,1,35770.8,0,Germany,Female,25
5042,723,7,0.0,2,1,1,150695.0,0,France,Male,48
5043,515,10,176274.0,1,0,1,121278.0,0,Spain,Male,35
5044,631,0,0.0,1,0,0,87959.8,0,Spain,Female,41
5045,745,7,132945.0,1,1,1,31802.9,0,Spain,Male,34
5046,665,2,147436.0,1,0,0,187508.0,0,Germany,Female,27
5047,542,7,0.0,2,0,1,82393.1,0,France,Female,25
5048,643,7,98630.3,2,1,1,40250.8,0,Germany,Male,33
5049,499,4,126818.0,2,1,0,123270.0,0,Germany,Female,55
5050,466,3,0.0,1,1,0,193985.0,0,France,Female,30
5051,516,8,120124.0,2,0,1,168774.0,0,France,Male,51
5052,695,9,0.0,2,1,1,67502.1,0,Spain,Female,34
5053,723,4,0.0,2,1,1,140385.0,0,France,Female,20
5054,641,10,155978.0,1,1,0,91510.7,0,France,Male,31
5055,667,2,0.0,2,1,1,148608.0,0,France,Female,48
5056,694,8,116326.0,1,1,1,117705.0,0,Spain,Male,57
5057,590,1,89086.3,1,1,0,24500.0,0,France,Male,41
5058,428,3,129248.0,2,1,0,72876.4,1,Germany,Female,40
5059,737,8,174356.0,1,0,0,31928.5,0,France,Male,30
5060,721,7,0.0,2,1,1,122580.0,0,France,Female,40
5061,637,2,152607.0,1,1,1,71692.8,0,France,Male,36
5062,461,8,0.0,1,1,0,132296.0,0,Spain,Female,35
5063,571,1,121405.0,1,1,1,154844.0,0,France,Male,38
5064,635,4,103545.0,2,1,0,193747.0,0,France,Male,41
5065,609,2,139444.0,2,1,0,9234.06,0,Spain,Male,39
5066,733,0,83319.3,1,0,0,57769.2,0,Spain,Female,30
5067,486,9,97009.1,1,1,1,85101.0,0,France,Male,63
5068,475,10,0.0,2,0,0,122953.0,1,France,Female,46
5069,806,4,164702.0,1,1,1,21439.5,0,France,Male,48
5070,814,8,95488.8,2,0,0,107014.0,0,Germany,Male,44
5071,569,2,0.0,1,1,0,130784.0,1,France,Male,66
5072,674,4,131594.0,1,0,1,171345.0,1,Germany,Female,44
5073,644,8,92760.5,1,1,0,35896.8,0,France,Female,24
5074,662,6,0.0,2,1,0,51229.2,0,France,Female,37
5075,669,3,119452.0,1,1,1,171576.0,0,France,Male,39
5076,763,7,115652.0,2,1,1,104706.0,0,France,Female,35
5077,713,4,122857.0,2,1,0,144682.0,1,Spain,Female,26
5078,461,5,0.0,1,1,1,54209.0,0,France,Female,35
5079,530,4,120905.0,1,0,1,123476.0,1,France,Female,55
5080,564,9,103523.0,2,1,1,34338.2,0,Germany,Male,41
5081,805,6,118022.0,3,1,0,162643.0,1,France,Male,46
5082,708,9,176702.0,2,1,1,104805.0,0,Germany,Male,42
5083,557,2,129894.0,1,0,0,102076.0,0,Germany,Female,38
5084,721,5,0.0,2,1,1,4493.12,0,France,Male,54
5085,561,1,78829.5,1,1,1,12148.2,0,France,Male,34
5086,637,2,143501.0,1,1,0,166996.0,1,Germany,Female,46
5087,681,3,0.0,2,0,0,55816.2,0,France,Male,34
5088,617,9,49157.1,2,1,0,53294.2,0,Germany,Male,44
5089,662,9,0.0,2,0,0,65089.4,0,France,Male,32
5090,641,2,110087.0,1,1,0,159773.0,0,Germany,Female,40
5091,693,2,0.0,2,1,1,59865.0,0,France,Male,68
5092,738,9,79019.8,1,1,1,18606.2,0,Spain,Male,31
5093,490,3,116466.0,1,0,1,24435.8,0,France,Female,37
5094,747,7,0.0,2,1,1,141706.0,0,France,Male,29
5095,481,6,0.0,1,1,1,24677.5,0,France,Female,39
5096,545,6,0.0,2,1,1,52067.4,0,France,Female,32
5097,571,9,0.0,2,0,0,38433.4,0,France,Male,44
5098,850,6,84445.7,3,0,1,60021.3,1,Germany,Male,42
5099,522,5,94049.9,2,1,0,103269.0,0,Germany,Female,25
5100,678,1,123699.0,2,0,1,105222.0,0,Germany,Female,54
5101,595,8,0.0,1,1,0,100016.0,1,Spain,Male,35
5102,607,0,0.0,2,1,0,116107.0,0,France,Female,21
5103,767,5,0.0,2,1,1,67445.9,0,Spain,Female,24
5104,574,7,152993.0,1,1,1,134691.0,0,France,Female,34
5105,624,7,104849.0,1,1,1,167387.0,0,Germany,Female,27
5106,724,6,0.0,2,1,1,150027.0,0,France,Female,32
5107,578,2,0.0,2,1,0,70563.9,0,France,Male,39
5108,596,2,151028.0,1,1,0,170321.0,0,Germany,Female,27
5109,629,8,112331.0,1,1,1,91001.0,0,Germany,Male,35
5110,785,2,0.0,1,0,1,61811.1,0,France,Male,36
5111,778,8,123864.0,1,1,0,144495.0,0,France,Male,44
5112,663,7,0.0,1,1,1,185211.0,0,France,Female,37
5113,521,5,110641.0,1,0,1,136508.0,1,France,Male,38
5114,556,4,125891.0,1,1,1,74855.0,0,Germany,Female,43
5115,506,4,90307.6,1,1,1,159235.0,0,France,Female,34
5116,660,5,131754.0,2,1,1,38761.6,0,France,Male,40
5117,493,8,90791.7,1,1,1,59659.5,0,France,Female,33
5118,663,5,141462.0,1,1,0,440.2,0,France,Male,26
5119,576,6,0.0,2,1,1,48314.0,0,France,Male,36
5120,566,5,0.0,2,1,0,66462.8,0,Spain,Male,44
5121,683,1,0.0,2,1,0,148989.0,0,France,Male,47
5122,559,1,104357.0,2,0,1,54184.1,0,Germany,Female,36
5123,576,3,0.0,1,0,1,78498.0,1,France,Male,24
5124,511,8,0.0,2,1,1,49089.4,0,France,Male,27
5125,601,3,0.0,2,1,0,30607.1,0,France,Male,44
5126,646,3,175160.0,2,0,0,67124.5,1,France,Female,42
5127,763,9,148565.0,1,0,1,87236.4,0,Spain,Male,67
5128,614,6,96340.8,2,1,1,139377.0,1,Germany,Female,37
5129,646,7,96558.7,1,0,0,163427.0,0,France,Female,37
5130,611,3,96381.7,2,1,0,181419.0,0,Spain,Female,28
5131,699,1,0.0,2,0,0,93826.6,0,France,Female,39
5132,724,10,0.0,2,1,1,54265.6,0,France,Male,30
5133,668,10,152958.0,2,1,1,159586.0,0,Germany,Male,37
5134,815,6,0.0,2,0,1,185548.0,0,Spain,Male,28
5135,739,4,0.0,2,0,0,173322.0,0,France,Male,40
5136,698,1,0.0,4,1,0,88566.9,1,Spain,Female,50
5137,711,9,0.0,2,0,1,3234.8,0,France,Female,29
5138,709,0,0.0,2,1,0,46811.8,0,France,Male,36
5139,756,2,0.0,1,1,1,166513.0,1,France,Male,60
5140,575,1,84903.3,2,0,1,26015.8,0,Spain,Male,53
5141,521,5,116497.0,3,0,0,53793.1,1,Germany,Male,52
5142,815,1,166115.0,1,1,0,67208.3,0,France,Male,37
5143,664,7,77526.7,3,0,0,57338.6,1,Spain,Male,44
5144,612,2,115163.0,1,1,1,97677.5,1,Germany,Male,44
5145,711,3,152463.0,1,1,0,90306.0,0,France,Female,39
5146,575,0,0.0,2,0,0,30114.3,0,Spain,Female,37
5147,637,3,0.0,2,1,1,197827.0,0,France,Male,32
5148,749,3,0.0,1,1,0,3408.7,0,Spain,Female,28
5149,647,9,0.0,2,0,1,92357.2,0,France,Female,40
5150,623,7,0.0,1,1,1,25904.1,0,Spain,Female,40
5151,586,6,140901.0,1,1,1,67288.9,0,France,Female,52
5152,467,10,126315.0,1,1,0,32349.3,1,Germany,Male,28
5153,715,4,124314.0,1,0,0,97782.9,0,France,Male,34
5154,590,2,166931.0,2,1,0,122488.0,0,Spain,Female,29
5155,601,4,96253.0,2,1,0,104264.0,0,Germany,Female,49
5156,496,4,0.0,2,1,0,164807.0,0,France,Female,29
5157,431,2,138844.0,1,1,0,37688.3,1,Germany,Female,44
5158,769,7,137239.0,1,1,1,71379.9,1,Germany,Female,34
5159,834,4,131255.0,1,1,0,20199.3,0,France,Male,23
5160,784,1,138515.0,1,1,1,171769.0,0,Germany,Male,38
5161,663,9,0.0,3,1,1,72318.8,0,France,Male,67
5162,729,1,0.0,2,1,1,149536.0,0,Spain,Female,42
5163,579,2,151963.0,2,1,0,158949.0,0,Spain,Female,39
5164,640,5,197200.0,2,1,0,141454.0,0,Spain,Male,29
5165,751,3,165257.0,1,0,0,134822.0,0,France,Male,30
5166,537,4,131835.0,1,1,0,166477.0,1,Germany,Male,48
5167,735,5,121973.0,1,1,0,148804.0,0,France,Male,49
5168,597,6,124978.0,2,1,1,7144.46,0,Germany,Female,72
5169,675,0,0.0,1,1,1,80496.7,1,France,Female,49
5170,717,10,98362.4,2,1,1,21630.2,0,Germany,Female,64
5171,721,2,0.0,2,1,1,106978.0,0,Spain,Female,36
5172,850,6,0.0,2,1,1,10672.5,0,France,Male,29
5173,675,8,0.0,2,1,1,184842.0,0,France,Male,34
5174,637,2,145732.0,1,0,1,109219.0,0,France,Male,33
5175,627,7,0.0,1,1,0,187718.0,0,Spain,Female,35
5176,652,6,97435.9,2,1,1,104332.0,0,France,Female,34
5177,613,8,117300.0,1,1,0,139410.0,0,Spain,Male,34
5178,695,7,49512.6,1,1,0,133007.0,0,France,Male,46
5179,611,2,114207.0,1,1,0,164062.0,0,Germany,Female,41
5180,725,5,0.0,1,1,1,117356.0,0,France,Male,44
5181,850,2,128548.0,4,1,0,75479.0,1,France,Female,35
5182,795,9,104553.0,1,1,1,120854.0,1,Germany,Female,33
5183,796,2,109730.0,1,1,1,123883.0,0,France,Female,45
5184,682,1,0.0,1,1,1,706.5,0,France,Female,58
5185,545,5,0.0,2,1,1,38970.1,0,Spain,Female,47
5186,787,10,108935.0,1,1,1,101168.0,0,Spain,Male,39
5187,702,2,0.0,1,1,1,161889.0,0,Spain,Female,38
5188,730,1,116538.0,1,0,0,145680.0,0,France,Male,39
5189,771,7,156124.0,1,1,0,72990.6,0,France,Female,23
5190,629,1,172170.0,1,1,1,159777.0,0,France,Male,35
5191,722,3,168198.0,1,1,0,140766.0,1,France,Female,49
5192,503,8,0.0,2,1,1,97893.3,0,France,Female,37
5193,719,9,0.0,2,1,0,182224.0,0,Spain,Female,40
5194,550,8,97514.1,1,1,1,199139.0,0,France,Male,32
5195,733,5,0.0,2,1,0,131625.0,0,Spain,Female,32
5196,645,2,0.0,2,0,0,10023.2,0,Spain,Male,49
5197,639,6,80926.0,2,1,1,55829.2,0,France,Male,77
5198,710,9,148214.0,1,1,0,48571.1,1,Germany,Female,62
5199,678,4,174853.0,1,1,1,28149.1,0,France,Female,22
5200,684,5,133189.0,1,0,0,127388.0,0,France,Female,38
5201,684,6,0.0,2,1,1,94888.6,0,France,Male,54
5202,711,5,190067.0,1,0,0,51345.4,1,France,Female,25
5203,668,2,0.0,2,1,1,70783.6,0,France,Male,72
5204,489,7,139395.0,1,0,1,6120.84,0,France,Female,31
5205,622,2,158585.0,3,1,0,142343.0,1,France,Female,30
5206,624,6,0.0,1,1,0,582.59,1,Spain,Female,34
5207,773,4,0.0,2,1,0,129373.0,0,France,Female,50
5208,806,6,0.0,2,0,0,100810.0,0,France,Male,34
5209,603,6,129548.0,2,1,1,19282.8,0,Spain,Male,30
5210,714,7,126113.0,1,1,0,112777.0,0,France,Male,54
5211,678,9,0.0,1,0,0,13160.0,0,France,Female,41
5212,580,6,145387.0,2,1,1,169963.0,1,Germany,Female,36
5213,699,8,125928.0,2,1,0,147661.0,0,Spain,Male,31
5214,589,5,126112.0,1,0,1,133961.0,0,Germany,Male,48
5215,568,8,73054.4,2,1,1,27012.0,0,France,Male,30
5216,589,2,0.0,2,0,1,9468.64,0,France,Male,32
5217,682,9,0.0,2,1,1,195105.0,0,France,Female,30
5218,633,4,137847.0,2,1,0,98349.1,0,Spain,Male,33
5219,732,6,145339.0,1,0,0,91936.1,1,Germany,Male,50
5220,415,9,134950.0,3,0,0,178587.0,1,France,Male,46
5221,546,8,114889.0,2,1,1,66732.6,1,Germany,Female,74
5222,732,0,110943.0,1,0,0,172577.0,0,France,Male,25
5223,539,2,127286.0,2,1,1,166929.0,1,France,Female,47
5224,850,3,162442.0,1,1,0,183567.0,0,France,Male,35
5225,775,2,108699.0,2,1,1,161070.0,0,France,Female,32
5226,679,2,0.0,1,1,1,168294.0,0,Spain,Male,42
5227,718,4,70541.1,1,0,0,88592.8,0,Germany,Female,33
5228,765,1,0.0,1,1,0,13228.9,1,France,Female,56
5229,603,8,148897.0,1,0,0,105053.0,0,Germany,Female,40
5230,515,2,131853.0,1,1,0,81436.7,1,France,Female,58
5231,691,9,136623.0,1,1,0,153228.0,0,France,Male,26
5232,501,9,88977.4,2,0,1,133403.0,0,Germany,Male,38
5233,758,3,141581.0,1,1,0,156249.0,0,France,Female,30
5234,471,5,0.0,2,1,1,22357.0,0,Spain,Female,28
5235,710,2,0.0,2,1,0,96.27,0,France,Male,38
5236,520,10,85216.6,1,1,0,117370.0,1,France,Female,46
5237,846,0,0.0,2,1,1,96202.4,0,Spain,Male,61
5238,741,0,127675.0,2,1,0,74260.2,0,Germany,Female,36
5239,746,9,127157.0,1,1,1,155700.0,0,France,Male,36
5240,606,6,119502.0,2,1,0,46774.9,0,France,Male,40
5241,577,10,0.0,2,1,0,10553.3,0,France,Female,39
5242,545,8,73211.1,2,1,0,89587.3,1,Spain,Male,36
5243,528,2,128263.0,2,1,0,50771.2,0,France,Male,30
5244,815,2,48387.0,1,1,0,184797.0,0,Spain,Female,38
5245,597,8,162532.0,3,1,0,36051.5,1,Germany,Female,39
5246,587,8,85109.2,1,1,0,1557.82,0,Spain,Male,41
5247,551,2,139561.0,1,1,0,43435.4,1,France,Male,42
5248,606,5,0.0,2,1,1,70899.3,0,France,Male,40
5249,744,0,117551.0,1,1,0,158959.0,0,Spain,Male,31
5250,666,5,0.0,1,0,0,166651.0,1,Spain,Female,47
5251,631,4,124379.0,1,1,0,106893.0,0,France,Female,34
5252,660,5,135135.0,1,1,0,173683.0,1,Germany,Female,39
5253,712,2,100750.0,3,0,0,70758.4,1,France,Male,36
5254,613,7,124340.0,1,0,0,193310.0,0,France,Male,40
5255,575,1,139532.0,1,1,0,181294.0,0,France,Female,40
5256,661,0,0.0,2,1,0,185556.0,0,France,Female,34
5257,565,1,89994.7,2,0,1,121084.0,0,Germany,Female,40
5258,618,5,157956.0,2,0,0,139298.0,0,Germany,Male,44
5259,707,2,0.0,2,0,0,130867.0,0,France,Male,33
5260,685,6,94238.8,2,1,1,50664.1,1,France,Female,50
5261,696,8,88786.8,1,1,1,196858.0,0,Spain,Male,60
5262,595,8,131082.0,2,1,1,69428.8,0,Germany,Male,32
5263,648,7,118241.0,1,1,0,172587.0,1,Spain,Female,54
5264,621,5,104632.0,1,1,1,95551.2,0,Spain,Male,41
5265,476,3,134366.0,1,1,0,68343.5,0,Germany,Male,30
5266,652,4,0.0,1,1,1,120107.0,0,Spain,Male,71
5267,491,6,91285.2,1,1,1,7032.95,0,France,Female,72
5268,850,4,127771.0,2,0,1,151739.0,0,France,Male,39
5269,803,3,0.0,2,1,0,159654.0,0,France,Male,28
5270,526,0,0.0,2,1,0,97767.6,0,France,Female,36
5271,581,10,159204.0,1,1,1,102518.0,1,Spain,Female,24
5272,821,0,135827.0,2,1,1,131779.0,0,Germany,Male,45
5273,793,3,100914.0,1,0,0,10579.7,0,Spain,Male,25
5274,817,0,89087.9,1,0,1,87941.9,1,Germany,Female,46
5275,649,8,0.0,1,1,0,103761.0,0,Spain,Female,38
5276,649,4,115898.0,1,1,0,143544.0,0,Germany,Female,41
5277,793,4,103730.0,2,1,1,80272.1,0,France,Male,63
5278,811,7,0.0,1,1,1,178.19,0,France,Female,35
5279,677,0,0.0,2,0,0,76637.4,0,Spain,Female,35
5280,717,4,129723.0,1,0,0,41176.6,0,France,Male,31
5281,790,8,121439.0,1,1,1,176472.0,1,Germany,Male,50
5282,693,0,120712.0,1,0,0,27345.2,1,Germany,Male,40
5283,641,7,62974.6,2,0,1,39016.4,0,Germany,Female,37
5284,605,5,91612.9,1,1,1,28427.8,0,France,Male,41
5285,464,10,147494.0,2,1,0,100448.0,0,France,Female,33
5286,446,1,90217.1,1,1,0,191350.0,0,France,Female,39
5287,762,3,119350.0,3,1,1,47114.2,1,Spain,Female,35
5288,524,5,0.0,1,1,0,136080.0,1,Spain,Female,64
5289,552,3,144963.0,1,1,0,58844.8,1,Germany,Male,33
5290,799,8,174186.0,2,0,1,192634.0,0,France,Female,22
5291,650,9,0.0,1,1,0,187944.0,0,France,Female,47
5292,690,9,100369.0,2,0,0,35342.3,0,Germany,Male,44
5293,611,4,0.0,2,1,0,170951.0,0,Spain,Male,34
5294,727,2,52192.1,2,0,1,160383.0,0,France,Female,31
5295,769,8,0.0,2,1,1,172291.0,0,France,Male,29
5296,759,2,0.0,2,1,0,56583.9,0,France,Female,33
5297,698,6,0.0,2,0,1,19232.0,0,France,Male,36
5298,525,0,0.0,1,0,1,131522.0,0,Spain,Female,37
5299,662,4,0.0,2,1,0,126551.0,0,France,Female,41
5300,633,3,0.0,2,1,1,36249.8,0,France,Male,35
5301,700,5,95872.9,1,1,0,98273.0,1,France,Male,46
5302,675,6,0.0,2,1,0,34045.6,0,France,Female,33
5303,660,8,137842.0,1,1,1,42790.3,0,France,Male,63
5304,584,9,85534.8,1,0,0,169137.0,0,Spain,Male,32
5305,711,4,123346.0,1,1,0,141828.0,0,France,Male,38
5306,684,3,134168.0,3,1,0,3966.5,1,Spain,Female,38
5307,695,3,122550.0,1,1,1,56297.9,0,Spain,Male,46
5308,850,9,0.0,1,0,0,100101.0,0,France,Female,37
5309,546,3,106458.0,4,1,0,128882.0,1,Germany,Female,58
5310,587,0,0.0,2,1,0,47414.1,0,France,Male,38
5311,617,5,83348.9,3,1,0,7953.62,1,Germany,Female,39
5312,598,10,167773.0,1,1,1,136887.0,0,Germany,Male,53
5313,729,5,113575.0,2,1,0,103396.0,0,Germany,Male,40
5314,528,5,93547.2,2,0,1,961.57,0,Germany,Male,22
5315,636,9,80844.7,2,1,1,74641.9,0,Germany,Female,31
5316,718,3,0.0,1,0,1,134462.0,0,France,Female,29
5317,579,1,129490.0,2,0,1,8590.83,1,Spain,Female,35
5318,633,5,0.0,2,1,1,48249.9,0,France,Male,43
5319,791,7,0.0,1,1,1,122782.0,0,France,Female,52
5320,611,2,107509.0,2,1,1,120802.0,0,France,Female,26
5321,605,10,150316.0,1,0,1,133486.0,0,Spain,Female,48
5322,614,4,72594.0,1,1,1,76042.5,0,France,Female,38
5323,544,3,84496.7,1,0,0,79972.1,0,France,Male,37
5324,648,7,0.0,2,1,1,78436.4,0,Spain,Male,35
5325,695,5,106089.0,1,0,0,99537.7,0,France,Female,31
5326,708,0,0.0,1,1,0,128401.0,0,France,Male,41
5327,701,8,130092.0,1,1,1,120031.0,0,France,Male,37
5328,684,2,0.0,2,1,0,83473.8,0,France,Male,30
5329,629,2,0.0,2,0,1,77965.4,0,France,Male,32
5330,739,3,102128.0,1,1,0,63981.4,1,Germany,Male,32
5331,640,4,0.0,1,0,0,173016.0,0,Spain,Male,36
5332,701,3,120917.0,3,0,0,144727.0,1,Germany,Male,63
5333,731,8,96950.2,1,1,0,97877.9,0,Spain,Male,25
5334,794,9,179581.0,1,1,0,23596.2,0,Spain,Male,38
5335,621,3,163086.0,1,0,1,131048.0,0,Spain,Male,50
5336,512,9,93955.8,2,1,0,14828.5,0,Germany,Male,42
5337,615,6,0.0,1,1,1,27011.8,1,France,Male,36
5338,518,4,0.0,1,0,0,107112.0,1,Spain,Male,50
5339,662,6,0.0,2,0,0,2423.9,1,Spain,Female,35
5340,599,1,124738.0,1,0,1,90389.6,1,Germany,Male,61
5341,659,4,123593.0,2,1,0,82469.1,1,Germany,Male,48
5342,756,1,112568.0,1,1,1,113408.0,0,France,Female,23
5343,587,7,155394.0,2,1,0,13308.2,1,Germany,Female,49
5344,732,9,94867.2,2,1,1,157528.0,1,Germany,Female,61
5345,638,9,139860.0,1,1,0,38967.3,0,France,Male,46
5346,571,5,131354.0,1,1,0,125257.0,0,France,Male,32
5347,850,8,69385.2,2,1,0,87834.2,0,Germany,Female,25
5348,577,2,127261.0,1,1,0,56185.1,0,France,Male,37
5349,735,10,123180.0,2,1,1,196673.0,0,Germany,Male,43
5350,850,6,97340.0,1,0,1,88815.2,0,France,Male,40
5351,685,4,97392.2,2,1,0,43956.8,0,Spain,Male,43
5352,850,10,98488.1,1,1,0,155880.0,1,France,Female,55
5353,537,1,0.0,2,0,1,41234.0,0,Spain,Female,38
5354,545,7,173332.0,1,1,0,150453.0,0,Spain,Female,33
5355,700,2,0.0,2,0,0,50051.4,0,France,Female,26
5356,687,1,91219.3,1,0,0,158845.0,1,Germany,Female,47
5357,470,5,117470.0,2,0,0,63705.9,0,Germany,Male,39
5358,611,2,88915.4,3,0,0,161435.0,1,France,Female,49
5359,823,3,81576.8,1,1,1,28370.9,1,Spain,Female,46
5360,644,7,0.0,1,0,1,59645.2,1,Spain,Male,18
5361,691,7,101232.0,2,0,0,156529.0,0,Germany,Male,30
5362,681,7,0.0,2,0,1,163715.0,0,Spain,Male,67
5363,620,8,0.0,2,1,1,199909.0,0,France,Male,28
5364,599,8,0.0,2,1,1,174197.0,0,France,Male,34
5365,608,2,91057.4,2,1,0,132973.0,0,Germany,Female,30
5366,707,3,102347.0,1,1,1,114673.0,0,France,Female,58
5367,543,3,0.0,2,0,0,26019.6,0,France,Female,36
5368,671,5,164758.0,1,1,0,110749.0,0,France,Female,34
5369,511,1,0.0,1,1,1,184119.0,0,Spain,Female,40
5370,580,2,179335.0,2,1,1,169304.0,0,Germany,Male,45
5371,557,3,0.0,1,0,1,123428.0,0,Spain,Male,34
5372,540,7,0.0,1,0,1,183052.0,1,France,Female,31
5373,586,5,157099.0,2,1,1,65481.9,0,Germany,Female,47
5374,698,5,135659.0,2,0,1,39755.0,0,France,Male,33
5375,616,10,105174.0,1,0,1,29835.4,1,Germany,Female,28
5376,648,1,0.0,2,0,1,22101.9,0,France,Female,19
5377,850,9,0.0,2,1,1,164865.0,0,France,Female,28
5378,697,5,82931.9,2,1,1,128374.0,0,Spain,Female,25
5379,683,3,140997.0,1,0,1,52876.4,0,France,Male,72
5380,417,7,0.0,2,1,0,55003.8,0,France,Male,34
5381,717,0,98241.0,1,1,0,110887.0,0,France,Male,40
5382,544,1,118561.0,1,1,1,164137.0,0,France,Female,29
5383,764,6,108760.0,2,1,0,166325.0,1,Germany,Male,34
5384,521,2,0.0,2,1,1,113089.0,0,France,Female,41
5385,681,9,97023.2,1,1,1,2168.13,0,France,Male,47
5386,749,9,66582.8,1,1,0,78753.1,1,Spain,Female,46
5387,614,6,0.0,2,1,1,109042.0,0,France,Female,43
5388,667,1,103018.0,1,1,0,32462.4,1,Germany,Male,43
5389,711,5,0.0,1,1,1,159809.0,0,France,Male,52
5390,576,9,119531.0,1,1,0,119057.0,1,Germany,Male,44
5391,801,6,0.0,2,1,1,95804.3,0,France,Male,42
5392,554,6,117707.0,2,0,0,95277.1,1,France,Female,35
5393,776,6,0.0,2,0,1,63908.9,0,Spain,Male,30
5394,686,1,0.0,2,0,1,16459.4,0,France,Male,25
5395,745,8,0.0,1,1,1,36125.0,0,Spain,Female,59
5396,584,0,146286.0,1,1,0,105105.0,0,France,Female,26
5397,646,1,121953.0,2,1,1,142840.0,0,Germany,Female,35
5398,698,5,0.0,1,1,1,173577.0,0,Spain,Female,63
5399,740,3,113386.0,2,1,1,65121.6,1,Germany,Female,57
5400,850,3,99945.9,2,1,0,71179.3,0,Spain,Female,41
5401,611,1,117525.0,2,0,1,161064.0,0,Germany,Male,37
5402,668,5,80242.4,2,0,0,56781.0,0,Germany,Male,34
5403,622,8,0.0,2,1,0,100618.0,0,France,Male,43
5404,525,0,157989.0,2,1,1,100688.0,0,Germany,Female,30
5405,556,2,114756.0,1,1,0,193214.0,0,France,Male,38
5406,781,2,107433.0,1,1,0,173843.0,0,France,Male,23
5407,662,3,0.0,2,0,1,27731.1,0,France,Male,31
5408,717,5,112465.0,1,1,1,92977.8,0,France,Female,22
5409,675,1,0.0,3,1,0,85901.1,0,France,Male,32
5410,712,5,0.0,2,0,0,151426.0,0,Spain,Male,74
5411,497,8,0.0,2,1,0,67364.4,0,France,Male,32
5412,749,9,222268.0,1,0,0,101109.0,1,Spain,Male,42
5413,643,7,161065.0,2,0,1,84294.8,0,France,Male,36
5414,668,4,107141.0,1,1,0,193019.0,0,France,Male,28
5415,666,7,109805.0,1,0,1,163626.0,0,France,Male,30
5416,646,2,0.0,2,0,0,178753.0,0,France,Female,38
5417,667,9,71786.9,2,1,1,67734.8,0,France,Female,37
5418,775,8,121669.0,1,0,1,125898.0,0,Germany,Male,32
5419,840,1,94969.0,1,1,0,84487.6,0,France,Female,39
5420,827,5,0.0,2,0,0,103305.0,0,France,Male,38
5421,766,4,127786.0,2,1,1,28879.3,0,Germany,Male,30
5422,563,2,183573.0,1,1,1,66006.8,1,France,Female,35
5423,601,3,98202.8,1,0,0,137764.0,0,France,Female,46
5424,479,2,208166.0,1,0,0,50774.8,1,France,Female,33
5425,621,2,101014.0,2,1,1,165257.0,0,Germany,Female,30
5426,567,1,0.0,2,1,0,3414.72,0,Spain,Female,41
5427,561,1,100443.0,2,0,1,101694.0,0,France,Male,37
5428,753,8,0.0,3,1,0,90747.9,1,France,Male,46
5429,846,5,0.0,3,1,0,3440.47,1,France,Female,41
5430,658,7,140597.0,1,0,1,135459.0,1,France,Female,40
5431,774,5,85891.5,1,1,0,74135.5,1,France,Male,60
5432,738,2,0.0,2,1,0,43018.8,1,Spain,Male,44
5433,465,6,0.0,2,1,1,95501.0,0,Spain,Female,33
5434,637,1,135645.0,2,0,1,101383.0,1,Germany,Male,43
5435,568,6,0.0,2,0,0,166495.0,0,Spain,Female,26
5436,667,5,140407.0,2,0,1,57164.2,0,Germany,Female,44
5437,742,8,107926.0,1,0,1,17375.3,1,Germany,Female,44
5438,705,3,125889.0,3,1,0,96013.5,1,Germany,Female,54
5439,646,3,99836.5,1,0,1,22909.6,0,Spain,Female,42
5440,581,3,105099.0,1,1,1,184520.0,1,Germany,Female,26
5441,575,2,0.0,2,1,1,82222.9,0,Spain,Male,30
5442,742,6,0.0,2,0,0,38550.4,0,France,Male,33
5443,837,4,89900.2,2,1,0,175477.0,0,France,Male,26
5444,718,6,0.0,2,0,1,63889.1,0,Spain,Male,39
5445,792,7,0.0,1,1,0,141652.0,0,Spain,Female,40
5446,696,4,0.0,2,1,1,73371.6,0,France,Female,33
5447,850,2,0.0,2,1,1,171707.0,0,France,Female,34
5448,755,5,121207.0,1,1,1,76016.5,0,France,Female,78
5449,523,7,0.0,2,0,0,130884.0,1,France,Female,73
5450,591,1,97541.2,1,1,1,196356.0,0,Spain,Male,29
5451,591,4,150501.0,1,1,0,14928.8,0,France,Female,39
5452,690,3,92578.1,2,0,0,70810.6,0,France,Female,42
5453,625,3,130787.0,1,0,1,121316.0,0,France,Female,39
5454,664,7,0.0,1,0,1,35611.4,0,France,Male,24
5455,445,6,119414.0,2,1,0,175756.0,0,Germany,Female,38
5456,652,9,150957.0,1,0,0,72350.2,0,Germany,Male,36
5457,529,4,135759.0,1,0,0,112814.0,1,Germany,Male,29
5458,454,5,144838.0,1,1,1,93151.8,0,Spain,Female,48
5459,850,3,0.0,2,1,1,176883.0,0,France,Female,42
5460,646,0,104129.0,2,1,0,181795.0,1,France,Male,50
5461,662,10,0.0,2,1,0,137508.0,0,France,Female,29
5462,569,1,0.0,1,1,1,83629.6,1,Spain,Female,42
5463,508,2,111396.0,1,0,1,48197.1,0,France,Female,25
5464,641,6,0.0,2,1,0,65396.8,0,France,Male,41
5465,585,7,163868.0,1,1,1,112333.0,0,Germany,Male,44
5466,655,6,94631.3,2,1,1,148949.0,0,France,Female,39
5467,484,4,148250.0,1,0,1,33738.3,0,Germany,Female,34
5468,584,4,0.0,2,1,0,147601.0,0,France,Male,26
5469,667,0,103847.0,1,1,0,20560.7,0,Germany,Male,32
5470,569,10,124526.0,1,1,1,193794.0,0,France,Male,35
5471,476,4,0.0,1,1,1,55775.8,1,France,Male,37
5472,584,3,0.0,2,1,1,4525.4,0,Spain,Female,38
5473,552,9,124349.0,1,1,0,135635.0,0,France,Female,41
5474,774,8,117152.0,1,0,0,101828.0,0,Spain,Female,36
5475,625,2,80816.5,1,1,1,20018.8,0,Spain,Female,49
5476,435,4,0.0,1,1,1,197015.0,0,France,Male,36
5477,600,6,0.0,2,0,1,52193.2,0,France,Female,28
5478,848,7,120812.0,1,1,1,185510.0,0,Spain,Male,22
5479,640,9,172478.0,1,1,0,191084.0,1,Spain,Male,43
5480,607,2,0.0,2,1,0,63495.9,0,France,Female,27
5481,584,6,161614.0,2,1,1,148238.0,0,France,Male,35
5482,782,4,0.0,1,1,1,119565.0,0,France,Female,35
5483,465,9,117221.0,1,1,0,168281.0,0,France,Male,41
5484,629,1,130666.0,1,1,1,161126.0,1,France,Male,46
5485,744,6,0.0,1,0,0,10662.6,0,France,Female,39
5486,555,3,142055.0,2,0,1,79134.8,0,Germany,Male,48
5487,739,7,102704.0,1,0,1,147803.0,1,Germany,Male,45
5488,786,3,137362.0,1,0,0,183682.0,0,France,Male,34
5489,439,2,165536.0,2,1,1,123957.0,0,France,Male,36
5490,752,4,144638.0,2,1,0,40496.7,0,Spain,Female,31
5491,593,0,95927.0,1,1,0,199478.0,0,France,Female,33
5492,568,5,126816.0,2,0,1,118648.0,0,Spain,Male,27
5493,578,6,63609.9,1,0,0,74965.6,1,Spain,Male,40
5494,804,10,138336.0,1,1,1,80483.8,0,Germany,Female,33
5495,573,8,0.0,2,0,1,178229.0,0,France,Male,52
5496,779,2,75470.2,1,1,1,52894.0,0,Germany,Female,40
5497,621,0,0.0,1,1,1,133831.0,1,France,Male,47
5498,743,6,0.0,2,1,0,129740.0,0,Spain,Male,25
5499,592,7,110071.0,1,0,0,43921.4,0,Spain,Male,31
5500,613,4,123558.0,2,0,1,170903.0,0,Spain,Male,35
5501,623,5,0.0,2,1,0,116160.0,0,France,Female,24
5502,658,6,102895.0,1,0,0,155666.0,0,France,Female,38
5503,665,8,136354.0,1,1,1,93769.9,0,France,Female,55
5504,714,7,77776.4,1,1,0,177737.0,0,Germany,Male,28
5505,715,2,88121.0,2,1,1,21333.2,0,Germany,Male,42
5506,768,2,95984.7,2,1,1,73686.8,0,France,Male,29
5507,743,4,0.0,2,1,1,190911.0,0,France,Male,36
5508,850,1,154640.0,1,1,1,164040.0,0,Germany,Male,29
5509,534,1,0.0,3,1,1,104035.0,1,France,Male,52
5510,614,5,0.0,2,1,0,130611.0,0,Spain,Male,36
5511,633,5,86172.8,2,1,1,117279.0,0,Germany,Male,40
5512,734,2,0.0,2,1,0,99593.3,0,France,Male,45
5513,543,4,0.0,1,0,0,194902.0,0,Spain,Female,41
5514,687,4,117633.0,1,0,1,88396.6,0,Germany,Male,38
5515,589,4,0.0,2,0,1,182077.0,0,France,Female,50
5516,850,9,113311.0,1,1,1,198194.0,0,France,Female,42
5517,616,2,121704.0,2,1,0,55556.3,0,Germany,Male,39
5518,679,1,97234.6,1,1,0,188997.0,0,France,Male,36
5519,788,8,93716.7,1,1,1,180150.0,1,Germany,Female,57
5520,583,3,238388.0,1,0,1,147965.0,1,France,Female,57
5521,544,4,0.0,2,1,0,70007.7,0,Spain,Male,22
5522,824,3,27517.2,2,0,1,2746.41,0,Germany,Male,77
5523,514,1,178828.0,1,1,0,60375.2,0,France,Male,45
5524,662,8,0.0,2,1,1,175315.0,0,France,Male,44
5525,452,7,0.0,2,1,0,164242.0,0,France,Female,35
5526,850,7,0.0,2,0,0,155227.0,0,France,Female,32
5527,661,5,128415.0,1,1,0,142626.0,0,Spain,Female,35
5528,651,4,89743.0,1,1,0,156426.0,1,Spain,Female,46
5529,512,6,0.0,2,1,0,37654.3,0,France,Male,24
5530,657,3,118829.0,2,1,1,73127.6,0,France,Male,32
5531,711,8,145263.0,1,0,1,131473.0,0,Germany,Female,52
5532,696,4,114091.0,1,0,1,159888.0,0,Germany,Male,43
5533,574,3,129835.0,1,1,0,193131.0,0,Germany,Male,33
5534,799,2,0.0,2,1,1,59297.3,0,Spain,Male,38
5535,589,1,0.0,1,0,0,125939.0,1,Spain,Female,45
5536,605,7,0.0,1,0,1,119348.0,0,France,Male,39
5537,771,2,0.0,2,1,1,199527.0,0,France,Male,27
5538,690,5,157625.0,1,1,1,49599.3,0,France,Female,26
5539,841,3,162702.0,2,1,1,126795.0,0,France,Female,31
5540,677,4,0.0,2,1,0,187801.0,0,France,Male,38
5541,646,2,113064.0,1,0,0,53072.5,1,Germany,Female,44
5542,724,6,0.0,2,0,1,64729.5,0,France,Female,29
5543,621,2,75237.5,1,0,1,44220.4,0,France,Male,26
5544,427,8,0.0,2,1,1,82870.8,0,Spain,Male,40
5545,728,0,0.0,2,1,1,72203.8,0,France,Male,37
5546,525,6,0.0,2,1,0,89566.6,0,France,Female,25
5547,821,2,0.0,2,1,0,46072.5,0,France,Male,28
5548,569,3,0.0,3,1,0,75085.0,1,Spain,Female,51
5549,591,2,142289.0,1,0,1,119639.0,0,France,Female,38
5550,740,4,109045.0,1,0,0,94554.7,1,Germany,Female,36
5551,699,9,113110.0,1,1,0,27980.8,1,France,Male,64
5552,755,7,124540.0,1,0,1,188851.0,0,France,Female,28
5553,782,10,98052.7,1,1,1,142587.0,0,Spain,Male,23
5554,527,7,0.0,2,1,1,44099.8,0,France,Female,32
5555,730,0,0.0,2,1,0,1474.79,0,France,Male,33
5556,760,2,0.0,1,1,1,114565.0,0,Spain,Female,32
5557,692,5,0.0,2,1,1,88721.8,0,France,Male,54
5558,609,3,121779.0,1,1,1,138400.0,0,France,Male,39
5559,562,2,100238.0,1,0,0,86797.4,0,France,Male,42
5560,712,2,0.0,1,1,1,144375.0,0,France,Female,29
5561,793,2,0.0,2,1,1,79704.1,0,France,Male,35
5562,587,5,120234.0,1,1,0,194890.0,0,Spain,Male,42
5563,638,2,0.0,2,1,1,7919.08,0,Spain,Male,48
5564,705,9,110942.0,2,1,0,163485.0,0,Germany,Female,31
5565,693,1,0.0,2,0,1,182271.0,0,France,Male,31
5566,676,3,91711.6,1,1,1,95393.4,0,France,Female,36
5567,660,5,0.0,2,1,0,115510.0,0,Spain,Male,42
5568,704,1,124641.0,1,1,0,116511.0,1,Germany,Female,39
5569,622,9,0.0,2,0,1,100862.0,0,Spain,Male,39
5570,788,6,138650.0,2,1,0,64746.1,0,Germany,Female,42
5571,703,6,152685.0,1,0,0,183656.0,0,Spain,Male,39
5572,434,4,108129.0,1,0,1,56784.1,0,France,Male,41
5573,739,8,0.0,1,1,0,191695.0,1,Spain,Female,41
5574,580,1,131368.0,1,1,0,106919.0,1,France,Female,56
5575,617,5,190008.0,2,1,1,107048.0,0,France,Male,40
5576,753,4,0.0,2,0,1,146821.0,0,France,Male,48
5577,841,5,156021.0,1,0,0,122663.0,0,France,Female,36
5578,708,4,0.0,1,1,1,62868.3,0,France,Female,34
5579,501,3,144260.0,1,1,0,172115.0,0,France,Female,41
5580,711,6,0.0,2,1,1,175310.0,0,France,Female,34
5581,586,2,0.0,2,1,0,87168.5,0,France,Female,38
5582,709,3,104118.0,1,0,1,174032.0,0,France,Female,45
5583,576,5,108541.0,1,1,1,126469.0,0,France,Female,29
5584,768,3,0.0,1,0,0,161243.0,1,Spain,Female,42
5585,499,10,0.0,2,1,0,10722.5,0,France,Male,35
5586,655,1,82231.5,2,1,0,88798.0,0,Spain,Female,35
5587,709,2,111670.0,1,1,0,57029.7,0,France,Female,34
5588,650,6,0.0,1,0,0,67997.1,1,Spain,Female,30
5589,543,9,0.0,2,1,1,78858.1,0,France,Male,43
5590,613,1,147857.0,3,0,0,107961.0,1,Germany,Male,40
5591,665,9,143673.0,1,1,1,115147.0,0,France,Female,23
5592,501,2,0.0,2,0,0,141947.0,0,France,Female,40
5593,668,3,150461.0,1,1,0,108139.0,0,France,Male,42
5594,850,2,122311.0,1,1,1,19482.5,0,Spain,Female,45
5595,500,2,109163.0,1,1,1,126145.0,0,France,Male,45
5596,663,7,143626.0,2,0,1,176487.0,0,Germany,Male,37
5597,695,5,0.0,2,1,1,6770.44,0,France,Male,29
5598,772,4,122486.0,2,1,1,140709.0,0,Spain,Female,39
5599,695,4,161533.0,1,1,0,100941.0,0,France,Male,36
5600,666,7,109062.0,1,1,1,140136.0,1,Germany,Female,50
5601,615,8,0.0,2,0,0,3183.15,0,France,Male,30
5602,612,5,170288.0,1,1,1,59601.1,0,Spain,Male,39
5603,592,8,84692.5,1,0,1,67214.0,0,Spain,Male,45
5604,775,10,191092.0,2,1,1,96170.4,0,France,Female,30
5605,657,5,154984.0,1,1,0,27738.0,0,Spain,Male,34
5606,527,9,132168.0,1,0,0,98734.1,0,Spain,Male,33
5607,816,8,0.0,2,1,1,28407.4,0,France,Male,31
5608,710,4,93657.0,1,0,1,141401.0,1,Spain,Female,51
5609,655,2,183998.0,2,1,1,161217.0,0,Germany,Female,61
5610,659,9,95377.1,1,0,1,187551.0,0,France,Male,32
5611,713,10,0.0,2,1,1,126264.0,0,France,Female,39
5612,617,4,0.0,2,0,0,190269.0,0,France,Female,27
5613,652,4,0.0,2,1,1,188603.0,0,France,Female,80
5614,710,7,103099.0,2,1,0,173277.0,0,Germany,Female,24
5615,692,4,159732.0,1,1,1,118188.0,0,France,Male,66
5616,651,2,0.0,3,1,0,67029.8,1,Spain,Male,38
5617,714,8,150900.0,2,0,1,139889.0,0,Spain,Male,45
5618,484,3,134388.0,1,0,0,49954.8,1,Germany,Male,54
5619,589,1,0.0,1,1,0,61108.6,1,France,Female,61
5620,580,3,74974.9,1,1,1,12099.7,0,Germany,Female,36
5621,749,6,182532.0,2,1,1,195430.0,0,Germany,Male,66
5622,513,10,0.0,2,0,1,73151.2,0,Spain,Female,42
5623,608,4,0.0,2,1,0,10899.6,1,Spain,Female,28
5624,815,7,171923.0,1,0,1,178029.0,0,France,Male,24
5625,625,3,0.0,2,1,0,41295.1,1,France,Female,36
5626,582,2,0.0,2,1,1,33747.0,0,France,Male,31
5627,789,7,124828.0,2,1,1,124411.0,0,Germany,Male,39
5628,646,5,98014.7,1,1,1,12757.1,0,France,Male,30
5629,622,7,116922.0,1,1,0,120416.0,1,Germany,Female,58
5630,546,8,156325.0,1,1,1,125381.0,0,France,Male,24
5631,807,10,101953.0,2,1,0,178154.0,0,France,Male,33
5632,515,10,121356.0,1,1,0,138360.0,0,Spain,Male,40
5633,695,4,0.0,2,1,0,84644.8,0,Spain,Female,56
5634,670,7,0.0,2,1,1,88187.8,0,France,Female,33
5635,559,3,114740.0,1,1,0,85891.0,1,Spain,Male,24
5636,499,4,0.0,1,1,0,25950.5,0,France,Male,31
5637,741,5,0.0,1,1,1,38914.5,0,France,Female,60
5638,787,2,74484.0,2,0,1,44273.9,0,Germany,Female,42
5639,741,3,0.0,2,1,1,38913.7,0,Spain,Male,53
5640,757,3,75381.1,1,1,1,199728.0,0,France,Male,28
5641,828,7,144352.0,1,1,0,116613.0,0,Germany,Female,25
5642,482,4,124976.0,1,1,0,35848.1,0,France,Male,38
5643,686,8,105420.0,1,1,0,35356.5,0,France,Female,35
5644,556,3,131765.0,1,1,1,108501.0,1,Spain,Male,46
5645,850,6,82613.6,2,1,0,149171.0,0,Spain,Male,31
5646,520,3,150805.0,3,0,1,25333.0,1,Germany,Male,43
5647,520,3,143397.0,2,1,1,898.51,0,France,Male,30
5648,511,9,0.0,2,0,1,140677.0,0,Spain,Female,29
5649,485,6,102238.0,2,1,1,194010.0,0,Spain,Male,32
5650,632,3,126551.0,1,0,0,177645.0,1,Germany,Male,41
5651,711,8,0.0,2,1,1,64286.4,0,France,Male,28
5652,724,1,0.0,2,1,0,52462.2,0,Spain,Male,36
5653,508,1,93817.4,2,1,1,132469.0,1,France,Male,49
5654,499,3,176511.0,1,1,1,153920.0,0,France,Female,21
5655,544,10,161526.0,2,1,0,9262.77,0,France,Female,21
5656,587,1,0.0,1,0,0,123007.0,0,France,Male,42
5657,721,4,98459.6,1,0,0,90821.7,0,Germany,Male,37
5658,531,3,0.0,2,1,1,34416.8,0,France,Male,44
5659,675,8,79036.0,1,1,0,142784.0,1,Spain,Female,40
5660,613,3,171653.0,1,0,1,5353.12,0,Spain,Male,37
5661,688,2,112871.0,2,0,1,65520.7,0,Germany,Male,41
5662,691,6,0.0,2,1,1,100408.0,0,France,Female,33
5663,496,5,0.0,2,1,0,93713.1,0,France,Male,31
5664,842,4,132446.0,2,1,0,87071.2,1,France,Female,37
5665,651,8,0.0,2,1,1,126761.0,0,France,Female,25
5666,549,7,0.0,1,0,0,81259.2,1,Spain,Female,39
5667,588,8,0.0,1,1,0,61931.2,0,Spain,Male,46
5668,850,7,0.0,1,1,1,40812.9,0,France,Male,36
5669,669,7,157229.0,2,1,0,124383.0,0,Spain,Male,25
5670,502,8,0.0,2,1,1,123509.0,0,France,Male,33
5671,835,9,0.0,1,1,0,19793.7,1,France,Male,23
5672,775,6,133970.0,2,0,1,187840.0,0,France,Male,42
5673,779,5,0.0,2,0,1,111677.0,0,Spain,Female,34
5674,619,9,145360.0,1,1,0,38186.9,0,France,Female,49
5675,794,10,146127.0,1,1,1,88992.0,0,France,Male,24
5676,580,0,125647.0,1,1,0,57541.1,1,France,Male,50
5677,577,6,179852.0,1,1,0,193580.0,0,Spain,Male,48
5678,632,6,59972.3,2,0,1,148173.0,0,Germany,Male,42
5679,597,6,101529.0,1,1,0,70529.0,1,Germany,Female,22
5680,728,6,90425.1,2,1,1,11597.7,0,France,Female,34
5681,657,8,188241.0,2,0,0,183059.0,1,Spain,Male,36
5682,683,9,114610.0,2,0,1,25339.3,0,Spain,Male,34
5683,689,9,157095.0,1,1,1,99490.0,0,Germany,Male,67
5684,799,3,106046.0,2,1,1,17938.0,0,France,Female,32
5685,711,10,0.0,2,0,0,53311.8,0,France,Male,38
5686,639,10,110031.0,2,1,1,133996.0,0,Germany,Female,46
5687,850,7,0.0,1,0,0,171763.0,1,Spain,Female,55
5688,669,4,0.0,2,1,1,197594.0,0,France,Male,26
5689,712,5,108079.0,1,1,1,174119.0,0,Spain,Female,79
5690,637,1,122186.0,1,1,0,102566.0,1,Germany,Male,30
5691,607,8,143422.0,1,1,0,97879.0,0,Germany,Male,36
5692,519,1,151701.0,3,1,1,170139.0,1,Germany,Female,21
5693,542,2,131946.0,1,0,1,159738.0,0,Spain,Male,32
5694,645,2,138881.0,1,1,0,129937.0,1,Germany,Female,41
5695,589,3,0.0,2,0,1,55601.4,0,France,Female,21
5696,656,6,0.0,2,1,0,1485.27,0,France,Male,35
5697,554,5,99906.9,1,0,0,24983.4,0,Germany,Male,43
5698,793,2,0.0,1,1,0,159124.0,1,Spain,Male,52
5699,773,9,111180.0,1,1,1,93091.0,0,Spain,Male,63
5700,554,1,0.0,2,0,1,192661.0,0,France,Male,31
5701,477,9,144901.0,1,1,0,61315.4,1,France,Male,47
5702,529,6,102025.0,2,1,0,12351.0,0,France,Male,39
5703,849,0,0.0,2,0,1,157892.0,0,France,Male,27
5704,646,4,105957.0,1,1,0,15470.9,0,Germany,Female,29
5705,606,0,137138.0,2,0,1,53784.2,0,Germany,Female,47
5706,473,5,146602.0,2,1,1,72947.0,0,Germany,Female,32
5707,760,2,100947.0,1,0,0,179615.0,1,France,Female,51
5708,483,9,0.0,2,1,1,111020.0,0,France,Female,50
5709,635,2,0.0,2,0,0,117174.0,0,Spain,Male,29
5710,543,7,147257.0,1,1,0,112772.0,0,France,Female,32
5711,655,3,0.0,2,0,1,15801.0,0,France,Female,51
5712,428,1,107736.0,1,0,1,58381.8,0,France,Female,62
5713,625,6,0.0,2,0,0,197283.0,0,France,Male,34
5714,728,10,114835.0,1,0,1,37662.5,0,France,Male,30
5715,425,9,166777.0,2,0,1,172647.0,0,Germany,Male,40
5716,759,6,128918.0,1,1,1,48244.6,0,Spain,Female,74
5717,850,5,0.0,2,1,1,34827.4,0,France,Female,41
5718,803,3,0.0,1,1,0,72051.4,0,Spain,Male,43
5719,687,10,134318.0,2,1,1,198065.0,0,Germany,Male,41
5720,537,0,88963.3,2,1,1,189840.0,0,France,Male,28
5721,551,5,95679.3,1,0,0,94978.1,0,Spain,Female,48
5722,725,1,104887.0,1,0,0,86622.6,1,Germany,Female,47
5723,730,1,0.0,2,1,1,126592.0,0,France,Male,34
5724,699,2,117469.0,1,1,0,185227.0,0,France,Male,34
5725,606,8,0.0,2,1,1,183718.0,0,Spain,Female,46
5726,686,5,0.0,2,1,0,158974.0,0,Spain,Male,22
5727,662,5,139822.0,2,1,1,146220.0,0,Germany,Male,39
5728,720,10,0.0,2,1,1,56229.7,1,France,Female,38
5729,706,1,123277.0,2,1,1,86507.9,1,Germany,Male,67
5730,494,1,137853.0,1,0,1,90273.9,0,France,Female,33
5731,553,3,82291.1,1,1,0,112550.0,1,Germany,Male,46
5732,617,7,0.0,1,1,1,27239.3,0,Spain,Male,38
5733,795,9,130862.0,1,1,1,114935.0,0,Germany,Female,33
5734,586,3,63873.6,1,1,0,83753.6,0,Spain,Male,41
5735,540,3,0.0,2,1,0,121099.0,0,France,Male,41
5736,644,6,12459.2,1,0,0,156787.0,1,Spain,Female,46
5737,539,3,0.0,2,1,0,36692.2,0,France,Male,39
5738,562,3,92348.0,1,1,1,163117.0,0,France,Male,48
5739,712,2,0.0,2,0,0,45738.9,0,Spain,Female,44
5740,613,0,117356.0,1,0,0,113558.0,1,Germany,Female,20
5741,671,3,96891.5,1,1,0,176403.0,1,Germany,Male,51
5742,850,2,0.0,2,0,1,27937.1,0,Spain,Male,30
5743,647,3,116510.0,1,1,1,149518.0,1,Germany,Male,37
5744,688,7,148046.0,1,1,0,175480.0,1,France,Male,38
5745,554,8,0.0,2,1,1,176779.0,0,France,Female,35
5746,732,9,108748.0,2,1,1,65323.1,0,Germany,Male,42
5747,513,6,0.0,2,1,0,110142.0,0,France,Female,37
5748,600,9,138456.0,2,1,1,103548.0,0,Germany,Male,57
5749,704,3,0.0,2,0,1,152885.0,0,France,Male,44
5750,548,9,0.0,2,0,0,98029.6,0,France,Female,37
5751,516,8,109044.0,1,0,1,115818.0,0,Spain,Female,45
5752,621,7,87619.3,1,1,0,143.34,0,France,Male,35
5753,850,1,76914.2,1,1,0,174183.0,0,France,Male,40
5754,839,10,75592.4,1,1,0,62674.4,0,Spain,Female,33
5755,501,6,104533.0,1,0,0,81123.6,1,Spain,Male,43
5756,565,10,139756.0,1,1,0,165849.0,1,Germany,Female,47
5757,557,1,113110.0,1,1,0,98413.1,0,Spain,Male,36
5758,780,5,94108.5,2,1,0,177235.0,0,Germany,Male,34
5759,638,0,0.0,2,1,0,160130.0,0,France,Female,32
5760,482,2,133112.0,1,0,1,79958.0,0,France,Female,35
5761,780,1,0.0,1,1,1,64804.0,0,France,Male,34
5762,720,3,123784.0,2,1,1,142903.0,0,Spain,Male,33
5763,650,4,79450.1,1,1,1,118325.0,0,Spain,Female,32
5764,528,4,0.0,2,1,0,25399.7,0,Spain,Male,40
5765,604,5,0.0,2,1,0,75786.5,0,France,Male,30
5766,690,9,77642.0,1,0,0,189052.0,1,France,Female,40
5767,850,2,102741.0,2,0,1,23974.8,0,Germany,Female,38
5768,566,2,97001.4,2,1,0,154486.0,0,Germany,Female,40
5769,769,1,72509.9,1,1,0,25723.7,0,Spain,Male,41
5770,624,5,151855.0,1,1,0,68794.1,0,Germany,Female,45
5771,794,9,96951.2,1,1,1,71776.8,0,France,Male,56
5772,404,4,125456.0,1,1,0,83715.7,1,Germany,Female,54
5773,672,7,0.0,1,1,1,136910.0,0,France,Female,53
5774,608,5,126148.0,1,0,1,132425.0,1,Germany,Female,44
5775,625,7,106957.0,1,1,1,134794.0,0,Spain,Male,32
5776,573,6,0.0,2,1,0,193995.0,0,France,Female,37
5777,672,8,0.0,2,1,1,16245.2,0,France,Female,34
5778,676,4,89437.0,1,1,1,189541.0,0,Germany,Female,34
5779,679,1,112543.0,1,1,1,179435.0,0,France,Female,30
5780,491,5,83134.3,1,1,0,187947.0,0,France,Male,33
5781,589,9,0.0,2,1,0,170677.0,0,France,Male,46
5782,741,6,74371.5,1,0,0,99595.7,0,Spain,Male,35
5783,800,2,0.0,2,0,0,167774.0,0,France,Female,29
5784,765,9,126548.0,1,1,1,79579.9,1,France,Female,50
5785,585,1,0.0,1,1,1,75503.6,0,France,Female,34
5786,670,1,115962.0,2,0,1,29483.9,0,France,Female,42
5787,604,8,62094.7,3,0,0,9308.1,1,France,Female,47
5788,513,8,0.0,1,1,0,76640.3,1,France,Male,35
5789,710,8,147833.0,2,0,1,1561.58,0,Germany,Male,34
5790,754,6,170185.0,2,1,0,89593.3,0,Spain,Male,39
5791,747,1,114959.0,1,1,0,189362.0,1,France,Female,45
5792,804,4,0.0,1,1,1,8546.87,1,France,Female,50
5793,606,2,130274.0,2,1,0,147533.0,0,Germany,Male,27
5794,529,8,103102.0,2,1,1,154002.0,1,France,Male,67
5795,776,8,115130.0,1,0,0,129526.0,1,Germany,Male,33
5796,619,7,0.0,2,1,1,42442.2,0,Spain,Female,56
5797,687,3,110495.0,1,1,0,158615.0,0,France,Female,24
5798,575,7,121205.0,4,1,1,168081.0,1,Germany,Male,49
5799,675,2,90826.3,2,1,0,60270.9,0,Spain,Male,31
5800,642,0,0.0,1,0,0,47472.7,0,France,Male,26
5801,768,5,0.0,3,0,0,60686.4,0,France,Male,42
5802,578,1,135651.0,1,1,0,199428.0,0,Germany,Male,37
5803,670,9,84521.5,2,0,1,198017.0,0,Germany,Female,33
5804,597,0,108058.0,2,1,1,187826.0,0,Spain,Male,24
5805,611,6,0.0,2,1,0,45886.3,0,Spain,Male,46
5806,657,9,0.0,2,0,0,37171.5,0,France,Male,50
5807,666,7,0.0,2,1,1,99792.8,0,France,Female,66
5808,669,9,121859.0,1,1,0,130755.0,0,France,Female,38
5809,625,6,100047.0,1,1,0,93430.0,0,Germany,Male,42
5810,553,3,99844.7,1,0,0,187916.0,0,France,Male,38
5811,554,4,112153.0,1,0,1,36242.2,0,Spain,Female,41
5812,577,1,0.0,2,1,0,9902.39,0,France,Female,32
5813,719,5,0.0,2,1,0,145760.0,0,Spain,Male,39
5814,645,1,157404.0,2,1,0,93073.0,0,Germany,Male,25
5815,640,1,137523.0,1,0,0,24761.4,0,Spain,Male,34
5816,850,5,0.0,2,1,1,180244.0,0,Spain,Male,62
5817,694,1,95668.8,2,1,0,100336.0,0,Germany,Male,37
5818,516,3,145166.0,2,0,0,111421.0,0,Germany,Male,32
5819,833,3,144752.0,1,0,0,166473.0,0,France,Female,34
5820,767,3,0.0,1,0,0,65147.3,0,France,Male,36
5821,627,10,0.0,2,1,1,194792.0,0,Spain,Male,40
5822,646,3,47134.8,1,1,1,57236.4,0,France,Female,45
5823,606,10,126307.0,3,0,0,7861.68,1,Germany,Male,65
5824,659,9,0.0,2,1,1,35701.1,0,Spain,Female,38
5825,664,4,74306.2,2,1,0,154396.0,0,France,Female,38
5826,556,7,154872.0,2,1,1,32044.6,0,France,Male,36
5827,678,8,185649.0,1,0,0,192157.0,1,France,Male,60
5828,850,8,0.0,2,1,0,178668.0,0,France,Male,31
5829,622,2,0.0,2,1,1,33277.3,0,Spain,Female,58
5830,628,10,115280.0,2,0,0,12628.6,1,Germany,Female,51
5831,492,9,170295.0,2,0,0,164742.0,0,Germany,Male,45
5832,739,6,0.0,1,1,1,57572.4,0,France,Female,27
5833,731,3,0.0,2,1,0,101372.0,0,Spain,Male,41
5834,713,1,117094.0,1,0,0,149559.0,1,France,Female,32
5835,682,10,73688.2,1,1,1,172141.0,0,France,Male,61
5836,658,8,119328.0,1,0,1,119440.0,0,Germany,Female,55
5837,644,4,77270.1,2,1,1,115800.0,1,Germany,Female,40
5838,850,3,124549.0,2,1,1,120380.0,0,Germany,Male,39
5839,628,3,113147.0,2,0,1,124749.0,0,Germany,Male,29
5840,727,1,154734.0,1,1,0,80259.7,1,Spain,Female,52
5841,665,5,0.0,2,1,0,156440.0,0,France,Female,38
5842,727,2,110998.0,1,1,0,101434.0,0,France,Female,28
5843,672,2,209767.0,2,1,1,150694.0,1,Spain,Female,56
5844,535,3,0.0,1,0,0,61820.4,1,France,Female,49
5845,769,9,133871.0,1,1,1,50568.0,0,France,Female,40
5846,554,1,0.0,2,0,1,183493.0,0,Spain,Male,42
5847,743,7,77002.2,2,1,1,80428.4,0,France,Male,42
5848,795,2,117265.0,1,1,1,198317.0,0,France,Male,32
5849,554,3,0.0,2,1,0,166177.0,0,Spain,Male,37
5850,601,4,0.0,2,1,0,58561.3,0,Spain,Female,44
5851,709,9,115479.0,2,1,1,134733.0,0,Germany,Male,30
5852,633,7,88302.6,1,1,1,195937.0,0,Germany,Male,50
5853,630,6,131354.0,1,0,1,9324.31,1,Germany,Male,29
5854,826,5,146466.0,2,0,0,180935.0,0,Spain,Male,41
5855,479,7,143964.0,2,1,0,41880.0,0,Germany,Female,30
5856,510,7,123937.0,1,1,1,23768.0,0,Germany,Female,50
5857,577,7,0.0,1,1,0,143274.0,0,Spain,Male,28
5858,791,7,0.0,1,1,0,89666.3,0,Spain,Male,25
5859,607,4,135927.0,1,0,0,180890.0,0,Germany,Female,37
5860,559,8,95139.4,1,1,1,86575.5,0,France,Female,38
5861,591,1,86376.3,1,0,1,136767.0,1,Spain,Female,40
5862,796,8,165326.0,1,1,1,57205.6,0,France,Male,44
5863,592,8,85845.4,2,1,1,128918.0,0,Spain,Male,55
5864,521,7,0.0,2,1,1,157879.0,0,France,Male,25
5865,553,1,0.0,2,1,0,90607.3,0,France,Male,41
5866,686,0,138131.0,1,0,1,115928.0,0,France,Male,38
5867,581,4,0.0,2,1,1,197562.0,0,France,Male,71
5868,543,4,138318.0,1,0,0,61843.7,0,France,Female,31
5869,652,3,0.0,1,1,0,173989.0,1,France,Female,51
5870,621,9,170492.0,1,1,0,35588.1,1,Spain,Male,53
5871,796,2,137263.0,2,1,0,62905.3,0,France,Male,30
5872,610,7,115462.0,1,0,1,42581.0,0,Germany,Male,36
5873,735,3,119558.0,1,0,0,72927.7,0,France,Male,31
5874,576,3,0.0,2,0,1,190112.0,0,Spain,Male,33
5875,696,9,150857.0,1,0,1,8236.78,0,France,Male,34
5876,619,8,142016.0,2,1,0,114324.0,0,Germany,Female,41
5877,547,3,151191.0,1,1,0,175296.0,1,Germany,Male,41
5878,630,5,138054.0,1,0,1,114111.0,0,France,Male,53
5879,591,6,0.0,2,1,1,108685.0,0,France,Male,29
5880,591,8,0.0,2,0,0,42392.2,0,Spain,Male,39
5881,487,5,110368.0,1,0,0,11384.5,1,Germany,Female,61
5882,615,6,81818.5,1,1,1,169149.0,0,Spain,Male,51
5883,745,0,119638.0,1,1,1,34265.1,1,Germany,Female,44
5884,544,7,0.0,1,0,1,161077.0,0,France,Female,40
5885,628,4,143055.0,1,0,1,109609.0,1,France,Female,50
5886,696,8,0.0,2,0,0,28276.8,0,France,Female,41
5887,710,10,120530.0,1,1,0,166587.0,1,Germany,Female,46
5888,742,4,0.0,1,1,1,13161.7,1,France,Female,60
5889,789,6,0.0,2,1,0,103604.0,0,France,Male,27
5890,655,2,0.0,2,0,1,188435.0,0,Spain,Female,78
5891,641,5,66392.6,1,1,0,31106.7,0,France,Female,36
5892,627,7,147362.0,1,1,1,133032.0,0,Germany,Female,37
5893,787,1,106267.0,1,1,1,16607.2,0,France,Female,35
5894,664,9,189027.0,2,1,1,56099.9,0,France,Male,43
5895,704,8,129735.0,2,1,1,179566.0,0,France,Male,42
5896,445,3,0.0,2,1,1,127939.0,0,France,Female,30
5897,700,7,0.0,2,1,0,17040.8,0,France,Female,37
5898,693,8,107605.0,1,1,1,80149.3,0,Spain,Male,47
5899,576,4,112610.0,1,0,0,191035.0,1,France,Female,41
5900,639,9,0.0,2,1,0,111340.0,0,France,Male,32
5901,789,3,0.0,1,1,0,121884.0,1,France,Male,37
5902,713,3,0.0,2,1,0,55772.0,0,France,Male,41
5903,529,2,82766.4,1,1,1,122925.0,0,Spain,Female,39
5904,707,1,0.0,2,0,1,6035.51,0,France,Male,37
5905,850,10,0.0,2,1,1,199776.0,0,France,Female,29
5906,690,10,91760.1,1,1,1,135785.0,0,Spain,Female,36
5907,762,2,0.0,2,1,0,167910.0,0,France,Male,28
5908,716,3,0.0,2,0,1,167636.0,0,France,Female,40
5909,457,7,127838.0,1,0,1,60013.2,0,France,Female,33
5910,635,4,140197.0,1,1,1,142936.0,0,Spain,Male,24
5911,540,0,148116.0,1,0,0,116973.0,0,France,Male,48
5912,850,7,89118.3,1,1,0,104241.0,1,Spain,Male,44
5913,685,6,97956.5,1,1,1,164966.0,0,Germany,Female,21
5914,670,2,84266.4,2,0,0,38614.7,0,Germany,Female,36
5915,636,6,157576.0,2,1,1,101102.0,0,Spain,Female,29
5916,462,9,69881.1,2,0,1,64421.0,0,Germany,Female,24
5917,751,9,183614.0,2,0,0,49734.9,0,France,Female,37
5918,689,3,139800.0,1,0,1,120664.0,0,Spain,Female,31
5919,752,8,114233.0,1,1,1,51587.0,0,France,Female,53
5920,601,2,0.0,2,1,1,118983.0,0,France,Male,35
5921,716,2,119656.0,1,1,1,12944.2,1,Germany,Male,50
5922,637,9,0.0,2,0,0,26057.1,0,Spain,Female,34
5923,464,3,116440.0,1,1,0,75574.5,0,France,Male,38
5924,560,9,0.0,1,1,1,15928.5,0,France,Female,66
5925,594,1,132695.0,1,1,0,167690.0,0,Germany,Male,18
5926,667,7,0.0,1,0,1,108349.0,1,France,Male,42
5927,653,0,119556.0,1,1,0,78250.1,1,France,Male,46
5928,585,7,0.0,2,0,0,146157.0,0,France,Male,40
5929,580,0,136821.0,1,0,1,108529.0,0,Spain,Female,57
5930,470,4,125385.0,1,1,0,68293.9,0,Spain,Male,30
5931,665,1,182782.0,2,1,1,63732.9,0,Spain,Male,29
5932,652,8,125438.0,1,1,1,17160.9,1,Germany,Male,50
5933,757,3,89079.4,1,1,1,53179.2,1,France,Male,57
5934,567,9,96403.0,1,0,0,52035.3,1,France,Male,54
5935,700,6,137963.0,1,0,0,8996.79,0,France,Female,27
5936,489,8,0.0,2,0,1,196991.0,0,France,Male,38
5937,720,1,102882.0,2,1,1,35633.1,1,France,Female,45
5938,613,7,76656.4,2,1,1,185483.0,0,Germany,Male,28
5939,741,3,0.0,2,1,1,89804.8,0,France,Female,36
5940,778,1,0.0,2,1,0,85439.7,0,France,Male,33
5941,727,8,119027.0,2,1,1,137904.0,0,Germany,Female,30
5942,504,8,170291.0,2,0,1,15659.0,0,Germany,Male,32
5943,624,7,0.0,2,1,1,108842.0,0,France,Male,71
5944,603,1,165149.0,2,1,0,21858.3,0,Spain,Male,24
5945,476,4,0.0,2,0,0,182547.0,0,France,Female,40
5946,756,6,0.0,1,1,1,164395.0,0,France,Female,28
5947,774,9,0.0,2,1,1,34774.3,0,Spain,Male,46
5948,708,3,0.0,2,1,0,138613.0,0,Spain,Male,33
5949,557,6,177822.0,1,1,0,150944.0,1,France,Male,42
5950,640,9,138858.0,1,1,0,48640.8,0,France,Female,31
5951,576,9,170229.0,2,0,0,148478.0,1,France,Female,52
5952,623,2,80002.3,1,1,1,104080.0,0,Germany,Male,33
5953,616,9,0.0,1,1,0,111313.0,0,France,Male,37
5954,689,2,64808.3,2,0,0,78591.1,0,Germany,Female,28
5955,519,8,0.0,2,1,1,101486.0,0,France,Male,42
5956,642,8,117494.0,1,0,0,61977.8,0,France,Male,30
5957,495,9,117160.0,1,1,1,116069.0,1,Germany,Female,34
5958,653,9,0.0,2,1,0,96429.3,0,France,Female,27
5959,774,4,113709.0,1,1,1,153888.0,1,France,Male,53
5960,821,1,0.0,2,1,0,194273.0,0,France,Female,40
5961,619,0,0.0,3,0,0,60810.6,1,France,Female,55
5962,445,1,64119.4,1,1,1,76569.6,1,Spain,Male,62
5963,651,2,109175.0,2,1,0,114566.0,0,Germany,Female,25
5964,539,0,100886.0,2,1,1,38772.6,0,France,Female,22
5965,554,4,137654.0,2,1,1,172630.0,0,France,Female,38
5966,533,1,102287.0,3,1,0,69409.4,1,Germany,Female,49
5967,643,8,117451.0,1,1,0,65374.9,0,Spain,Female,34
5968,663,4,0.0,2,1,1,123970.0,0,France,Male,28
5969,607,4,98266.3,1,1,1,46416.4,0,Spain,Female,36
5970,701,2,0.0,2,1,1,65765.2,0,France,Female,35
5971,728,8,0.0,2,0,1,41823.2,0,Spain,Male,42
5972,669,1,103873.0,1,1,0,148612.0,0,Germany,Female,42
5973,668,7,106854.0,1,0,1,157959.0,1,Germany,Male,47
5974,639,6,150556.0,1,1,0,30414.2,0,France,Male,39
5975,623,4,0.0,2,1,0,41227.7,0,France,Female,28
5976,617,7,0.0,2,0,1,14496.7,0,France,Male,41
5977,773,2,135903.0,1,1,0,73656.4,0,France,Male,25
5978,712,6,0.0,2,1,0,152418.0,0,Spain,Female,30
5979,661,9,100108.0,1,1,0,83949.7,0,France,Male,35
5980,601,7,105515.0,2,1,0,50070.6,0,Germany,Female,26
5981,573,0,90124.6,1,1,0,137477.0,0,France,Female,33
5982,483,1,118334.0,1,0,0,163148.0,1,Germany,Male,41
5983,591,7,0.0,2,0,1,48778.5,0,France,Female,31
5984,543,4,140917.0,1,1,0,157711.0,0,France,Male,30
5985,680,3,0.0,1,1,0,32454.3,0,France,Male,27
5986,709,9,0.0,2,1,0,16733.6,0,France,Female,37
5987,453,4,131835.0,2,1,0,8949.2,0,France,Female,37
5988,683,4,114779.0,1,0,0,183171.0,0,France,Male,30
5989,699,2,0.0,1,1,0,78387.3,0,Spain,Male,40
5990,602,3,88814.4,2,1,1,62488.0,0,France,Female,29
5991,517,3,0.0,2,0,1,12465.5,0,Spain,Male,39
5992,828,1,109877.0,2,1,0,83611.5,1,Spain,Male,47
5993,589,10,0.0,2,0,1,168369.0,0,Spain,Female,46
5994,657,3,125167.0,1,0,0,98820.4,0,Spain,Male,31
5995,758,3,0.0,2,0,0,96097.6,0,Spain,Male,40
5996,767,3,119714.0,2,0,1,150135.0,0,Germany,Male,20
5997,625,7,137555.0,1,0,0,124608.0,0,France,Male,45
5998,712,5,154776.0,2,0,0,196258.0,0,Germany,Female,49
5999,684,2,70291.0,1,1,1,115469.0,1,Spain,Male,40
6000,646,5,93680.4,2,1,1,179473.0,0,France,Male,40
6001,815,5,0.0,3,0,0,38941.4,1,Spain,Female,57
6002,674,6,166258.0,1,1,1,149369.0,0,France,Male,26
6003,790,4,141582.0,2,0,0,98309.3,0,France,Female,26
6004,616,8,149319.0,1,1,0,140746.0,0,Germany,Male,29
6005,814,9,136597.0,1,1,1,185792.0,0,France,Male,48
6006,625,4,128505.0,1,1,0,126813.0,1,Germany,Female,49
6007,644,9,137285.0,4,1,0,77063.6,1,France,Female,40
6008,647,5,105603.0,2,1,1,157361.0,0,Spain,Male,47
6009,584,1,115342.0,1,0,1,173633.0,0,France,Male,38
6010,545,5,0.0,1,0,0,10034.8,1,France,Female,55
6011,682,6,101013.0,1,0,0,32589.9,1,Germany,Female,29
6012,670,7,0.0,2,1,1,144723.0,0,France,Male,25
6013,540,3,164113.0,2,1,1,12120.8,0,Germany,Male,44
6014,684,2,119783.0,2,0,0,120285.0,0,Spain,Male,41
6015,780,10,121314.0,1,0,1,64872.3,0,France,Male,76
6016,516,9,128299.0,1,0,0,149614.0,1,Germany,Female,47
6017,529,5,0.0,1,1,0,151170.0,0,France,Male,22
6018,513,5,171601.0,1,1,0,126224.0,0,Germany,Female,49
6019,770,8,0.0,2,1,0,100557.0,0,France,Female,30
6020,571,6,107194.0,2,0,0,38962.9,0,France,Female,38
6021,544,8,0.0,2,1,0,61581.2,0,France,Male,40
6022,703,3,122085.0,1,0,1,82824.1,0,Germany,Female,29
6023,567,1,125878.0,2,1,1,107842.0,0,France,Female,38
6024,570,2,0.0,1,0,0,198831.0,0,France,Male,23
6025,744,2,84113.4,1,1,0,197549.0,0,Germany,Female,41
6026,825,9,0.0,2,1,1,31933.1,0,France,Male,34
6027,560,1,0.0,2,1,1,120881.0,0,Spain,Female,28
6028,597,5,0.0,2,1,1,81299.2,0,France,Male,61
6029,752,3,65046.1,2,0,1,140139.0,0,Germany,Female,42
6030,538,1,134752.0,1,1,0,162512.0,0,France,Male,37
6031,704,7,113034.0,1,1,0,162503.0,1,Germany,Female,24
6032,537,0,0.0,2,0,1,175262.0,0,France,Female,41
6033,725,6,98684.1,1,0,0,133721.0,0,France,Male,26
6034,654,5,0.0,2,0,0,157238.0,0,Spain,Female,36
6035,610,5,91897.8,1,1,0,54394.3,0,Spain,Male,46
6036,712,1,0.0,2,1,1,195052.0,0,France,Male,34
6037,550,7,139097.0,1,1,0,129891.0,0,France,Female,22
6038,667,10,64404.3,2,0,0,26022.4,0,Germany,Female,42
6039,498,1,0.0,2,0,0,135796.0,0,France,Female,30
6040,599,4,0.0,1,1,0,170347.0,0,France,Female,43
6041,516,1,104948.0,1,1,0,115789.0,1,France,Female,46
6042,507,9,111590.0,1,1,0,150037.0,0,Germany,Male,31
6043,688,9,0.0,1,1,0,191213.0,1,France,Female,54
6044,420,4,91893.3,1,1,0,144870.0,1,Spain,Female,55
6045,560,5,83714.4,1,1,1,33246.0,0,France,Female,38
6046,665,9,0.0,1,0,1,87412.7,0,Spain,Male,38
6047,584,4,82696.1,2,0,0,83058.1,0,Spain,Male,36
6048,589,6,138498.0,1,0,1,18988.6,0,France,Female,37
6049,663,7,0.0,2,1,1,180427.0,0,France,Male,34
6050,537,3,0.0,2,0,0,141023.0,0,France,Male,38
6051,749,7,0.0,2,1,0,20306.8,0,France,Male,37
6052,805,3,105664.0,2,0,1,33330.9,0,Germany,Female,33
6053,679,3,0.0,2,1,1,63687.1,0,France,Male,29
6054,709,9,118547.0,1,0,1,77142.9,0,France,Male,42
6055,702,8,71667.7,1,1,1,126082.0,0,Spain,Male,32
6056,701,9,0.0,2,1,1,26327.4,0,Spain,Female,21
6057,653,6,107752.0,2,1,1,33389.4,0,Spain,Female,27
6058,623,4,140212.0,1,1,1,93832.3,0,France,Female,37
6059,716,3,109528.0,1,1,0,27341.6,1,France,Female,44
6060,707,8,0.0,2,1,0,33159.4,0,France,Male,30
6061,738,10,83008.3,1,1,1,42766.0,0,Germany,Male,62
6062,670,4,0.0,2,1,0,119759.0,0,Spain,Female,20
6063,726,9,114722.0,2,1,1,98178.6,0,France,Female,31
6064,684,3,137179.0,1,1,1,37264.1,0,France,Male,35
6065,555,1,56084.7,2,0,0,178798.0,0,Spain,Male,33
6066,516,2,104983.0,1,1,0,157378.0,0,France,Female,29
6067,654,7,0.0,2,1,1,149184.0,0,France,Male,29
6068,585,1,128473.0,1,1,0,186477.0,1,Spain,Female,56
6069,510,3,156834.0,1,0,0,44374.4,0,France,Female,22
6070,705,7,68423.9,1,1,1,64872.6,0,Spain,Male,33
6071,767,1,144753.0,1,1,1,132481.0,0,Germany,Female,33
6072,755,4,148655.0,2,1,1,28805.1,0,France,Female,29
6073,672,5,0.0,2,1,1,64515.5,0,Spain,Male,43
6074,650,4,106006.0,1,0,1,142995.0,0,France,Male,34
6075,588,7,0.0,2,1,1,108739.0,0,Spain,Female,35
6076,655,8,125562.0,1,0,0,164041.0,1,Germany,Male,41
6077,671,5,0.0,2,0,0,120893.0,0,France,Male,27
6078,581,7,0.0,2,1,1,74320.8,0,France,Male,37
6079,627,1,132760.0,1,1,0,78899.2,0,Spain,Male,48
6080,663,6,0.0,2,0,1,15876.5,0,Spain,Male,64
6081,734,7,107806.0,1,0,0,182506.0,0,France,Male,43
6082,548,10,0.0,1,1,1,31299.7,0,France,Female,35
6083,850,3,0.0,2,1,0,116693.0,0,France,Female,30
6084,586,9,100782.0,2,1,1,54448.4,0,Germany,Female,56
6085,619,6,52831.1,1,1,1,112649.0,1,Spain,Female,44
6086,549,4,0.0,2,0,0,139464.0,0,France,Female,34
6087,770,9,190678.0,1,1,1,14725.4,0,Spain,Male,46
6088,551,2,166968.0,1,1,0,159484.0,1,France,Female,59
6089,782,9,0.0,1,1,1,87567.0,0,France,Male,32
6090,554,8,149134.0,1,1,1,177966.0,0,Spain,Male,26
6091,778,1,151958.0,3,1,1,131238.0,1,Germany,Female,35
6092,680,4,108300.0,2,0,1,44384.6,1,Germany,Male,30
6093,567,2,0.0,2,1,1,78651.5,0,France,Female,26
6094,651,1,96834.8,1,1,0,108765.0,0,France,Female,33
6095,663,2,117029.0,2,0,1,144680.0,0,Germany,Male,44
6096,747,10,0.0,2,1,1,50759.8,0,France,Female,34
6097,601,8,93012.9,1,1,0,86957.4,0,France,Male,32
6098,775,9,126213.0,1,1,0,70196.6,0,France,Male,40
6099,548,5,175215.0,1,1,1,155166.0,0,Germany,Male,32
6100,677,3,86616.4,1,0,0,91903.9,1,France,Female,29
6101,696,9,0.0,1,0,0,10883.5,0,Spain,Male,24
6102,752,2,0.0,1,1,0,44335.5,1,Spain,Female,35
6103,729,6,63669.4,1,1,0,145111.0,0,Germany,Male,30
6104,733,3,106546.0,1,1,1,134590.0,0,Germany,Male,74
6105,583,10,0.0,2,0,1,113598.0,0,France,Female,38
6106,618,5,0.0,1,0,1,178705.0,1,France,Male,37
6107,549,6,124829.0,1,0,1,93551.4,0,Germany,Female,49
6108,716,8,126146.0,2,1,1,138051.0,0,Germany,Male,41
6109,575,5,0.0,2,1,1,122489.0,0,France,Male,40
6110,699,4,110559.0,1,1,1,127430.0,0,France,Female,32
6111,565,1,0.0,2,0,1,89602.8,0,France,Female,44
6112,590,10,99250.1,1,1,1,129629.0,0,Spain,Female,29
6113,652,6,0.0,2,1,1,145700.0,0,France,Male,38
6114,820,3,82344.8,1,0,1,115985.0,0,France,Female,29
6115,675,0,141816.0,1,1,0,64815.1,1,Germany,Female,33
6116,628,8,0.0,2,1,0,193903.0,0,France,Female,45
6117,672,4,89025.9,2,1,0,188892.0,0,Germany,Male,40
6118,654,2,90865.8,1,1,1,86764.5,0,France,Female,35
6119,483,9,0.0,1,1,1,81634.5,0,France,Male,29
6120,619,3,96143.5,1,0,0,98994.9,0,Spain,Male,38
6121,405,5,133300.0,2,1,1,72950.1,0,Germany,Male,31
6122,656,5,113402.0,2,1,1,138849.0,0,France,Female,46
6123,735,10,0.0,2,1,1,95025.3,0,Spain,Male,29
6124,735,9,120682.0,1,1,0,74836.3,0,France,Male,44
6125,674,2,0.0,2,1,1,182787.0,0,Spain,Male,36
6126,573,8,86270.9,2,1,1,90177.3,0,France,Male,26
6127,549,5,0.0,2,0,0,190858.0,0,France,Female,25
6128,808,2,103517.0,1,1,0,113908.0,0,France,Female,33
6129,619,8,124099.0,1,0,0,23904.5,0,Germany,Female,52
6130,633,3,0.0,2,1,0,44008.9,0,Spain,Male,27
6131,592,9,0.0,4,1,1,13614.0,1,France,Male,60
6132,756,5,101641.0,2,0,1,154461.0,0,France,Female,26
6133,558,2,142537.0,1,1,1,88791.8,0,Germany,Male,58
6134,519,7,125329.0,1,1,0,188226.0,0,France,Female,38
6135,820,2,132150.0,2,1,0,23068.0,0,France,Male,33
6136,726,3,0.0,2,1,0,196288.0,0,France,Male,34
6137,537,3,138306.0,1,1,0,106761.0,0,Germany,Female,41
6138,710,9,134260.0,2,1,0,147075.0,0,Germany,Male,34
6139,713,8,0.0,1,1,1,16403.4,0,France,Female,37
6140,772,9,143931.0,1,0,1,46675.5,1,Germany,Female,51
6141,411,2,0.0,2,1,1,93825.8,0,France,Female,35
6142,559,0,0.0,1,1,0,182989.0,0,Spain,Male,34
6143,545,8,105792.0,1,0,1,67830.2,1,France,Male,47
6144,631,9,99685.1,1,1,0,114475.0,0,Spain,Male,55
6145,774,9,93017.5,2,1,0,191609.0,0,France,Male,40
6146,665,5,153612.0,2,1,0,35321.6,0,Germany,Male,25
6147,850,1,0.0,1,1,0,53067.8,1,France,Male,61
6148,564,5,132876.0,1,1,0,79259.8,0,Spain,Male,48
6149,416,8,0.0,1,0,0,119713.0,0,Spain,Male,35
6150,681,10,0.0,1,0,0,158336.0,0,Spain,Male,33
6151,656,7,134920.0,1,1,0,194692.0,0,France,Male,43
6152,656,10,143572.0,1,0,0,127444.0,0,France,Male,44
6153,547,5,0.0,3,0,0,5459.07,1,Spain,Female,44
6154,700,4,0.0,1,1,0,121799.0,1,Spain,Male,47
6155,672,5,153196.0,1,1,1,162763.0,0,France,Male,37
6156,554,7,85304.3,1,1,1,58076.5,0,France,Male,44
6157,505,6,159864.0,2,0,1,125308.0,0,Germany,Female,37
6158,728,8,129908.0,1,0,1,36084.0,0,France,Male,33
6159,751,3,0.0,2,1,1,84175.3,0,France,Female,39
6160,738,2,133745.0,4,1,0,28373.9,1,Germany,Male,58
6161,503,9,153279.0,1,1,1,151337.0,0,Germany,Male,42
6162,552,9,133701.0,2,1,0,101070.0,1,France,Male,42
6163,687,9,125474.0,1,1,0,198930.0,0,France,Female,34
6164,744,7,190409.0,2,1,1,138361.0,0,Germany,Male,41
6165,850,5,114492.0,1,1,0,99689.5,0,Germany,Female,39
6166,580,3,119689.0,1,1,0,137041.0,0,Germany,Male,39
6167,664,5,127422.0,2,1,0,108877.0,1,Germany,Female,49
6168,738,7,140951.0,2,1,0,195334.0,0,Germany,Male,37
6169,663,4,0.0,3,1,0,101371.0,0,Spain,Male,30
6170,710,3,131078.0,2,1,0,119349.0,1,Spain,Male,62
6171,591,3,0.0,2,1,0,50123.4,0,France,Male,49
6172,595,9,130682.0,2,1,1,57862.9,0,Germany,Male,30
6173,676,10,106243.0,1,1,1,166678.0,0,France,Male,37
6174,812,2,127154.0,2,0,1,105383.0,0,Germany,Male,33
6175,538,6,93791.4,1,1,1,199249.0,0,France,Male,33
6176,648,5,0.0,1,1,0,149946.0,1,Spain,Male,49
6177,606,3,147387.0,3,1,0,45482.0,1,Spain,Female,25
6178,535,8,127475.0,1,0,0,60775.8,1,Germany,Male,38
6179,758,7,0.0,1,1,0,188156.0,0,France,Female,33
6180,802,7,120146.0,2,0,1,59497.0,1,France,Female,39
6181,717,6,101060.0,1,0,1,84699.6,0,Spain,Female,22
6182,430,8,0.0,1,1,1,69759.9,0,France,Female,33
6183,759,2,0.0,1,1,1,138380.0,0,France,Female,46
6184,506,7,0.0,2,0,0,115842.0,0,France,Male,34
6185,707,7,105087.0,1,1,1,180345.0,1,Germany,Female,48
6186,609,6,0.0,2,1,1,124218.0,0,France,Female,53
6187,736,9,95295.4,1,1,0,28434.4,1,Germany,Male,57
6188,556,8,163757.0,1,1,1,104000.0,0,France,Male,34
6189,705,3,142906.0,1,1,1,58135.0,0,France,Female,31
6190,581,10,104255.0,1,1,0,86609.4,0,France,Female,37
6191,750,1,0.0,2,1,0,47765.0,0,France,Female,38
6192,655,9,121342.0,1,1,1,180241.0,0,Germany,Male,37
6193,569,1,115407.0,1,0,0,145528.0,0,Spain,Male,31
6194,672,9,169406.0,4,1,1,147311.0,1,France,Female,53
6195,695,9,0.0,2,1,0,111565.0,0,France,Female,29
6196,563,6,99056.2,2,1,0,154348.0,1,Spain,Female,42
6197,692,7,0.0,2,1,0,195075.0,0,France,Female,34
6198,722,5,0.0,2,1,0,166377.0,0,France,Male,30
6199,724,6,0.0,2,0,0,106149.0,0,France,Male,40
6200,427,5,0.0,2,1,1,121485.0,0,France,Male,37
6201,492,8,121063.0,1,0,0,85421.5,0,France,Male,35
6202,463,2,0.0,2,1,1,1950.93,0,Spain,Female,35
6203,595,2,87967.4,2,0,1,156310.0,0,Germany,Male,34
6204,358,8,143542.0,3,1,0,141959.0,1,Spain,Female,52
6205,651,2,0.0,1,1,0,114523.0,1,France,Male,56
6206,699,2,123602.0,2,1,0,103558.0,0,Germany,Male,36
6207,758,7,0.0,2,0,1,76209.6,0,France,Female,42
6208,612,5,69478.6,1,1,0,8973.67,1,Spain,Male,33
6209,644,7,174571.0,1,0,1,43943.1,0,France,Male,33
6210,799,3,142254.0,1,1,0,45042.6,0,Spain,Female,28
6211,582,1,116410.0,1,0,1,152791.0,0,France,Female,32
6212,760,6,162889.0,1,1,0,91098.8,1,France,Male,38
6213,514,1,0.0,2,0,0,121552.0,0,France,Male,26
6214,674,10,83727.7,1,1,0,45418.1,0,Germany,Female,38
6215,601,3,72647.6,1,1,0,41777.9,1,France,Male,39
6216,678,5,0.0,2,1,0,90284.5,0,France,Female,32
6217,766,2,99660.1,2,0,1,147701.0,0,Germany,Male,37
6218,687,5,128271.0,1,1,0,191093.0,0,France,Male,34
6219,699,2,167456.0,2,1,1,55324.5,0,Spain,Male,35
6220,577,8,115557.0,1,0,1,127507.0,0,Spain,Female,44
6221,523,1,143903.0,1,1,1,118712.0,1,Germany,Female,39
6222,677,1,90022.9,1,0,1,2988.28,0,France,Female,58
6223,585,5,113979.0,2,0,1,93146.1,0,France,Female,67
6224,701,8,0.0,2,1,0,169161.0,0,Spain,Male,36
6225,773,1,124533.0,2,0,1,11723.6,0,France,Male,25
6226,738,7,0.0,2,0,0,69227.4,0,France,Female,38
6227,593,6,133489.0,2,1,1,78101.3,0,France,Female,35
6228,512,4,152169.0,2,0,0,38629.3,1,France,Male,36
6229,812,8,66079.5,2,0,0,91556.6,1,Spain,Female,49
6230,629,7,129818.0,3,1,0,9217.55,1,Germany,Female,45
6231,718,9,0.0,1,1,0,45909.9,0,France,Male,36
6232,521,6,0.0,2,1,1,49054.1,0,France,Female,77
6233,665,1,132179.0,1,0,0,11865.8,0,Germany,Male,32
6234,734,6,92126.3,2,0,0,112973.0,0,Spain,Female,39
6235,604,10,113546.0,1,1,1,134875.0,0,Germany,Male,36
6236,550,7,80927.6,1,0,1,64490.7,0,Spain,Male,62
6237,498,8,121703.0,1,1,1,132210.0,0,Germany,Male,25
6238,631,3,0.0,2,1,0,13813.2,0,Spain,Male,23
6239,791,10,113657.0,2,0,1,139947.0,1,Germany,Female,42
6240,431,0,120764.0,1,1,1,117023.0,0,France,Male,37
6241,670,2,114991.0,1,1,1,37392.6,0,France,Male,22
6242,649,8,49113.8,1,1,0,41858.4,0,France,Female,52
6243,612,2,130701.0,2,0,0,77592.8,0,Germany,Female,36
6244,587,3,83286.6,1,1,0,125554.0,0,Spain,Female,35
6245,710,4,0.0,2,1,1,136391.0,0,Spain,Female,38
6246,649,8,156974.0,1,1,0,89405.3,1,France,Female,56
6247,678,10,115564.0,1,1,1,91633.5,0,Germany,Male,23
6248,691,1,0.0,2,1,1,145613.0,0,Spain,Male,40
6249,628,9,0.0,2,1,1,34689.8,0,France,Female,37
6250,611,9,0.0,2,1,1,148888.0,0,France,Male,30
6251,581,3,95508.2,1,1,1,45755.0,0,France,Female,24
6252,694,5,99713.9,1,0,0,112318.0,0,France,Female,29
6253,739,8,0.0,2,1,0,191557.0,1,France,Female,37
6254,752,7,0.0,2,1,0,184867.0,0,France,Female,36
6255,710,5,0.0,2,1,1,9376.89,0,Spain,Female,75
6256,691,8,109154.0,3,1,1,148849.0,1,Germany,Female,41
6257,666,6,99812.9,2,1,1,158358.0,0,Germany,Male,38
6258,676,1,128207.0,1,1,1,55400.2,0,France,Male,30
6259,583,10,0.0,2,1,1,111286.0,0,France,Female,29
6260,679,7,121064.0,1,1,0,56984.6,0,Germany,Female,34
6261,635,9,146748.0,1,0,1,11407.6,0,Germany,Female,37
6262,641,7,125437.0,2,0,0,164129.0,0,France,Female,42
6263,683,0,148863.0,1,1,1,163911.0,0,Spain,Male,41
6264,676,5,0.0,2,1,1,75465.4,0,France,Female,32
6265,741,0,0.0,2,1,1,2920.63,1,Spain,Male,43
6266,670,9,0.0,2,1,0,27359.2,0,Spain,Female,29
6267,685,6,83264.3,1,0,0,9663.28,0,Spain,Male,34
6268,656,7,153545.0,1,1,1,186575.0,0,Germany,Male,68
6269,800,9,0.0,1,1,0,78744.4,0,Spain,Male,38
6270,697,0,172694.0,1,0,0,141799.0,0,Germany,Male,29
6271,683,6,95696.5,2,1,1,184366.0,0,France,Male,41
6272,629,5,0.0,2,0,0,116748.0,0,Spain,Male,39
6273,707,2,58036.3,1,1,1,83335.8,0,France,Female,33
6274,649,7,0.0,1,1,0,28797.3,0,Spain,Female,32
6275,686,7,111485.0,1,1,1,76076.2,0,Spain,Male,38
6276,678,3,0.0,2,1,0,66561.6,0,France,Male,38
6277,642,4,125476.0,1,1,1,91775.5,0,France,Male,35
6278,617,3,106521.0,1,0,1,86587.4,0,Spain,Female,46
6279,647,7,130013.0,1,1,1,190806.0,1,Germany,Male,52
6280,550,2,116120.0,2,1,1,195638.0,0,Spain,Male,39
6281,751,7,0.0,2,0,0,90839.6,0,Spain,Male,38
6282,668,6,167864.0,1,1,0,115638.0,0,Germany,Female,37
6283,587,5,138242.0,2,1,0,159418.0,0,Germany,Male,40
6284,548,0,101084.0,1,1,0,42749.9,0,Germany,Female,33
6285,633,3,157201.0,1,0,1,50368.6,0,France,Male,61
6286,730,5,122453.0,2,1,0,138883.0,0,France,Male,34
6287,692,8,95059.0,2,1,0,44420.2,0,France,Female,28
6288,535,2,114428.0,1,1,1,136330.0,0,France,Female,44
6289,533,1,135289.0,2,0,1,152956.0,0,Spain,Male,38
6290,828,9,0.0,1,0,1,164257.0,0,France,Male,31
6291,488,9,140553.0,1,0,0,12440.4,0,Spain,Female,39
6292,618,0,0.0,1,1,0,119059.0,0,France,Female,40
6293,708,8,0.0,2,0,1,15246.8,0,France,Female,33
6294,556,7,0.0,2,1,1,186648.0,0,France,Female,30
6295,814,8,97086.4,2,1,1,197276.0,0,Germany,Male,29
6296,574,7,115533.0,1,1,0,196258.0,0,Spain,Male,52
6297,679,6,114949.0,2,0,1,135768.0,0,France,Female,24
6298,775,9,0.0,2,1,1,67622.3,0,France,Female,66
6299,627,4,79871.0,2,1,0,129827.0,0,Germany,Female,30
6300,487,2,0.0,2,1,1,126723.0,0,France,Male,37
6301,663,0,136299.0,1,1,0,144593.0,1,Spain,Male,52
6302,651,8,95922.9,1,1,0,84782.4,1,Spain,Female,45
6303,806,7,0.0,2,1,0,18461.9,0,Spain,Male,25
6304,539,5,0.0,2,1,0,48382.4,0,Spain,Male,28
6305,567,5,134956.0,1,1,0,93953.8,1,Germany,Female,49
6306,811,3,123365.0,2,0,0,171995.0,0,France,Female,47
6307,684,9,122471.0,1,0,1,15807.1,0,Germany,Male,59
6308,597,2,0.0,2,1,1,91036.7,0,France,Male,19
6309,685,4,84958.6,2,0,1,194344.0,0,Germany,Female,30
6310,645,3,34547.8,1,1,1,11638.2,0,France,Female,24
6311,670,0,178743.0,1,1,1,194494.0,0,Spain,Male,37
6312,614,5,97445.5,2,1,0,122823.0,0,France,Female,19
6313,507,1,113453.0,1,0,0,142912.0,0,France,Female,33
6314,650,9,149004.0,2,1,0,176903.0,0,Germany,Female,46
6315,575,9,68333.0,1,1,1,144391.0,0,France,Female,54
6316,669,5,0.0,2,1,1,56875.8,0,France,Male,57
6317,569,3,100033.0,1,1,0,5159.21,1,Germany,Female,28
6318,686,10,0.0,1,1,0,133086.0,0,France,Female,41
6319,624,0,0.0,2,0,0,112105.0,0,France,Male,37
6320,700,5,56580.9,2,0,1,45424.1,0,Spain,Female,46
6321,598,6,0.0,2,0,0,173783.0,0,Spain,Female,38
6322,693,8,178112.0,1,0,0,58719.6,1,France,Male,36
6323,484,3,0.0,2,1,1,139391.0,0,France,Female,32
6324,744,4,95161.8,1,1,0,19409.8,0,Spain,Male,39
6325,686,7,152106.0,2,0,1,132374.0,0,France,Female,41
6326,673,1,64097.8,1,1,1,77783.4,0,France,Male,30
6327,468,3,0.0,2,1,0,170661.0,0,Spain,Male,28
6328,631,9,112392.0,2,1,0,24472.2,0,France,Male,35
6329,759,4,0.0,2,1,0,135395.0,0,France,Male,26
6330,619,3,0.0,2,1,0,53394.1,0,France,Female,28
6331,714,7,0.0,1,0,1,6923.11,0,Spain,Male,44
6332,714,2,177640.0,1,0,1,47166.6,0,Germany,Male,42
6333,700,5,144551.0,2,1,1,189664.0,0,Germany,Female,39
6334,705,3,153469.0,3,0,0,146574.0,1,Germany,Female,64
6335,631,8,100655.0,1,1,0,171588.0,0,France,Male,51
6336,690,9,107944.0,2,0,0,48478.5,0,France,Female,35
6337,620,1,138740.0,2,0,0,154701.0,0,France,Female,29
6338,635,8,138297.0,2,1,0,141076.0,0,Spain,Female,29
6339,577,3,0.0,2,1,1,135009.0,0,Spain,Male,43
6340,753,5,159905.0,1,1,0,148811.0,0,Germany,Male,32
6341,581,1,0.0,2,1,0,104272.0,0,Spain,Female,46
6342,710,10,129165.0,1,1,1,193267.0,0,Germany,Male,49
6343,631,3,107949.0,1,1,0,52449.6,1,Germany,Male,40
6344,752,2,0.0,2,1,1,45570.8,0,Spain,Male,36
6345,674,7,142072.0,1,1,0,37013.3,0,France,Male,45
6346,597,0,127511.0,1,1,1,155356.0,0,Spain,Male,35
6347,725,8,0.0,2,1,1,59650.4,0,France,Male,31
6348,721,0,169312.0,1,1,0,109078.0,1,Spain,Male,51
6349,469,9,113599.0,1,0,0,11950.3,0,Germany,Male,38
6350,712,10,0.0,1,1,0,94544.9,0,Spain,Male,27
6351,674,2,174701.0,1,1,0,90189.7,1,France,Male,46
6352,665,1,96645.5,2,0,0,171414.0,0,France,Female,34
6353,552,10,132271.0,2,1,1,46562.0,0,Germany,Male,38
6354,528,0,127632.0,1,0,1,22197.8,1,Germany,Male,39
6355,659,8,154160.0,1,1,0,40441.1,0,Germany,Female,30
6356,632,1,0.0,2,1,0,84008.7,0,France,Female,21
6357,621,9,83061.3,2,1,0,9170.54,0,Spain,Female,37
6358,518,4,113626.0,1,0,0,92727.4,1,Germany,Male,46
6359,636,1,84055.4,1,0,0,37490.8,0,France,Male,34
6360,596,5,140187.0,2,1,1,174311.0,0,Germany,Male,47
6361,597,1,103219.0,1,1,0,60420.1,0,France,Female,24
6362,640,8,81677.2,2,0,0,34925.6,0,Germany,Male,33
6363,791,10,130230.0,2,0,0,54019.9,1,Germany,Female,33
6364,636,6,96643.3,1,0,0,182059.0,0,Germany,Male,36
6365,667,9,0.0,2,1,1,40062.3,0,France,Male,36
6366,637,2,138014.0,2,1,0,140298.0,0,Germany,Male,41
6367,604,7,0.0,2,0,0,58595.6,0,France,Male,28
6368,645,7,117466.0,2,1,1,34490.1,0,Germany,Male,28
6369,668,3,133687.0,1,1,0,190958.0,1,Spain,Female,36
6370,715,2,96798.8,2,1,1,4554.67,0,Spain,Male,38
6371,529,9,147494.0,1,1,0,33656.4,0,France,Male,32
6372,595,9,0.0,1,1,1,106341.0,1,France,Male,52
6373,606,1,109330.0,1,1,1,75860.0,0,Spain,Female,53
6374,697,1,147910.0,1,1,1,53581.1,0,Germany,Male,51
6375,496,4,125293.0,1,1,1,31533.0,1,Germany,Female,55
6376,489,8,103894.0,2,1,1,107625.0,0,France,Female,47
6377,850,8,0.0,1,1,0,19632.6,1,France,Female,42
6378,500,9,125822.0,1,1,0,111698.0,0,Spain,Male,37
6379,648,9,102536.0,1,1,1,189543.0,0,France,Female,50
6380,633,1,0.0,2,1,0,56865.6,0,France,Female,42
6381,609,7,0.0,2,0,1,52332.9,0,France,Male,53
6382,727,5,152581.0,1,1,0,71830.1,1,Germany,Male,59
6383,671,7,41299.0,1,0,1,102681.0,0,France,Female,31
6384,812,5,115731.0,3,1,1,185599.0,1,Germany,Male,39
6385,509,9,170661.0,1,1,1,21646.2,0,Germany,Male,32
6386,597,9,0.0,2,1,1,7156.09,0,France,Female,36
6387,465,5,117155.0,1,1,1,127744.0,0,Germany,Male,24
6388,667,4,97585.3,2,0,0,57213.5,0,Spain,Male,35
6389,636,6,0.0,2,1,0,43128.9,0,France,Male,43
6390,581,1,122949.0,1,0,0,180252.0,1,France,Female,47
6391,643,4,0.0,2,1,1,152992.0,0,France,Male,33
6392,577,7,111397.0,1,0,1,191070.0,0,Germany,Female,59
6393,660,4,86891.8,1,1,0,90877.8,0,Germany,Female,52
6394,533,7,85311.7,1,0,1,156732.0,0,France,Male,36
6395,746,8,166883.0,2,0,1,194564.0,0,France,Female,21
6396,626,0,0.0,2,1,0,32159.5,1,France,Female,52
6397,661,3,0.0,2,1,1,76889.8,0,France,Female,27
6398,577,6,0.0,2,1,1,149458.0,0,Spain,Male,43
6399,560,0,0.0,2,0,1,116782.0,0,France,Male,57
6400,579,5,0.0,2,0,1,39891.8,0,France,Male,39
6401,850,10,0.0,2,1,1,33741.8,0,Spain,Female,50
6402,590,4,0.0,2,1,0,121847.0,0,France,Female,29
6403,760,1,118114.0,2,0,1,156660.0,0,Spain,Female,33
6404,562,2,112708.0,1,0,1,186370.0,0,Germany,Male,31
6405,718,9,0.0,2,0,0,121538.0,0,Spain,Male,40
6406,676,4,0.0,2,1,1,3173.31,0,Spain,Female,36
6407,761,7,0.0,3,1,1,166698.0,0,France,Male,31
6408,653,3,0.0,1,1,0,170427.0,1,France,Male,51
6409,648,7,135310.0,2,0,1,171668.0,0,Germany,Male,33
6410,696,8,0.0,2,1,0,191166.0,0,France,Male,29
6411,662,0,105272.0,1,0,1,179833.0,0,France,Male,38
6412,726,1,113538.0,1,0,1,28367.2,0,France,Female,53
6413,597,4,145810.0,2,1,1,52319.3,0,France,Female,41
6414,684,0,0.0,2,1,1,36377.0,0,France,Male,46
6415,560,1,0.0,2,1,0,3701.63,0,France,Female,35
6416,657,2,0.0,2,1,1,7667.48,0,France,Female,37
6417,719,4,0.0,1,0,0,84972.9,1,Spain,Male,44
6418,543,4,89838.7,3,1,0,85983.5,1,France,Male,42
6419,606,1,106302.0,2,0,1,59061.2,0,Germany,Female,32
6420,652,1,0.0,2,1,1,19302.8,0,Spain,Female,36
6421,515,2,90432.9,1,1,1,188366.0,1,Germany,Male,37
6422,623,5,0.0,2,1,0,101192.0,0,France,Female,35
6423,559,4,0.0,2,1,1,66722.0,0,France,Male,34
6424,607,5,100912.0,1,0,0,7631.27,0,Spain,Female,27
6425,750,6,113882.0,1,1,1,74564.4,0,France,Male,43
6426,779,0,133296.0,1,1,0,22832.7,1,Spain,Female,55
6427,743,8,0.0,1,1,0,94263.4,0,France,Female,39
6428,640,5,107978.0,2,1,0,155876.0,0,Germany,Female,46
6429,495,10,137683.0,1,1,0,71071.5,0,France,Male,47
6430,593,6,0.0,1,1,0,65170.7,0,France,Female,41
6431,648,5,0.0,2,1,1,5199.02,0,Spain,Female,31
6432,373,7,0.0,1,1,0,77786.4,1,France,Male,42
6433,634,2,87413.2,1,1,0,63340.6,0,France,Female,24
6434,559,3,79715.4,1,1,0,82252.3,0,France,Female,29
6435,577,1,180531.0,1,0,0,123455.0,0,France,Female,26
6436,744,9,0.0,2,1,1,169499.0,0,France,Male,56
6437,660,2,170890.0,2,1,0,41758.9,0,Germany,Male,28
6438,602,3,115895.0,3,1,0,4176.17,1,France,Female,56
6439,831,2,0.0,2,0,1,3430.38,0,France,Male,30
6440,739,4,133801.0,1,0,1,150246.0,0,France,Female,20
6441,850,9,117640.0,1,1,0,88920.7,0,France,Male,46
6442,676,1,82729.5,1,1,0,113810.0,0,Spain,Male,36
6443,465,5,0.0,2,0,1,78698.1,0,France,Male,33
6444,686,3,123972.0,2,1,0,147795.0,0,France,Female,34
6445,679,5,0.0,2,1,1,100061.0,0,Spain,Male,39
6446,579,4,0.0,2,1,1,32246.6,0,Spain,Male,37
6447,571,6,82506.7,2,1,0,167705.0,0,Germany,Male,25
6448,708,8,133974.0,2,1,0,50294.1,0,Germany,Male,21
6449,667,1,114392.0,1,1,1,53412.5,0,Germany,Female,36
6450,539,8,82407.5,1,1,0,13123.4,0,Germany,Female,38
6451,643,0,148160.0,1,0,0,55835.7,0,France,Male,36
6452,601,7,0.0,2,0,0,144660.0,0,Spain,Male,24
6453,835,7,86824.1,1,0,0,175906.0,0,Spain,Male,38
6454,844,4,0.0,2,0,1,123318.0,0,France,Female,28
6455,658,7,140260.0,2,1,0,2748.72,0,France,Female,43
6456,504,5,0.0,2,0,0,146703.0,0,Spain,Male,40
6457,634,2,85996.2,1,1,0,15887.7,0,Spain,Male,36
6458,477,8,129250.0,2,1,1,157937.0,0,Germany,Male,48
6459,779,2,115290.0,1,0,0,98912.7,1,France,Female,48
6460,535,3,175535.0,2,1,1,9241.52,0,Spain,Male,37
6461,514,1,95556.3,1,0,1,199274.0,1,Germany,Male,43
6462,724,1,139688.0,2,1,1,12913.9,0,Germany,Female,53
6463,690,8,116318.0,1,1,1,83253.0,0,Spain,Male,26
6464,508,2,0.0,1,1,1,6076.62,0,France,Female,64
6465,850,6,111963.0,1,1,0,111756.0,0,Germany,Female,48
6466,647,6,149594.0,2,1,0,102325.0,0,Spain,Male,28
6467,654,1,114511.0,1,1,1,126143.0,0,Germany,Female,32
6468,664,7,125609.0,1,1,0,122073.0,0,France,Male,40
6469,697,10,0.0,2,1,0,61312.1,0,France,Female,42
6470,560,5,0.0,2,1,0,131919.0,0,France,Female,27
6471,705,5,0.0,2,1,1,73131.7,0,Spain,Female,23
6472,798,9,0.0,2,0,0,119072.0,1,Spain,Female,58
6473,736,5,51522.8,1,0,1,192132.0,0,France,Male,27
6474,767,2,0.0,1,1,0,48161.2,1,Spain,Male,47
6475,553,1,0.0,1,1,0,30461.6,0,France,Male,37
6476,663,4,0.0,1,1,0,76884.0,0,France,Male,39
6477,527,10,136733.0,1,1,1,57589.3,0,Germany,Female,41
6478,682,4,0.0,1,1,1,4654.28,0,Spain,Male,46
6479,717,7,108665.0,2,1,0,190012.0,0,France,Female,25
6480,756,8,179960.0,1,1,0,89938.1,0,France,Male,28
6481,673,0,0.0,2,0,0,82351.1,0,Spain,Female,37
6482,449,1,113693.0,1,0,0,82796.3,0,Spain,Female,31
6483,654,2,145610.0,2,0,0,186301.0,0,Germany,Male,37
6484,810,3,96814.5,2,1,1,120511.0,0,Germany,Male,35
6485,629,9,113658.0,1,1,1,116849.0,1,France,Male,59
6486,571,8,0.0,1,1,1,63736.2,0,France,Male,41
6487,604,2,121390.0,1,1,1,48201.6,1,France,Female,53
6488,595,2,157085.0,1,1,0,134767.0,0,Spain,Male,37
6489,753,6,106596.0,1,0,0,91305.8,0,France,Female,31
6490,790,9,0.0,2,1,1,70607.1,0,France,Female,40
6491,636,8,141787.0,2,1,1,109686.0,0,Germany,Male,30
6492,528,9,120963.0,1,1,0,5419.31,0,France,Male,31
6493,507,1,0.0,2,0,0,92131.5,0,France,Female,35
6494,583,8,0.0,1,1,0,47848.6,0,France,Male,38
6495,603,8,186826.0,1,1,0,93739.7,1,France,Male,51
6496,709,6,0.0,2,1,1,71009.8,0,France,Male,31
6497,703,7,135095.0,1,1,0,143860.0,0,Spain,Male,36
6498,527,3,137318.0,1,1,1,126145.0,0,Germany,Male,58
6499,725,4,160652.0,2,1,0,57643.6,0,France,Male,39
6500,574,3,0.0,2,1,1,8559.66,0,Spain,Male,36
6501,659,3,150924.0,2,0,1,174653.0,0,Germany,Female,32
6502,617,2,165948.0,2,0,1,168834.0,0,France,Female,26
6503,627,6,0.0,3,1,1,138701.0,1,France,Female,41
6504,850,10,134382.0,1,0,0,26812.9,1,Germany,Female,47
6505,607,8,105103.0,1,1,0,104722.0,1,Germany,Female,39
6506,633,3,0.0,2,1,0,191111.0,0,France,Female,33
6507,766,7,142724.0,1,0,1,5893.23,1,Germany,Female,62
6508,605,10,0.0,2,0,1,97213.1,0,France,Male,41
6509,753,5,0.0,2,1,0,109882.0,0,France,Female,43
6510,644,9,95441.3,1,1,0,108761.0,1,France,Female,46
6511,674,4,111568.0,1,0,1,22026.2,0,Germany,Female,27
6512,638,6,114543.0,1,1,1,97755.3,0,France,Male,34
6513,487,1,0.0,2,1,0,158750.0,0,Spain,Female,31
6514,767,6,132253.0,1,1,0,115567.0,1,Germany,Female,35
6515,556,5,125910.0,1,1,1,95124.4,0,France,Male,40
6516,730,7,130368.0,1,1,0,15142.1,1,Germany,Female,33
6517,658,9,134563.0,1,1,1,159269.0,0,Germany,Female,45
6518,519,2,119035.0,2,1,1,29871.8,0,Spain,Female,57
6519,655,9,0.0,2,0,1,85736.3,0,Spain,Female,29
6520,617,1,102586.0,2,1,1,115387.0,0,France,Male,25
6521,589,6,0.0,2,1,1,177897.0,0,France,Male,34
6522,850,0,98710.9,1,1,1,83617.2,1,Germany,Male,55
6523,733,5,0.0,1,0,1,117831.0,0,France,Male,48
6524,608,4,96679.7,1,1,1,49133.4,0,Germany,Male,28
6525,823,1,0.0,2,0,1,182496.0,0,France,Female,44
6526,577,7,0.0,2,1,1,55473.1,0,France,Male,29
6527,645,3,129597.0,1,1,1,103233.0,0,France,Female,40
6528,736,7,111729.0,2,0,1,84920.5,0,France,Male,54
6529,781,2,117811.0,1,0,1,65632.3,1,France,Male,38
6530,671,10,153360.0,1,1,0,140510.0,0,Spain,Male,34
6531,654,2,91955.6,1,1,0,37065.7,0,France,Male,29
6532,693,1,0.0,2,1,1,3494.02,0,France,Male,21
6533,498,9,0.0,1,1,0,190036.0,0,France,Female,29
6534,617,6,102142.0,1,1,1,45325.3,0,France,Male,54
6535,751,8,0.0,2,0,0,17550.5,0,France,Male,31
6536,721,6,135071.0,1,1,1,64477.2,0,France,Male,41
6537,586,9,0.0,1,1,0,6975.02,0,France,Male,33
6538,613,5,0.0,1,1,1,176903.0,0,Spain,Male,19
6539,729,8,109107.0,1,0,0,121311.0,0,France,Female,36
6540,710,8,0.0,3,1,0,107293.0,0,Spain,Male,22
6541,687,4,0.0,2,1,1,170894.0,0,France,Male,48
6542,623,7,71481.8,2,1,1,84421.3,0,France,Female,57
6543,567,1,68238.5,2,1,1,109573.0,0,Germany,Female,46
6544,615,3,0.0,2,1,1,49872.3,0,France,Male,49
6545,633,3,123034.0,2,1,1,38315.0,0,France,Female,34
6546,715,5,118590.0,1,1,1,5684.17,1,France,Female,38
6547,544,1,96471.2,1,1,0,35551.0,0,France,Male,23
6548,710,9,108231.0,1,1,1,188574.0,0,Germany,Male,45
6549,606,10,0.0,2,1,0,177939.0,0,Spain,Male,42
6550,698,1,171848.0,1,0,0,16957.4,0,Spain,Female,38
6551,739,1,0.0,2,1,1,164485.0,0,France,Male,29
6552,707,2,16893.6,1,1,1,77502.6,0,France,Male,42
6553,596,4,210433.0,2,0,1,197298.0,1,France,Male,21
6554,624,7,119656.0,2,1,1,4595.05,0,Spain,Female,35
6555,494,2,0.0,2,1,0,22404.6,0,Spain,Male,27
6556,680,9,119826.0,2,1,1,101139.0,0,Spain,Female,31
6557,712,8,114088.0,1,1,0,92794.6,0,France,Male,34
6558,746,2,113836.0,1,1,1,174816.0,0,Spain,Male,31
6559,605,2,0.0,3,1,0,66652.8,1,Spain,Female,57
6560,566,10,147511.0,1,1,1,159891.0,0,Spain,Male,32
6561,730,5,124053.0,1,1,0,118592.0,0,Germany,Female,37
6562,777,7,122918.0,1,1,1,76169.7,0,Germany,Male,35
6563,742,0,181657.0,1,1,1,107668.0,0,Germany,Male,33
6564,600,8,177657.0,1,1,1,77142.3,0,Spain,Male,37
6565,539,1,0.0,1,1,1,28184.7,0,France,Male,39
6566,693,4,130662.0,1,1,1,101919.0,0,France,Male,40
6567,716,4,144429.0,1,1,0,134133.0,0,France,Male,35
6568,540,3,165298.0,1,0,1,199863.0,0,France,Female,40
6569,723,4,0.0,2,0,1,89972.2,0,France,Female,49
6570,591,7,135217.0,1,1,1,122023.0,0,Spain,Male,36
6571,602,7,155272.0,1,1,1,179446.0,0,France,Male,31
6572,757,7,120912.0,2,1,1,131249.0,0,France,Male,28
6573,634,2,0.0,1,1,1,143458.0,0,France,Female,45
6574,810,9,153166.0,1,1,1,93261.7,0,France,Female,38
6575,746,3,104834.0,1,0,0,71911.3,0,Spain,Female,25
6576,538,9,0.0,1,0,0,152856.0,0,Spain,Female,42
6577,663,9,0.0,2,1,0,150850.0,0,France,Female,27
6578,622,8,0.0,2,1,1,124965.0,0,Spain,Female,26
6579,807,1,72948.6,2,1,1,17355.4,0,Germany,Female,60
6580,492,8,125396.0,1,1,0,10014.7,1,Germany,Female,52
6581,756,2,136816.0,1,1,1,170042.0,0,Germany,Male,36
6582,489,4,0.0,2,1,1,191419.0,0,Spain,Male,58
6583,675,6,0.0,2,0,0,83419.1,0,France,Female,39
6584,669,1,0.0,2,0,0,66088.8,0,France,Male,23
6585,602,5,0.0,2,1,0,31050.0,0,France,Female,35
6586,623,1,0.0,2,1,1,146379.0,0,France,Male,43
6587,825,6,118337.0,1,1,0,26342.3,1,Germany,Female,35
6588,537,3,157842.0,1,1,0,86911.5,0,France,Male,28
6589,671,9,116711.0,2,0,0,76373.4,0,Germany,Female,48
6590,635,1,0.0,3,0,0,178067.0,1,France,Male,33
6591,712,7,132768.0,2,1,1,59115.8,0,Germany,Male,38
6592,754,6,0.0,1,1,0,73881.7,1,France,Female,45
6593,639,8,0.0,2,1,0,192247.0,0,France,Male,27
6594,598,9,123939.0,2,1,0,198894.0,0,Germany,Male,32
6595,639,5,162040.0,1,1,1,84361.7,1,France,Female,60
6596,579,6,139730.0,1,0,1,135815.0,0,Germany,Male,31
6597,510,1,0.0,2,0,1,28515.2,0,France,Female,32
6598,700,9,65962.6,1,1,1,100950.0,0,France,Male,38
6599,652,0,126598.0,2,1,1,38798.8,1,Germany,Female,47
6600,583,7,127450.0,1,0,1,67552.7,0,France,Male,59
6601,706,4,114387.0,1,1,1,28601.7,0,Spain,Male,68
6602,705,4,136496.0,2,1,0,116672.0,0,Germany,Male,35
6603,642,8,144239.0,1,1,1,184400.0,0,Spain,Male,26
6604,756,1,0.0,2,1,0,184182.0,0,France,Female,24
6605,497,3,0.0,2,1,0,76390.0,0,Spain,Male,24
6606,669,8,96418.1,1,0,0,131609.0,1,France,Female,44
6607,635,5,0.0,2,1,0,122950.0,0,France,Female,33
6608,559,6,118757.0,1,1,1,20367.7,0,France,Male,62
6609,715,2,141005.0,1,1,1,60407.9,0,France,Male,35
6610,728,6,152183.0,1,0,0,161204.0,0,Germany,Male,39
6611,541,7,0.0,2,1,0,19823.0,0,France,Male,39
6612,676,1,0.0,1,1,0,79342.3,1,France,Female,49
6613,696,8,101161.0,1,1,1,115917.0,0,Germany,Male,32
6614,649,3,113096.0,1,1,1,60335.2,0,France,Male,39
6615,667,5,0.0,2,1,1,20346.7,0,Spain,Male,31
6616,633,10,130206.0,1,1,0,184655.0,0,France,Male,29
6617,520,5,110030.0,1,1,0,56246.7,0,Germany,Male,32
6618,554,7,0.0,2,1,1,63708.1,0,France,Female,48
6619,800,6,0.0,2,1,0,171928.0,0,Spain,Female,46
6620,731,1,132512.0,1,1,1,185467.0,0,France,Male,31
6621,703,6,109942.0,1,1,0,116267.0,0,France,Female,41
6622,647,4,123762.0,1,1,0,83910.4,0,France,Male,35
6623,653,1,132603.0,1,1,0,5097.67,1,Germany,Male,58
6624,610,5,116887.0,1,0,0,107973.0,0,Spain,Female,46
6625,645,6,0.0,1,0,0,149807.0,0,France,Male,42
6626,850,8,199229.0,1,0,0,68106.3,0,Spain,Male,34
6627,619,9,103604.0,2,0,0,140947.0,0,Germany,Male,40
6628,611,10,103295.0,1,1,0,160548.0,0,Germany,Female,36
6629,590,7,81076.8,2,1,1,182627.0,1,France,Male,43
6630,540,6,84121.0,1,0,1,80698.5,0,Spain,Female,28
6631,531,1,126496.0,2,1,1,164742.0,0,Spain,Female,45
6632,589,2,121093.0,2,1,0,3529.72,0,Germany,Female,20
6633,775,6,135121.0,1,1,0,37836.6,0,Germany,Female,77
6634,775,4,152309.0,1,1,0,104112.0,0,France,Female,27
6635,751,10,0.0,2,1,0,170634.0,0,France,Female,44
6636,683,4,95053.1,1,1,1,116817.0,1,Spain,Male,40
6637,607,2,108432.0,2,0,1,109291.0,1,Spain,Female,33
6638,534,3,151234.0,1,0,0,199337.0,0,Spain,Female,33
6639,782,4,0.0,1,1,0,132944.0,0,Spain,Female,41
6640,562,9,0.0,1,1,1,25858.7,0,France,Male,29
6641,818,1,186796.0,1,0,0,178253.0,0,France,Female,31
6642,512,1,0.0,1,0,1,135482.0,1,Spain,Male,36
6643,622,2,127087.0,1,1,0,102403.0,1,France,Male,41
6644,771,0,139826.0,1,0,0,170985.0,1,Spain,Male,45
6645,850,2,125511.0,1,1,1,79084.1,0,Spain,Female,43
6646,759,2,111096.0,2,1,0,100138.0,0,France,Male,44
6647,703,5,140691.0,2,1,0,167810.0,0,Germany,Male,35
6648,509,0,107713.0,2,1,1,92898.2,0,Germany,Female,29
6649,646,5,0.0,2,1,0,13935.3,0,France,Female,30
6650,527,6,0.0,2,0,1,96758.6,0,France,Female,25
6651,529,8,0.0,1,0,0,126512.0,1,France,Male,46
6652,571,5,0.0,2,0,0,72849.3,0,France,Male,40
6653,543,8,140894.0,2,1,1,118059.0,0,Germany,Male,37
6654,631,2,0.0,2,1,1,18581.8,0,France,Male,29
6655,634,10,0.0,2,1,0,30772.9,1,Spain,Male,63
6656,465,8,122522.0,1,0,0,181298.0,1,France,Female,51
6657,591,5,0.0,2,1,1,155493.0,0,France,Male,45
6658,596,10,86546.3,1,0,1,131769.0,0,France,Female,39
6659,452,5,0.0,2,0,1,75279.4,0,France,Female,32
6660,850,6,67996.2,2,0,0,50129.9,1,France,Male,31
6661,577,3,0.0,2,0,1,124508.0,0,France,Male,25
6662,632,7,0.0,2,1,1,52526.6,0,France,Female,36
6663,800,1,0.0,2,1,0,51553.4,0,Spain,Male,38
6664,593,6,99162.3,1,1,0,128384.0,0,France,Male,32
6665,662,5,0.0,2,1,0,151872.0,0,France,Female,37
6666,544,3,124044.0,1,1,1,111403.0,1,France,Female,64
6667,671,8,115714.0,2,0,0,83210.8,0,France,Female,48
6668,800,5,97764.4,1,1,0,98640.1,1,France,Female,40
6669,505,10,104499.0,1,0,1,126451.0,0,France,Male,34
6670,480,3,174330.0,2,0,0,181647.0,0,Germany,Female,25
6671,678,3,0.0,2,1,0,4989.33,0,France,Male,26
6672,729,4,107727.0,2,1,0,153065.0,0,Spain,Male,44
6673,601,9,163631.0,1,0,1,41816.5,1,Germany,Male,48
6674,687,5,0.0,1,1,0,17696.2,0,Spain,Female,36
6675,530,4,0.0,2,0,1,147607.0,0,Spain,Female,41
6676,660,2,133200.0,1,0,0,71433.9,0,Germany,Female,37
6677,634,5,123642.0,1,1,1,49725.2,1,Germany,Female,46
6678,768,6,0.0,2,1,1,21215.7,0,France,Male,25
6679,533,9,83347.2,1,1,1,137696.0,0,France,Male,47
6680,652,9,159434.0,1,1,0,178374.0,0,Germany,Male,41
6681,737,2,162486.0,2,1,0,149381.0,0,Germany,Female,40
6682,600,4,0.0,3,1,0,7312.25,1,France,Female,37
6683,773,9,102827.0,1,0,1,64595.2,0,Spain,Male,41
6684,493,4,0.0,2,1,0,1907.66,0,France,Female,46
6685,545,7,0.0,2,0,1,156598.0,0,France,Male,26
6686,730,6,152881.0,1,0,0,162478.0,0,Germany,Male,45
6687,850,7,101986.0,2,0,0,43801.3,0,Germany,Male,38
6688,642,4,157778.0,1,1,0,67484.6,0,Germany,Male,41
6689,658,8,102871.0,1,0,1,103765.0,1,France,Male,42
6690,798,6,96956.1,1,1,0,31907.4,1,France,Female,60
6691,760,5,103607.0,2,0,1,86334.6,0,Germany,Male,29
6692,551,7,129717.0,2,0,0,86937.2,0,France,Male,35
6693,506,2,0.0,2,1,0,105569.0,0,France,Male,43
6694,767,9,0.0,2,1,0,39511.6,0,France,Female,35
6695,850,9,143055.0,1,0,1,62981.0,0,Spain,Female,23
6696,654,4,96975.0,1,0,1,141404.0,0,France,Female,29
6697,638,4,148045.0,2,1,1,114722.0,0,Germany,Male,25
6698,737,4,127553.0,2,1,0,4225.11,0,Germany,Male,50
6699,718,4,65643.3,1,1,0,28761.0,0,Germany,Male,28
6700,849,9,115465.0,1,1,0,103174.0,0,France,Female,41
6701,511,5,137411.0,1,0,1,161855.0,0,France,Female,31
6702,561,6,0.0,2,1,0,45261.5,0,Spain,Female,33
6703,548,0,178057.0,2,1,0,38434.7,0,Spain,Male,38
6704,688,3,0.0,2,1,1,102195.0,0,Spain,Female,24
6705,727,4,0.0,2,1,1,118429.0,0,France,Male,52
6706,582,2,122394.0,1,1,1,22113.9,0,Germany,Male,33
6707,609,9,103838.0,1,1,1,150218.0,0,Germany,Male,31
6708,756,2,145128.0,1,0,0,7554.68,0,Spain,Male,30
6709,539,0,0.0,2,1,0,160980.0,0,France,Male,30
6710,680,5,0.0,1,1,1,150684.0,0,France,Female,32
6711,549,9,135020.0,2,1,1,23343.2,0,Germany,Female,31
6712,659,9,0.0,2,1,1,93155.8,0,France,Female,32
6713,775,9,111168.0,1,1,0,149331.0,0,France,Male,28
6714,706,8,0.0,2,1,1,12368.1,0,Spain,Male,20
6715,850,6,128664.0,1,1,0,65769.3,1,France,Male,49
6716,707,10,98438.2,1,0,0,70778.6,1,Germany,Female,51
6717,679,1,0.0,2,0,0,71823.1,0,France,Male,42
6718,686,9,0.0,2,1,0,127570.0,0,Spain,Male,34
6719,850,5,146757.0,1,1,0,78268.6,0,Germany,Male,38
6720,645,6,155418.0,1,0,1,3449.22,0,France,Male,45
6721,785,3,0.0,2,1,1,96832.8,0,France,Female,40
6722,618,7,0.0,1,1,1,142400.0,1,France,Male,56
6723,523,2,161589.0,1,1,1,51358.7,0,France,Male,34
6724,650,9,152367.0,3,1,0,150835.0,1,Germany,Female,45
6725,716,2,94464.8,2,0,1,185901.0,0,France,Female,23
6726,606,5,83161.6,1,1,1,116886.0,0,France,Male,32
6727,720,2,120329.0,2,1,1,138470.0,0,France,Female,37
6728,425,7,169650.0,2,0,1,136365.0,1,Spain,Female,22
6729,725,10,0.0,1,0,1,93777.6,0,France,Female,44
6730,616,1,0.0,2,1,1,54706.8,0,France,Male,31
6731,715,3,85227.8,1,1,1,68087.1,0,France,Female,33
6732,732,2,118890.0,2,0,0,87422.1,0,Germany,Female,42
6733,479,1,107715.0,3,1,0,86128.2,1,Germany,Male,51
6734,671,2,116695.0,1,0,0,193202.0,0,Germany,Male,36
6735,640,9,0.0,2,1,0,88827.7,0,France,Male,38
6736,850,1,0.0,2,0,0,152997.0,0,France,Male,29
6737,657,5,41473.3,1,1,0,112980.0,1,Spain,Male,42
6738,660,4,115022.0,1,0,1,162443.0,0,Germany,Male,26
6739,594,10,0.0,2,1,0,58332.9,0,Spain,Female,38
6740,758,3,0.0,2,1,1,124226.0,0,France,Female,34
6741,628,10,113526.0,1,1,0,46044.5,1,Germany,Male,38
6742,600,8,118723.0,1,0,0,6209.51,1,Germany,Female,58
6743,609,7,118520.0,1,0,0,3815.48,0,France,Male,32
6744,706,9,58571.2,2,1,0,40774.0,0,Germany,Male,36
6745,593,4,129499.0,1,1,1,154071.0,0,Germany,Female,38
6746,720,6,137824.0,2,1,0,172558.0,0,France,Female,43
6747,712,3,102541.0,1,1,1,189681.0,0,France,Male,29
6748,554,6,135471.0,1,1,0,107075.0,0,Germany,Female,31
6749,749,3,0.0,3,1,1,132650.0,0,France,Female,35
6750,583,9,135125.0,1,0,0,89801.9,0,France,Male,24
6751,739,4,0.0,1,1,1,51637.7,0,Spain,Male,60
6752,758,4,155740.0,1,1,0,171552.0,0,France,Male,26
6753,733,3,0.0,1,1,1,7666.73,0,France,Male,33
6754,614,1,0.0,2,1,0,192441.0,0,France,Male,49
6755,737,6,146283.0,2,1,0,198516.0,0,Spain,Male,38
6756,534,7,174852.0,1,1,1,79178.3,0,France,Male,29
6757,571,3,0.0,2,1,1,194668.0,0,Spain,Female,31
6758,485,3,134467.0,1,1,1,113266.0,0,France,Female,25
6759,681,2,148144.0,1,1,1,52021.4,0,France,Female,29
6760,613,3,0.0,2,1,1,149614.0,0,France,Male,20
6761,700,4,95853.4,2,1,0,192933.0,0,Germany,Male,35
6762,724,6,118236.0,2,0,0,157137.0,0,Germany,Male,34
6763,598,0,104488.0,1,0,1,43249.7,0,Spain,Male,34
6764,644,10,122197.0,2,1,1,182100.0,0,Germany,Female,34
6765,613,6,185709.0,2,1,1,77242.2,0,France,Female,29
6766,526,8,114635.0,2,1,0,110114.0,1,Spain,Female,33
6767,746,4,0.0,2,1,1,72909.8,0,France,Female,32
6768,801,5,0.0,2,1,0,66256.3,0,France,Male,38
6769,564,6,0.0,1,0,0,7819.76,0,France,Female,27
6770,550,4,118401.0,1,0,1,13999.6,1,Germany,Male,33
6771,828,10,0.0,1,1,1,186071.0,0,Spain,Male,42
6772,464,4,155994.0,1,0,0,143665.0,0,Germany,Male,37
6773,736,9,0.0,2,1,0,34180.3,0,France,Female,30
6774,689,1,77556.8,2,1,1,122998.0,0,France,Female,29
6775,844,5,99529.7,1,0,1,157230.0,1,Spain,Male,56
6776,612,5,141927.0,1,1,1,43019.0,0,Germany,Male,42
6777,599,5,0.0,2,1,0,30546.4,0,France,Male,27
6778,664,6,0.0,2,1,1,15304.1,0,France,Male,57
6779,497,7,110054.0,2,1,1,92887.1,0,Germany,Male,35
6780,644,8,93183.2,1,1,0,73882.5,0,France,Male,40
6781,561,1,102025.0,1,1,0,133052.0,1,Germany,Female,49
6782,770,9,0.0,2,0,0,22710.7,0,France,Female,37
6783,794,1,154971.0,1,0,1,156768.0,0,Spain,Female,30
6784,733,9,150507.0,1,0,1,169964.0,0,France,Male,42
6785,517,2,115063.0,1,1,0,179056.0,0,France,Male,28
6786,608,1,102773.0,2,1,0,70705.6,0,Germany,Male,33
6787,636,0,0.0,1,1,0,92277.5,1,Spain,Female,33
6788,723,5,91938.3,1,1,0,143482.0,0,Germany,Female,28
6789,664,10,107210.0,1,1,1,112340.0,0,France,Male,32
6790,714,9,0.0,2,1,0,129193.0,0,Spain,Male,29
6791,561,8,0.0,2,1,1,12513.1,0,France,Female,49
6792,709,2,0.0,2,0,1,162923.0,0,Spain,Female,45
6793,657,5,95858.4,1,1,1,68255.9,0,France,Female,41
6794,705,8,166686.0,2,1,1,55313.5,0,Germany,Male,42
6795,691,9,0.0,2,0,1,10963.0,0,Spain,Male,30
6796,718,0,118101.0,2,1,0,103165.0,0,France,Female,31
6797,545,6,93796.4,2,1,1,162321.0,0,Germany,Male,45
6798,548,3,0.0,1,1,0,65996.9,0,France,Female,36
6799,632,9,139625.0,1,1,0,93703.0,1,France,Female,40
6800,801,4,158713.0,2,0,0,98586.1,0,France,Male,43
6801,604,4,118908.0,1,0,1,47777.1,1,Germany,Female,47
6802,634,3,0.0,2,1,1,19515.5,0,Spain,Male,35
6803,710,3,0.0,2,1,1,112289.0,0,France,Female,31
6804,743,7,157332.0,1,1,0,125424.0,0,Spain,Male,45
6805,621,1,74298.4,1,1,1,52582.0,0,Germany,Male,27
6806,753,3,0.0,2,1,1,184844.0,0,France,Male,35
6807,730,7,0.0,2,0,1,122399.0,0,Spain,Female,52
6808,427,1,75681.5,1,1,1,57098.0,0,Germany,Male,42
6809,556,2,139914.0,1,1,1,50391.0,0,France,Female,47
6810,697,1,0.0,2,1,0,46807.6,1,France,Female,45
6811,468,1,76318.6,1,1,1,194783.0,0,France,Female,22
6812,543,8,0.0,2,0,1,145602.0,0,France,Female,34
6813,790,2,126619.0,1,1,0,198224.0,0,France,Female,41
6814,686,9,0.0,3,1,1,75246.2,1,France,Male,60
6815,775,8,0.0,1,1,0,130377.0,0,France,Male,45
6816,772,4,78653.0,1,1,0,1790.48,0,Spain,Male,30
6817,533,10,115744.0,1,0,0,43852.1,0,Germany,Female,22
6818,822,6,128290.0,3,1,0,9149.96,1,France,Male,38
6819,652,6,0.0,2,0,1,170025.0,0,Spain,Male,58
6820,585,7,0.0,2,1,0,94283.1,0,France,Male,36
6821,707,6,0.0,2,1,1,192542.0,0,France,Female,44
6822,686,2,93569.9,3,0,0,10137.3,1,Germany,Female,38
6823,605,9,104761.0,1,1,1,165575.0,1,France,Female,51
6824,542,3,0.0,2,1,1,115218.0,0,France,Female,31
6825,794,6,0.0,2,1,1,68730.9,0,France,Male,35
6826,699,2,109724.0,1,1,1,180022.0,0,France,Male,39
6827,541,8,0.0,2,0,0,40889.1,0,France,Male,32
6828,658,9,0.0,2,1,0,156775.0,0,France,Female,32
6829,829,7,0.0,2,0,1,178459.0,0,Spain,Male,50
6830,577,2,0.0,2,1,1,84033.4,0,France,Female,34
6831,516,3,0.0,2,1,0,124202.0,0,Spain,Female,31
6832,702,4,135220.0,1,0,1,59747.6,0,Spain,Female,26
6833,698,6,0.0,1,1,0,50213.8,1,Spain,Female,47
6834,665,7,0.0,2,1,1,66548.6,0,France,Female,44
6835,766,5,126286.0,1,1,0,177614.0,1,Germany,Male,27
6836,610,4,87262.4,2,1,0,182720.0,0,France,Female,27
6837,755,0,113865.0,2,1,1,117396.0,0,Germany,Female,37
6838,621,10,163823.0,1,0,0,89519.5,0,France,Male,40
6839,503,9,100263.0,2,1,1,157921.0,0,Spain,Male,32
6840,702,6,149218.0,1,1,1,9633.01,0,France,Female,29
6841,731,6,0.0,1,0,0,152128.0,0,France,Female,36
6842,718,5,132616.0,2,1,0,32999.1,0,Germany,Male,43
6843,639,3,0.0,1,1,0,42862.8,0,France,Male,38
6844,721,3,65253.1,2,1,0,28737.8,0,Germany,Female,36
6845,662,2,104568.0,1,1,0,8059.44,1,Germany,Male,59
6846,553,9,110113.0,2,0,0,81898.8,0,Germany,Male,41
6847,830,4,0.0,2,0,1,81622.5,0,Spain,Male,40
6848,619,8,132293.0,1,1,0,65682.9,0,France,Female,35
6849,675,2,155663.0,1,1,0,97658.7,0,France,Female,32
6850,757,6,105129.0,2,1,1,62972.1,0,Germany,Male,30
6851,746,10,68781.8,1,0,1,47997.4,0,Spain,Male,24
6852,850,0,108509.0,3,1,0,184045.0,1,Germany,Male,43
6853,670,1,0.0,2,1,1,86413.1,0,France,Male,33
6854,768,2,129264.0,2,0,0,19150.1,0,Germany,Female,43
6855,680,4,123816.0,1,1,1,90162.4,0,France,Female,25
6856,782,5,81210.7,2,0,1,108003.0,0,France,Male,36
6857,678,10,117739.0,1,1,0,147490.0,1,France,Female,60
6858,693,4,0.0,2,0,1,142331.0,0,France,Female,39
6859,790,1,85839.6,1,1,0,198183.0,0,Germany,Male,42
6860,742,8,0.0,2,1,0,4070.28,0,Spain,Male,24
6861,850,7,153148.0,1,1,1,152235.0,0,France,Female,37
6862,629,5,0.0,4,0,0,117573.0,1,France,Male,44
6863,738,9,0.0,2,1,1,48644.9,0,France,Male,26
6864,660,1,84440.1,2,1,1,60486.0,0,Germany,Male,30
6865,684,3,102955.0,2,1,0,154137.0,0,Germany,Female,46
6866,677,4,0.0,2,1,1,6175.53,0,Spain,Female,34
6867,662,5,147093.0,1,1,0,10928.3,0,France,Male,29
6868,705,5,116766.0,1,0,0,190659.0,1,Germany,Female,33
6869,744,3,0.0,2,1,1,189016.0,0,France,Female,44
6870,798,8,0.0,3,0,0,110783.0,0,France,Male,37
6871,512,6,0.0,2,1,0,168462.0,0,Spain,Male,31
6872,719,4,0.0,1,1,0,28465.9,1,France,Female,42
6873,586,2,0.0,1,1,0,102889.0,0,Spain,Female,42
6874,736,9,116309.0,1,1,0,185360.0,1,Germany,Male,50
6875,449,8,0.0,2,0,0,156793.0,0,Spain,Female,33
6876,650,0,0.0,1,1,1,175381.0,0,Spain,Male,71
6877,725,7,75915.8,1,1,0,150507.0,0,France,Male,35
6878,671,6,132130.0,1,0,1,76069.0,0,France,Female,38
6879,850,0,164851.0,1,1,1,62722.4,0,France,Female,36
6880,653,2,120731.0,4,1,1,138160.0,1,France,Female,60
6881,693,6,127992.0,1,1,1,50457.2,0,France,Female,30
6882,790,2,131365.0,2,1,1,180291.0,0,Spain,Male,46
6883,766,3,116823.0,1,0,0,197643.0,0,Germany,Male,44
6884,579,0,141750.0,1,0,1,9201.53,0,Germany,Male,41
6885,649,2,45022.2,1,1,1,173496.0,0,Spain,Male,29
6886,489,8,92060.1,1,1,0,147223.0,1,Germany,Female,46
6887,676,3,78990.1,1,1,1,124777.0,0,France,Male,31
6888,521,5,105843.0,2,1,1,84908.2,0,France,Male,37
6889,702,8,0.0,2,1,0,99654.1,0,Spain,Male,39
6890,500,1,99004.2,1,1,1,152846.0,0,Spain,Male,40
6891,777,10,121532.0,2,1,1,73464.9,0,Germany,Female,37
6892,629,1,35549.8,2,0,0,49676.3,0,Germany,Female,37
6893,701,5,102500.0,1,0,0,106288.0,0,Germany,Male,32
6894,712,8,140171.0,1,1,1,38170.0,0,France,Female,29
6895,752,2,119912.0,1,1,0,124355.0,0,France,Female,36
6896,836,7,150303.0,1,1,1,156036.0,0,Spain,Female,41
6897,850,3,169026.0,1,1,0,174235.0,0,Germany,Female,36
6898,571,4,108825.0,3,1,0,55558.5,1,France,Female,42
6899,680,4,0.0,2,1,1,58761.3,0,France,Female,43
6900,648,2,0.0,2,1,1,58652.2,0,France,Female,44
6901,685,2,119658.0,1,1,0,145387.0,1,Germany,Female,44
6902,539,7,81132.2,1,1,0,167290.0,0,France,Female,40
6903,699,0,158634.0,1,1,0,193786.0,0,Spain,Female,50
6904,621,4,0.0,2,1,1,40299.2,0,Spain,Male,33
6905,702,5,56738.5,2,1,1,100442.0,1,France,Male,26
6906,684,8,78707.2,1,1,1,99398.4,0,Spain,Male,56
6907,807,1,95120.6,1,0,0,127875.0,0,France,Male,47
6908,732,5,0.0,2,1,0,161428.0,0,France,Male,36
6909,695,2,0.0,2,0,1,167750.0,0,France,Female,36
6910,630,3,0.0,2,0,1,10486.7,0,Spain,Male,30
6911,689,4,0.0,2,1,0,136650.0,1,Spain,Female,57
6912,704,3,114370.0,1,0,1,66810.5,0,France,Male,36
6913,734,6,71283.1,2,0,1,38984.4,0,Germany,Female,52
6914,469,5,0.0,1,1,0,160530.0,1,France,Female,48
6915,443,3,117206.0,1,1,0,42840.2,1,Germany,Male,50
6916,677,10,68806.8,1,1,0,33075.2,0,Germany,Female,36
6917,598,8,0.0,2,1,1,161954.0,0,Spain,Male,41
6918,658,2,77082.6,2,0,0,13482.3,0,Germany,Male,31
6919,498,7,102453.0,1,1,0,187248.0,1,Germany,Male,61
6920,570,6,85668.6,1,1,0,105525.0,0,Germany,Male,35
6921,438,7,78391.2,1,0,1,49424.6,0,France,Male,60
6922,729,8,164871.0,2,1,1,9567.39,0,Spain,Male,31
6923,666,2,148223.0,1,0,0,156954.0,1,France,Male,51
6924,528,2,99092.5,1,0,1,111150.0,0,Germany,Male,32
6925,774,4,112511.0,1,1,1,143133.0,0,France,Male,76
6926,850,9,97408.0,1,1,1,175854.0,0,Spain,Male,28
6927,567,7,0.0,2,0,1,3896.08,0,France,Male,36
6928,821,3,87807.3,2,1,1,64613.8,0,Germany,Male,42
6929,529,5,0.0,2,0,0,79476.6,0,Spain,Female,43
6930,691,3,0.0,1,0,1,194930.0,1,France,Male,58
6931,689,2,161815.0,2,1,0,169382.0,0,Germany,Male,33
6932,468,10,0.0,3,0,1,62256.9,1,France,Female,56
6933,708,8,99640.9,1,1,0,12429.2,0,Spain,Male,38
6934,648,7,134944.0,1,1,1,117036.0,0,France,Male,33
6935,682,5,72373.6,2,1,0,36896.0,0,Germany,Male,36
6936,562,3,0.0,2,1,0,28137.0,0,France,Female,27
6937,421,6,90723.4,1,1,1,12162.8,0,Spain,Male,34
6938,516,8,113143.0,1,0,0,3363.36,0,France,Female,37
6939,650,7,142028.0,1,1,0,32275.1,1,France,Female,64
6940,547,1,0.0,2,1,1,56908.4,0,France,Female,51
6941,705,10,146548.0,1,0,1,10072.5,1,Germany,Female,43
6942,688,9,144554.0,2,1,0,143455.0,0,Germany,Male,29
6943,523,8,61688.6,2,1,0,147059.0,0,Germany,Male,27
6944,586,6,0.0,2,1,1,37935.8,0,France,Female,38
6945,485,3,0.0,2,1,0,141450.0,0,France,Female,27
6946,567,1,157321.0,1,1,0,62193.9,0,Spain,Female,45
6947,661,5,0.0,1,0,1,107243.0,1,France,Male,47
6948,666,3,129118.0,2,0,0,139435.0,0,Germany,Female,36
6949,618,4,0.0,2,1,0,29176.0,0,France,Female,31
6950,762,9,0.0,2,1,1,43075.7,0,France,Male,35
6951,744,5,166298.0,1,1,1,181694.0,0,Spain,Female,26
6952,533,4,80442.1,2,0,1,12537.4,0,Germany,Male,43
6953,753,9,113910.0,3,1,0,92320.4,1,Germany,Female,46
6954,555,4,0.0,2,1,1,54405.8,0,Spain,Male,32
6955,592,1,147249.0,2,1,1,63023.0,0,France,Male,42
6956,773,10,126980.0,1,0,0,36823.3,0,Germany,Male,34
6957,661,0,109494.0,1,0,0,188324.0,1,Germany,Female,47
6958,677,10,171672.0,1,1,1,50777.8,0,Spain,Female,34
6959,567,2,0.0,2,1,1,167985.0,0,France,Male,42
6960,635,1,0.0,2,1,0,175612.0,0,Spain,Male,41
6961,711,2,129022.0,2,1,1,14374.9,1,France,Female,38
6962,507,4,83543.4,1,0,0,140134.0,0,France,Male,36
6963,671,6,0.0,2,0,0,12048.7,0,Spain,Female,29
6964,701,1,92072.7,1,1,1,133992.0,0,Germany,Female,48
6965,698,9,111360.0,2,1,0,105715.0,0,France,Female,57
6966,524,2,180517.0,1,1,0,180002.0,0,France,Male,40
6967,485,5,0.0,2,0,1,170226.0,0,France,Male,37
6968,678,3,128398.0,1,1,0,168658.0,0,Spain,Female,40
6969,648,7,138504.0,2,1,0,57215.9,0,Germany,Female,37
6970,609,10,126392.0,1,0,1,43651.5,0,France,Male,26
6971,601,6,0.0,2,1,0,14665.3,0,Spain,Male,28
6972,667,2,122807.0,1,0,0,15120.9,0,France,Male,44
6973,710,9,149156.0,2,1,0,42131.3,1,Germany,Female,41
6974,521,8,0.0,1,1,1,93180.1,0,France,Male,43
6975,623,4,120510.0,1,0,0,142170.0,0,France,Male,27
6976,671,3,0.0,2,1,0,158043.0,0,France,Female,29
6977,604,3,0.0,1,1,0,42171.1,1,France,Male,33
6978,558,4,108236.0,1,1,1,143783.0,0,Germany,Male,32
6979,452,8,0.0,2,1,1,149615.0,0,France,Female,35
6980,601,1,100486.0,2,1,1,62678.5,0,France,Male,44
6981,522,5,144148.0,1,1,1,14789.9,0,France,Male,41
6982,850,4,0.0,2,1,1,107237.0,0,France,Female,71
6983,682,6,0.0,2,0,1,134158.0,1,France,Male,41
6984,697,4,0.0,2,0,1,26543.3,0,France,Male,40
6985,688,9,91025.6,2,0,1,163783.0,0,Germany,Female,34
6986,584,8,112014.0,1,1,0,177772.0,1,Germany,Female,30
6987,742,0,0.0,2,0,1,131535.0,0,France,Male,27
6988,574,3,141349.0,1,1,1,100187.0,0,Germany,Female,43
6989,534,7,0.0,1,1,0,13566.5,1,France,Female,49
6990,484,7,106901.0,2,0,0,118046.0,0,Germany,Male,40
6991,568,7,0.0,2,1,1,45978.4,0,France,Female,47
6992,836,10,0.0,2,1,0,111324.0,0,Spain,Female,37
6993,509,7,102984.0,1,1,0,171771.0,0,France,Male,18
6994,578,1,148601.0,1,1,0,143397.0,1,France,Male,45
6995,808,0,0.0,1,1,1,79888.8,0,France,Male,41
6996,634,5,0.0,2,1,1,161580.0,0,France,Male,77
6997,554,6,92436.9,1,1,0,126034.0,0,France,Female,44
6998,598,6,120683.0,1,1,0,30635.5,1,France,Male,48
6999,617,10,167274.0,1,0,0,93439.8,1,Germany,Female,51
7000,666,2,147230.0,1,1,1,56410.2,0,France,Female,33
7001,602,8,98382.7,1,1,0,39542.0,0,Spain,Male,34
7002,440,2,0.0,2,1,0,49826.7,0,France,Male,42
7003,744,4,96106.8,1,1,1,79812.8,0,Germany,Male,32
7004,784,2,109960.0,2,1,1,170830.0,0,Germany,Male,28
7005,674,2,154526.0,1,0,1,27468.7,0,France,Male,36
7006,751,9,156368.0,2,0,1,116180.0,0,Germany,Male,54
7007,729,7,0.0,2,1,0,58268.2,1,Spain,Female,42
7008,607,1,102524.0,1,1,1,166793.0,0,France,Female,31
7009,682,9,0.0,1,1,0,153357.0,1,France,Male,55
7010,710,5,0.0,2,1,0,115403.0,0,France,Female,37
7011,631,1,106396.0,1,1,1,150661.0,1,Germany,Male,48
7012,847,5,0.0,2,1,1,76326.7,0,Spain,Male,31
7013,718,4,108692.0,1,1,0,63031.0,0,France,Female,25
7014,837,9,0.0,2,1,1,41866.3,0,France,Female,29
7015,745,8,67226.4,1,1,0,130790.0,0,France,Male,36
7016,798,1,0.0,2,1,1,159044.0,0,France,Male,36
7017,682,4,107192.0,1,1,1,15669.2,0,France,Male,38
7018,623,6,0.0,2,1,1,66119.1,0,France,Male,40
7019,465,8,0.0,2,1,0,177669.0,0,France,Male,33
7020,762,8,98592.9,1,0,1,191790.0,1,Germany,Female,34
7021,782,1,148795.0,2,1,1,195681.0,0,France,Male,36
7022,850,5,119984.0,1,1,0,191535.0,1,Germany,Male,36
7023,616,4,0.0,2,1,1,173599.0,0,Spain,Male,71
7024,676,3,80697.4,1,0,0,101398.0,0,Germany,Male,48
7025,804,7,76548.6,1,0,1,98453.5,0,Spain,Male,33
7026,521,3,60280.6,1,1,0,154271.0,0,Spain,Male,29
7027,754,6,98585.9,2,0,1,106117.0,0,Germany,Male,35
7028,610,6,0.0,3,0,0,56118.8,1,France,Male,41
7029,655,1,116115.0,1,1,1,49492.1,0,Spain,Male,34
7030,799,9,154587.0,1,0,1,88604.9,1,Germany,Male,31
7031,714,10,0.0,2,1,1,80234.1,0,France,Male,34
7032,658,3,145513.0,1,1,0,20207.0,0,France,Male,29
7033,646,1,0.0,2,1,0,183289.0,0,Spain,Male,32
7034,411,10,0.0,1,0,0,120694.0,0,France,Female,36
7035,586,5,0.0,3,1,0,170487.0,1,France,Female,28
7036,726,1,80780.2,1,1,1,19225.8,0,Spain,Female,26
7037,777,1,0.0,1,1,1,126838.0,0,France,Male,37
7038,684,8,127270.0,1,0,1,79495.0,0,Germany,Male,29
7039,613,8,167796.0,1,0,1,44390.4,0,France,Female,46
7040,706,5,0.0,1,0,0,164128.0,1,France,Female,23
7041,809,6,64497.9,3,0,1,182437.0,1,Germany,Female,42
7042,638,9,77637.4,2,1,1,111346.0,0,Spain,Male,44
7043,651,1,0.0,1,1,0,67740.1,1,France,Male,45
7044,628,0,88421.8,1,0,0,72350.5,0,France,Male,31
7045,540,0,120826.0,1,1,0,28257.9,0,Spain,Male,37
7046,833,3,0.0,2,1,0,1710.89,0,France,Female,39
7047,619,5,152199.0,1,1,1,86022.1,0,France,Male,58
7048,841,8,0.0,1,1,0,171923.0,0,France,Male,27
7049,679,8,147727.0,3,1,0,172749.0,1,France,Male,41
7050,670,3,133446.0,1,0,0,3154.95,0,Spain,Male,30
7051,617,2,104508.0,1,1,1,147636.0,0,France,Female,35
7052,550,9,145294.0,2,1,0,147484.0,0,Germany,Male,29
7053,502,4,0.0,2,1,1,66263.9,0,France,Male,30
7054,709,8,0.0,2,0,0,168036.0,1,France,Female,43
7055,739,1,109682.0,1,1,1,193321.0,0,Spain,Male,40
7056,652,2,0.0,2,1,0,54628.1,0,France,Female,32
7057,580,1,128218.0,1,1,0,125954.0,1,Germany,Female,38
7058,509,10,0.0,2,1,1,6177.83,0,France,Male,26
7059,629,4,0.0,2,1,1,196335.0,0,France,Female,49
7060,538,5,62482.9,1,1,1,102758.0,0,Germany,Male,25
7061,722,2,0.0,1,0,0,120907.0,0,France,Male,37
7062,663,4,103430.0,2,0,1,36479.3,0,Spain,Male,31
7063,516,1,0.0,1,0,1,112311.0,0,Spain,Female,27
7064,794,8,88656.4,2,1,0,116547.0,0,Spain,Male,45
7065,850,5,169445.0,1,1,1,186335.0,0,France,Male,68
7066,738,1,115409.0,2,0,0,180457.0,0,Germany,Female,40
7067,715,7,139225.0,2,1,0,65057.7,0,France,Male,23
7068,548,4,82596.8,1,0,1,55672.1,0,France,Female,41
7069,567,7,122265.0,1,1,0,138553.0,0,Germany,Male,40
7070,548,8,116756.0,2,1,1,158585.0,1,France,Female,28
7071,715,9,165253.0,1,1,0,85286.3,0,France,Male,37
7072,713,9,72286.8,2,1,1,26136.9,0,France,Male,38
7073,786,9,0.0,2,1,1,18210.4,0,Spain,Male,31
7074,561,9,135637.0,1,1,0,153080.0,1,France,Female,27
7075,699,3,111009.0,1,1,1,155906.0,1,Germany,Female,54
7076,627,7,98993.0,1,1,1,169157.0,0,France,Female,21
7077,613,9,100525.0,1,1,1,47298.9,0,Spain,Male,44
7078,752,3,0.0,2,1,1,104991.0,0,France,Female,30
7079,747,5,0.0,2,1,1,22750.2,0,France,Male,41
7080,683,2,100062.0,2,1,0,109201.0,0,Germany,Female,39
7081,437,2,109161.0,1,1,0,152987.0,0,Spain,Male,28
7082,558,0,108477.0,1,1,1,109097.0,1,France,Male,33
7083,743,1,127023.0,1,1,1,138781.0,0,France,Female,30
7084,628,10,0.0,2,1,0,103833.0,0,Spain,Male,40
7085,797,4,75263.7,1,1,0,85801.8,0,France,Male,37
7086,704,3,154206.0,2,1,1,40261.5,0,Germany,Female,35
7087,652,2,166528.0,2,0,1,146008.0,0,Germany,Male,27
7088,652,7,100471.0,1,1,1,124551.0,0,Spain,Female,40
7089,693,6,95900.0,1,1,1,38196.2,0,Germany,Female,37
7090,818,10,105302.0,1,1,1,78941.6,0,Germany,Male,43
7091,712,1,87843.0,1,0,0,92223.6,0,France,Female,42
7092,456,1,188286.0,1,0,0,58363.9,0,France,Female,33
7093,808,7,118627.0,2,1,0,147132.0,0,France,Male,45
7094,511,5,0.0,2,1,0,143995.0,0,France,Female,30
7095,771,8,0.0,2,1,1,51219.8,0,Spain,Female,67
7096,679,9,109328.0,1,1,1,3829.13,0,Spain,Male,58
7097,730,8,0.0,2,1,0,183285.0,0,France,Male,23
7098,595,9,106000.0,1,0,0,191449.0,1,Germany,Female,45
7099,850,5,0.0,2,1,1,44827.5,0,France,Male,81
7100,785,2,121692.0,2,0,0,81778.7,0,Spain,Female,31
7101,554,2,129710.0,1,1,0,173197.0,0,France,Male,39
7102,692,2,0.0,2,0,1,130487.0,0,France,Male,30
7103,437,1,120924.0,1,0,1,78854.6,0,France,Female,26
7104,680,10,0.0,2,1,0,187008.0,0,France,Male,49
7105,681,5,0.0,1,0,1,90861.0,0,France,Male,25
7106,551,7,0.0,2,1,0,178394.0,0,France,Male,43
7107,697,6,132591.0,1,1,1,7387.8,1,Germany,Female,38
7108,529,4,96134.1,3,1,0,108733.0,1,Spain,Male,63
7109,616,10,0.0,2,1,0,25662.3,0,France,Male,34
7110,637,1,0.0,2,1,0,91291.2,0,France,Male,27
7111,601,1,123971.0,1,0,1,172815.0,0,France,Male,41
7112,689,5,95328.6,1,1,0,6129.61,1,Spain,Female,28
7113,666,4,120165.0,2,1,0,33701.5,0,France,Male,36
7114,610,6,106938.0,2,0,1,186612.0,0,Germany,Male,57
7115,850,1,121875.0,1,0,0,6865.41,1,Germany,Female,45
7116,656,3,150905.0,2,1,0,16998.7,0,Germany,Female,27
7117,671,8,0.0,1,0,1,2560.11,0,Spain,Male,50
7118,776,2,0.0,1,0,1,8065.0,0,France,Male,37
7119,837,9,104679.0,1,0,1,50972.6,0,Spain,Male,31
7120,439,8,0.0,1,0,1,104889.0,0,France,Female,43
7121,623,8,96759.4,1,1,1,174778.0,0,Germany,Male,33
7122,775,7,0.0,2,1,1,111559.0,0,France,Male,60
7123,662,5,115287.0,2,1,1,149588.0,0,Germany,Male,30
7124,559,3,127071.0,1,0,1,160942.0,0,France,Female,31
7125,793,9,116271.0,1,1,1,184243.0,0,France,Female,63
7126,676,1,80569.7,1,0,0,68622.0,0,France,Male,20
7127,549,8,107283.0,1,0,0,157443.0,0,France,Female,38
7128,679,10,198546.0,2,1,0,191199.0,1,France,Male,47
7129,531,6,0.0,1,0,0,194998.0,1,France,Female,47
7130,520,4,115681.0,1,1,1,90280.7,0,Spain,Female,35
7131,669,3,0.0,2,0,1,8487.75,0,France,Male,46
7132,808,4,122169.0,1,1,0,174107.0,0,France,Male,24
7133,701,3,0.0,2,1,0,38960.6,0,France,Male,23
7134,654,2,0.0,2,1,1,146652.0,0,Spain,Female,36
7135,649,7,101195.0,1,0,0,133091.0,0,Germany,Male,24
7136,659,1,0.0,1,1,0,116250.0,1,France,Female,49
7137,705,0,97544.3,1,0,1,59887.1,0,France,Male,25
7138,583,4,107041.0,1,1,1,5635.63,0,Germany,Male,40
7139,785,3,124493.0,2,0,1,52583.8,1,Germany,Female,32
7140,618,1,133246.0,2,1,1,54495.8,0,Germany,Female,40
7141,665,8,0.0,1,1,1,38928.5,1,Spain,Female,51
7142,659,2,0.0,1,0,0,162734.0,1,Spain,Female,42
7143,660,6,100769.0,1,1,0,19199.6,0,France,Female,35
7144,608,9,89968.7,1,1,0,68777.3,0,France,Male,33
7145,712,2,133010.0,1,1,0,126809.0,0,France,Female,27
7146,754,7,117578.0,2,0,1,87908.0,0,Germany,Male,27
7147,592,5,0.0,1,1,1,100942.0,0,France,Female,62
7148,476,6,0.0,1,1,1,22735.4,0,France,Male,40
7149,689,1,76296.8,1,1,0,42364.8,1,Germany,Female,55
7150,622,5,106261.0,1,1,1,2578.43,0,France,Male,31
7151,655,4,0.0,2,1,1,142416.0,0,France,Male,37
7152,712,8,0.0,2,1,0,183235.0,0,Spain,Female,48
7153,757,5,131433.0,2,1,1,3497.43,1,Germany,Female,43
7154,639,4,133435.0,2,1,0,97983.4,0,Spain,Male,29
7155,708,5,0.0,1,0,1,157004.0,0,Spain,Female,41
7156,508,3,166329.0,2,0,1,22614.2,0,France,Female,38
7157,570,9,117338.0,2,0,1,62810.9,0,France,Male,32
7158,645,0,174400.0,1,1,0,42669.4,0,France,Male,25
7159,782,3,0.0,2,1,0,143614.0,0,Spain,Female,27
7160,687,5,0.0,2,1,0,110230.0,0,Spain,Female,50
7161,688,6,123158.0,1,1,0,172531.0,0,France,Female,32
7162,681,7,0.0,2,0,0,130687.0,0,France,Male,34
7163,660,1,129901.0,1,1,0,26025.6,1,Germany,Male,41
7164,751,1,114974.0,1,1,0,125921.0,0,France,Male,43
7165,633,7,141546.0,1,1,1,124830.0,0,France,Male,37
7166,431,6,160983.0,1,1,1,168008.0,0,France,Male,63
7167,782,4,0.0,1,1,1,52759.8,1,Spain,Male,52
7168,481,9,175303.0,1,1,0,65500.5,1,France,Male,44
7169,594,6,135068.0,2,0,0,131212.0,0,Germany,Female,26
7170,638,7,165680.0,1,0,0,32916.3,0,France,Female,42
7171,653,3,0.0,2,0,0,110526.0,0,Spain,Female,36
7172,540,1,82531.1,1,1,0,114093.0,0,Germany,Male,39
7173,758,6,127358.0,1,0,1,56577.0,0,France,Female,39
7174,479,1,0.0,1,1,0,95270.8,0,France,Male,47
7175,616,5,0.0,2,0,1,196109.0,0,Spain,Male,30
7176,601,9,122447.0,2,1,0,86791.9,0,Spain,Female,20
7177,480,7,0.0,1,1,0,170333.0,1,France,Female,40
7178,714,4,138082.0,1,0,1,166678.0,0,France,Male,63
7179,563,3,106251.0,1,0,0,39546.3,0,France,Male,35
7180,705,1,111629.0,1,1,1,21807.2,0,Spain,Male,36
7181,637,2,157929.0,1,1,1,145134.0,1,Spain,Female,45
7182,844,7,111502.0,1,1,1,119333.0,0,France,Male,38
7183,554,4,0.0,2,0,1,57320.9,0,Spain,Male,46
7184,850,3,141784.0,1,1,1,92053.8,0,Germany,Male,61
7185,805,9,116586.0,1,1,0,189429.0,1,Germany,Female,45
7186,715,8,56214.9,2,0,0,92982.6,1,France,Female,41
7187,677,8,0.0,2,1,1,153604.0,0,France,Female,72
7188,724,5,83888.5,1,0,1,34121.8,0,Spain,Male,45
7189,687,1,110752.0,2,1,1,47921.2,0,France,Female,35
7190,718,7,0.0,3,1,1,82782.1,0,France,Female,67
7191,578,4,0.0,2,1,1,141823.0,0,France,Male,32
7192,840,6,0.0,2,1,0,141364.0,0,Spain,Female,36
7193,710,1,106519.0,1,1,1,127952.0,0,Spain,Male,35
7194,650,5,106967.0,1,0,0,24495.0,0,France,Male,37
7195,653,7,0.0,2,1,1,41967.0,0,Spain,Male,55
7196,588,0,0.0,2,1,1,155485.0,0,France,Female,35
7197,506,3,0.0,1,1,1,144346.0,0,France,Female,40
7198,712,2,111061.0,2,0,0,26542.2,0,Spain,Male,53
7199,648,2,98795.6,2,1,0,89124.0,0,Spain,Male,42
7200,697,3,108805.0,2,0,1,123826.0,0,Germany,Male,31
7201,704,5,0.0,1,1,0,6416.92,0,France,Male,39
7202,597,0,78539.8,1,0,1,48502.9,0,Germany,Female,60
7203,443,9,108308.0,1,1,0,129031.0,1,France,Female,35
7204,718,7,0.0,2,1,0,38308.3,0,France,Male,38
7205,705,5,89364.9,1,0,1,139162.0,0,Spain,Female,46
7206,775,2,109949.0,2,0,1,71682.5,0,Germany,Male,36
7207,593,2,70181.5,2,1,0,80608.1,0,France,Male,36
7208,514,3,121031.0,1,1,0,10008.7,0,France,Male,35
7209,527,2,123803.0,2,1,1,155847.0,0,Germany,Female,28
7210,850,7,102801.0,1,1,1,87352.4,0,Germany,Male,36
7211,600,2,116623.0,1,0,1,59905.3,0,Germany,Male,28
7212,773,8,152325.0,2,1,0,171733.0,0,Germany,Female,42
7213,670,9,0.0,1,0,1,76254.8,0,France,Female,31
7214,747,4,0.0,2,0,1,42039.7,0,France,Female,25
7215,626,6,108269.0,1,1,0,5597.94,0,Spain,Female,37
7216,554,4,121365.0,1,1,1,8742.36,0,Germany,Male,26
7217,829,7,150126.0,1,1,0,152108.0,1,France,Female,22
7218,712,7,77919.8,1,1,0,122548.0,0,Spain,Female,29
7219,535,2,0.0,2,0,1,170622.0,0,France,Female,45
7220,696,7,162319.0,1,1,0,121062.0,0,Germany,Male,42
7221,640,1,0.0,1,1,1,10908.3,0,France,Male,45
7222,673,5,0.0,1,1,1,65657.3,0,France,Male,41
7223,640,8,0.0,2,1,0,89043.2,0,Spain,Female,46
7224,668,1,147904.0,1,1,1,69370.0,0,Spain,Male,38
7225,642,1,138024.0,2,0,1,117060.0,0,France,Male,26
7226,708,2,161888.0,2,1,0,84870.2,0,France,Female,44
7227,643,4,45144.4,1,1,0,60917.2,1,France,Female,45
7228,602,7,141605.0,1,1,0,30379.6,0,Spain,Female,22
7229,724,2,127893.0,2,0,1,199645.0,0,Germany,Male,41
7230,694,10,144684.0,1,1,1,31805.5,0,France,Male,30
7231,625,3,130484.0,1,1,0,122811.0,0,Germany,Male,26
7232,659,6,0.0,2,1,1,58879.1,0,France,Male,35
7233,669,9,0.0,1,1,1,93901.6,0,Spain,Male,29
7234,711,8,0.0,1,1,1,67508.0,0,France,Female,35
7235,740,2,122295.0,2,1,1,30812.8,0,Germany,Female,40
7236,623,6,0.0,2,0,0,167162.0,0,France,Female,44
7237,644,6,117272.0,2,1,0,104218.0,1,France,Male,37
7238,687,7,80538.6,1,1,0,131305.0,1,France,Female,61
7239,624,3,145155.0,1,1,0,72170.0,1,France,Male,42
7240,651,1,163701.0,3,1,1,29583.5,1,Germany,Female,35
7241,609,1,0.0,1,1,0,22447.8,1,Spain,Male,61
7242,715,10,0.0,2,1,0,60907.5,0,France,Female,32
7243,659,8,52106.3,2,1,1,107964.0,0,Germany,Male,39
7244,795,9,94348.9,1,1,0,29239.3,1,Germany,Female,56
7245,532,9,137756.0,1,1,0,163192.0,1,Germany,Male,52
7246,704,5,147004.0,1,1,0,64381.3,1,Germany,Male,27
7247,710,1,0.0,2,1,0,20081.3,0,France,Female,31
7248,647,2,0.0,2,1,0,179033.0,0,Spain,Female,29
7249,481,5,0.0,2,1,1,125253.0,0,France,Female,34
7250,632,3,107376.0,1,1,1,62703.4,0,France,Female,27
7251,713,1,95995.0,1,1,0,197529.0,0,Germany,Male,47
7252,551,2,113873.0,1,1,1,85129.8,1,Spain,Male,27
7253,683,4,66190.3,1,1,1,115187.0,0,France,Male,30
7254,468,7,91443.8,1,1,0,10958.2,0,France,Male,46
7255,619,5,0.0,2,1,1,158445.0,0,France,Male,39
7256,850,6,131997.0,2,1,1,178747.0,0,France,Male,31
7257,621,8,174127.0,3,1,0,172491.0,1,Germany,Male,40
7258,748,9,122331.0,2,0,1,124429.0,0,Spain,Male,58
7259,691,2,0.0,1,1,1,56850.9,1,France,Male,41
7260,567,3,0.0,2,1,0,25843.7,1,France,Male,59
7261,471,3,164952.0,1,1,0,190532.0,0,France,Male,42
7262,618,8,37702.8,1,1,1,195775.0,0,Germany,Male,41
7263,780,3,140357.0,1,1,0,117144.0,0,France,Female,26
7264,572,4,99353.4,1,1,0,196550.0,1,Germany,Male,47
7265,606,8,0.0,2,1,1,63176.8,0,Spain,Male,33
7266,768,3,109118.0,2,0,1,50911.4,0,France,Female,28
7267,850,4,0.0,1,1,1,180622.0,0,France,Male,32
7268,641,2,0.0,2,1,0,3939.87,0,France,Female,37
7269,587,1,70784.3,1,1,0,30579.8,0,France,Female,36
7270,688,0,74458.2,1,0,1,6866.31,0,Germany,Female,46
7271,637,6,122642.0,2,1,0,65618.0,0,Germany,Male,30
7272,680,8,0.0,2,1,1,65708.5,0,Spain,Female,58
7273,756,1,94773.1,1,1,0,114280.0,0,France,Male,40
7274,564,4,0.0,1,1,0,85455.6,1,France,Male,40
7275,633,6,98308.5,1,1,1,132034.0,0,Spain,Male,58
7276,525,5,0.0,2,1,0,160249.0,0,France,Female,23
7277,561,5,0.0,2,1,0,84872.0,0,France,Male,32
7278,735,9,0.0,1,0,0,166677.0,1,Spain,Male,50
7279,510,8,0.0,2,1,1,115292.0,0,France,Male,63
7280,444,2,144319.0,1,1,0,112668.0,0,France,Male,34
7281,680,10,0.0,3,1,0,154972.0,1,France,Female,24
7282,832,8,93833.9,1,0,1,10417.9,0,Spain,Male,29
7283,738,9,121152.0,2,1,0,64166.7,1,Germany,Male,43
7284,541,9,118637.0,1,1,1,73551.4,0,France,Male,37
7285,822,8,116358.0,1,1,0,108798.0,0,France,Male,32
7286,479,9,92833.9,1,1,0,99449.9,1,Germany,Male,35
7287,755,3,0.0,3,1,0,4733.94,0,France,Female,29
7288,694,5,77652.4,1,1,1,25407.6,0,France,Male,39
7289,726,2,0.0,2,1,1,26733.9,0,France,Female,44
7290,636,2,0.0,2,0,0,86414.4,0,France,Male,44
7291,786,6,114513.0,1,1,0,15796.7,0,Spain,Female,32
7292,569,6,144855.0,1,0,0,196555.0,0,Spain,Female,34
7293,657,5,143596.0,1,0,0,101315.0,1,Germany,Female,48
7294,788,10,109633.0,1,1,1,16149.1,0,Spain,Male,36
7295,539,1,177729.0,1,1,0,105014.0,0,Germany,Male,42
7296,734,0,152760.0,1,1,1,48990.5,0,Spain,Female,37
7297,638,2,155828.0,1,0,1,108987.0,1,Spain,Female,55
7298,666,8,0.0,1,0,1,158667.0,0,France,Female,36
7299,712,1,139887.0,1,1,1,95719.7,0,Spain,Male,47
7300,683,7,0.0,2,1,0,104787.0,0,Spain,Female,36
7301,653,6,0.0,2,1,1,7330.59,0,France,Female,43
7302,809,1,79706.2,2,1,0,165675.0,0,Germany,Male,41
7303,634,8,0.0,1,1,0,21761.0,0,France,Male,26
7304,613,8,91415.8,1,0,0,27965.0,1,Germany,Male,59
7305,443,9,99027.6,2,1,0,10940.4,0,Germany,Female,29
7306,776,5,112282.0,1,0,1,89893.6,0,Germany,Male,38
7307,571,8,0.0,2,0,0,84569.1,0,France,Female,35
7308,612,4,139496.0,2,1,1,77128.2,0,France,Female,43
7309,759,6,0.0,2,1,1,140498.0,0,France,Female,39
7310,850,8,156652.0,1,0,0,25899.2,1,France,Male,58
7311,434,6,0.0,1,0,1,73562.0,1,Spain,Male,55
7312,727,0,0.0,1,1,0,121751.0,1,Spain,Female,31
7313,477,2,129121.0,1,0,1,26475.8,0,Spain,Female,48
7314,599,4,0.0,1,1,0,194273.0,1,Spain,Female,39
7315,538,3,75051.5,1,0,0,17682.0,1,France,Female,62
7316,611,4,0.0,2,1,0,125696.0,0,Spain,Female,37
7317,597,4,153198.0,1,1,1,92090.4,0,France,Male,41
7318,640,3,72012.8,1,1,0,161333.0,0,Germany,Male,23
7319,649,2,0.0,1,1,0,84863.9,1,Spain,Female,49
7320,707,6,89685.9,1,0,1,126471.0,0,France,Male,58
7321,604,7,0.0,2,1,1,188079.0,0,France,Male,34
7322,716,2,205771.0,2,0,0,65464.7,0,Germany,Female,30
7323,651,1,90218.1,1,1,0,174338.0,0,Germany,Male,41
7324,638,4,108717.0,2,1,1,74241.1,0,Germany,Male,62
7325,655,5,93147.0,2,1,0,66214.1,0,France,Male,37
7326,799,1,110314.0,2,1,0,37464.0,1,France,Female,63
7327,687,7,0.0,2,1,0,26848.2,0,France,Male,39
7328,722,2,88011.4,1,1,1,90655.9,1,France,Female,47
7329,640,6,118879.0,2,1,1,19131.7,0,Spain,Female,32
7330,788,4,112080.0,1,0,0,89368.6,0,France,Male,32
7331,828,4,0.0,2,1,0,94845.5,0,France,Male,37
7332,706,7,0.0,2,0,1,117939.0,0,Spain,Male,53
7333,547,6,0.0,2,1,1,18471.9,0,France,Male,30
7334,628,7,0.0,2,1,1,195978.0,0,France,Male,25
7335,445,3,0.0,2,1,1,180012.0,0,France,Male,37
7336,617,3,132006.0,1,1,0,142940.0,0,France,Male,30
7337,689,4,0.0,2,1,1,136610.0,0,Spain,Female,31
7338,642,6,129502.0,2,0,1,86099.2,1,Germany,Female,40
7339,729,0,0.0,2,1,1,31165.1,1,Spain,Female,28
7340,714,7,0.0,2,1,0,166335.0,0,France,Female,24
7341,450,9,74237.2,2,0,1,195463.0,0,Spain,Male,25
7342,580,10,136281.0,2,1,1,24799.5,0,Germany,Male,35
7343,506,3,0.0,2,1,0,12016.8,0,Spain,Male,50
7344,572,2,0.0,2,1,0,36099.7,0,France,Female,47
7345,596,2,139452.0,1,0,0,63142.1,0,France,Male,33
7346,573,4,0.0,2,1,1,157550.0,0,France,Female,27
7347,624,2,0.0,2,0,1,104353.0,0,Spain,Female,28
7348,558,6,0.0,1,1,1,143585.0,1,France,Female,41
7349,555,4,119817.0,1,0,1,43507.1,1,Germany,Male,62
7350,622,7,101487.0,1,1,1,8788.35,0,France,Male,29
7351,591,3,0.0,2,0,1,198926.0,0,France,Male,43
7352,562,3,0.0,3,1,0,6554.97,1,France,Female,57
7353,565,2,0.0,2,1,1,129956.0,0,France,Female,40
7354,630,8,0.0,2,1,1,42495.8,0,France,Male,40
7355,432,7,0.0,2,1,0,150581.0,0,Spain,Male,38
7356,636,1,0.0,1,1,0,45015.4,0,France,Female,38
7357,686,7,102750.0,1,0,1,194914.0,0,Spain,Male,41
7358,709,2,0.0,2,1,0,104982.0,0,Spain,Male,35
7359,648,6,111201.0,1,1,1,121542.0,0,Spain,Female,53
7360,750,7,136493.0,3,1,1,26500.3,1,France,Male,36
7361,526,5,124233.0,1,0,1,159457.0,1,Germany,Male,50
7362,566,3,108011.0,1,1,1,157486.0,0,France,Male,42
7363,589,4,0.0,1,1,0,95483.5,1,France,Male,38
7364,732,8,0.0,1,1,0,119883.0,0,Spain,Male,33
7365,568,1,116321.0,1,0,1,45563.9,0,Spain,Female,27
7366,463,8,204223.0,1,1,0,128268.0,0,Spain,Male,20
7367,730,7,0.0,1,1,0,33373.3,1,France,Female,47
7368,429,6,48023.8,1,1,0,74871.0,0,France,Female,39
7369,638,9,136809.0,2,1,1,106643.0,0,Spain,Male,30
7370,589,7,119961.0,1,1,0,65156.8,1,Germany,Male,55
7371,438,8,78398.7,1,1,0,44937.0,0,Germany,Male,31
7372,565,9,69129.6,1,1,1,170706.0,0,Germany,Male,59
7373,681,3,0.0,2,1,1,59679.9,0,Spain,Female,32
7374,477,6,131286.0,1,1,0,194144.0,0,France,Female,30
7375,597,9,0.0,2,1,0,49374.8,0,France,Male,33
7376,793,9,0.0,2,1,0,88225.0,0,Spain,Male,38
7377,760,1,0.0,2,1,1,25101.2,0,Spain,Female,57
7378,850,4,97990.5,2,0,0,106691.0,0,Germany,Female,40
7379,724,9,138166.0,1,1,0,12920.4,0,Germany,Male,31
7380,592,3,0.0,2,1,1,19645.7,0,France,Male,27
7381,850,1,105245.0,1,0,1,74780.1,0,France,Female,28
7382,599,4,0.0,2,0,0,13210.6,0,Spain,Male,36
7383,611,10,0.0,1,1,1,23598.2,1,France,Male,35
7384,521,7,0.0,2,0,1,653.58,0,France,Male,39
7385,626,2,103109.0,1,0,1,166475.0,1,Germany,Female,47
7386,526,9,190299.0,2,1,1,191264.0,0,Germany,Male,58
7387,608,6,0.0,1,1,0,93568.8,1,France,Male,50
7388,745,8,0.0,2,1,1,116581.0,0,Spain,Female,35
7389,598,10,171284.0,1,1,1,84136.1,0,Germany,Female,27
7390,838,6,61671.2,1,0,1,150659.0,1,Spain,Female,40
7391,535,9,109472.0,1,1,0,157358.0,1,Spain,Male,48
7392,678,6,118065.0,2,1,1,195424.0,0,France,Female,22
7393,643,3,170331.0,1,1,1,32171.8,0,Germany,Male,59
7394,677,3,133215.0,2,1,1,95936.8,0,Spain,Female,43
7395,705,0,184552.0,1,1,0,68860.3,1,Spain,Male,44
7396,595,10,0.0,1,1,0,73489.1,1,France,Male,46
7397,605,7,0.0,2,1,1,173952.0,0,France,Male,52
7398,729,10,0.0,2,1,0,189727.0,0,Spain,Female,38
7399,665,1,173433.0,1,0,1,116767.0,0,Spain,Female,40
7400,589,4,0.0,2,1,0,144181.0,0,Spain,Female,27
7401,558,0,126607.0,2,1,1,172364.0,0,Germany,Female,36
7402,585,4,152805.0,1,1,0,63239.6,0,France,Female,33
7403,699,6,147138.0,1,1,1,33687.9,0,Germany,Male,36
7404,748,0,0.0,1,0,0,60416.8,0,France,Male,40
7405,664,1,0.0,2,1,1,56562.6,0,France,Male,57
7406,738,5,0.0,2,1,1,96881.3,0,Spain,Male,36
7407,556,8,61354.1,1,1,0,198811.0,1,France,Female,51
7408,606,0,135984.0,2,1,0,186779.0,0,France,Female,35
7409,765,4,123311.0,2,1,1,82868.3,0,France,Male,42
7410,615,1,83503.1,2,1,1,73124.5,1,France,Male,34
7411,563,5,0.0,2,1,1,17603.8,0,France,Female,39
7412,662,0,98848.2,1,0,1,42730.1,0,France,Male,64
7413,705,3,0.0,2,1,1,34134.1,0,Spain,Female,57
7414,685,10,135214.0,1,1,1,125777.0,0,Spain,Male,31
7415,630,9,0.0,2,1,0,64804.6,0,France,Male,33
7416,686,9,141918.0,2,0,1,184036.0,0,Germany,Male,33
7417,553,5,127998.0,1,1,0,165379.0,1,Germany,Male,53
7418,487,4,135071.0,2,1,1,44244.5,1,Germany,Female,46
7419,751,3,159597.0,1,1,0,39934.4,0,France,Male,29
7420,637,8,147128.0,2,1,1,84760.7,0,Germany,Male,35
7421,727,8,0.0,1,1,1,198447.0,1,Spain,Male,71
7422,776,4,109421.0,2,1,1,126517.0,0,Germany,Female,32
7423,680,6,146422.0,1,1,0,67143.0,1,Germany,Male,34
7424,700,4,119010.0,1,1,0,141926.0,0,France,Male,26
7425,759,8,0.0,2,1,1,99086.7,0,Spain,Male,31
7426,773,10,0.0,2,0,1,69303.1,0,France,Female,40
7427,756,4,0.0,3,1,1,93081.9,0,France,Male,67
7428,512,6,0.0,2,1,0,88827.3,0,France,Female,30
7429,694,4,124067.0,1,1,1,77906.9,0,Germany,Male,33
7430,757,10,39539.4,2,0,0,192519.0,0,France,Male,31
7431,653,0,0.0,2,1,0,35795.9,0,France,Female,40
7432,597,2,85162.3,1,0,1,5104.08,1,Spain,Male,43
7433,850,4,120953.0,1,1,0,66963.1,0,Spain,Female,54
7434,602,7,76595.1,2,0,0,127095.0,0,Germany,Female,48
7435,504,0,131873.0,2,1,1,158037.0,1,Germany,Female,44
7436,570,8,0.0,1,1,1,124641.0,0,France,Female,33
7437,561,4,0.0,4,0,0,18522.9,1,France,Male,43
7438,568,10,109819.0,2,1,0,154491.0,0,Germany,Female,26
7439,821,8,0.0,1,1,1,36754.1,0,France,Female,28
7440,778,0,105618.0,2,1,1,133700.0,1,Germany,Female,37
7441,600,3,0.0,2,0,1,125699.0,0,France,Female,27
7442,726,7,99046.3,2,1,1,56053.1,0,Germany,Female,33
7443,531,7,121854.0,1,1,0,147521.0,0,France,Male,37
7444,745,6,0.0,2,1,0,154389.0,0,France,Female,28
7445,850,8,0.0,2,1,1,55593.8,0,France,Female,32
7446,663,10,0.0,1,1,1,114084.0,0,France,Male,34
7447,660,1,0.0,3,1,1,191849.0,1,France,Male,50
7448,745,2,122220.0,1,1,1,118024.0,0,France,Male,46
7449,834,2,131395.0,1,0,0,194366.0,1,France,Female,49
7450,386,1,131955.0,1,1,1,62514.6,1,Spain,Female,53
7451,484,7,133868.0,1,1,1,27286.1,0,Spain,Female,35
7452,567,5,92316.3,2,1,0,158591.0,1,Spain,Female,54
7453,692,7,150927.0,2,0,0,119817.0,0,Germany,Male,53
7454,769,2,0.0,1,1,1,57876.1,0,France,Female,27
7455,659,9,134465.0,2,1,0,178833.0,0,Germany,Male,34
7456,743,6,79388.3,1,1,1,193361.0,0,Spain,Male,35
7457,758,4,162658.0,2,1,1,115525.0,0,Germany,Male,32
7458,443,6,70438.0,2,0,1,56937.4,0,Spain,Male,36
7459,714,2,0.0,1,0,1,144045.0,1,France,Female,52
7460,582,9,148043.0,2,1,0,52341.1,0,Spain,Male,25
7461,682,2,0.0,1,1,1,114443.0,0,France,Female,46
7462,765,9,178096.0,1,0,0,47247.6,0,Spain,Female,32
7463,608,3,89763.8,1,0,0,199305.0,1,Spain,Female,41
7464,656,7,112291.0,1,1,0,153158.0,0,France,Male,37
7465,512,7,122403.0,1,0,1,37439.9,1,Germany,Male,41
7466,468,1,111682.0,2,1,1,195711.0,0,Germany,Male,29
7467,641,5,122948.0,1,1,1,99154.9,0,Germany,Male,32
7468,710,9,128284.0,1,1,0,32996.9,1,France,Male,43
7469,707,5,0.0,2,1,0,41052.8,0,France,Female,40
7470,557,3,87739.1,1,1,1,123097.0,0,France,Female,27
7471,676,7,131960.0,1,0,0,189269.0,0,France,Male,29
7472,660,0,90044.3,2,0,1,187605.0,1,France,Female,48
7473,673,7,82255.5,2,1,0,109546.0,0,France,Male,39
7474,673,5,168070.0,1,1,1,146992.0,1,France,Female,43
7475,729,5,117837.0,1,1,0,104017.0,1,Germany,Male,46
7476,667,5,0.0,2,1,1,102909.0,0,France,Male,34
7477,574,4,77967.5,1,1,0,167067.0,1,Spain,Male,36
7478,675,8,98373.3,1,1,0,18203.0,0,France,Female,21
7479,722,9,0.0,2,1,1,142033.0,0,Spain,Female,29
7480,584,7,130539.0,1,1,0,92915.8,0,Germany,Male,47
7481,731,6,0.0,2,1,1,151582.0,0,France,Male,19
7482,534,2,0.0,2,0,0,42763.1,1,France,Male,62
7483,721,3,88798.3,1,0,0,45610.6,0,Spain,Male,43
7484,554,10,0.0,1,0,0,92180.6,0,France,Male,24
7485,813,10,64667.9,2,0,1,140454.0,0,France,Female,62
7486,635,8,117006.0,1,0,1,123647.0,1,Germany,Male,53
7487,651,2,0.0,2,1,1,119809.0,0,Spain,Male,47
7488,610,4,111582.0,1,0,0,113943.0,0,France,Male,33
7489,688,6,124179.0,1,1,1,138759.0,0,Spain,Male,32
7490,666,10,0.0,2,1,0,102999.0,0,France,Male,39
7491,552,9,0.0,2,1,0,26752.6,0,Spain,Male,45
7492,630,1,0.0,2,0,1,162858.0,0,Spain,Female,49
7493,718,8,0.0,2,1,0,94820.9,0,France,Male,35
7494,562,7,0.0,1,0,0,48869.7,0,France,Male,35
7495,663,5,90248.8,1,1,1,79169.7,0,Germany,Male,42
7496,606,10,0.0,2,1,0,195209.0,0,France,Male,31
7497,590,7,125266.0,1,1,1,161253.0,0,Spain,Male,22
7498,790,9,0.0,1,0,0,14679.8,1,Spain,Female,46
7499,638,7,0.0,2,0,0,3946.29,0,Spain,Female,34
7500,561,3,0.0,2,1,0,191388.0,0,Spain,Female,28
7501,777,4,0.0,1,1,1,62449.1,1,France,Female,58
7502,585,4,0.0,2,0,1,101728.0,0,Spain,Female,44
7503,850,10,0.0,1,1,0,4861.72,1,France,Male,33
7504,756,1,103133.0,1,1,1,90059.0,0,France,Male,34
7505,688,6,0.0,1,1,0,25488.4,1,Spain,Female,35
7506,661,8,0.0,1,1,0,110253.0,0,Spain,Male,20
7507,518,10,84764.8,1,1,1,162254.0,0,France,Female,38
7508,757,5,140856.0,2,1,0,158735.0,0,Spain,Male,44
7509,630,5,0.0,2,1,1,27330.3,0,France,Male,67
7510,765,2,91549.8,1,1,1,47139.4,0,Spain,Male,45
7511,651,6,86714.1,1,1,0,85869.9,1,Germany,Female,45
7512,418,2,0.0,2,0,0,9041.71,0,France,Female,39
7513,707,6,109663.0,1,1,1,52110.4,0,Spain,Female,53
7514,645,4,0.0,2,0,1,97628.1,0,France,Male,32
7515,520,8,120019.0,2,1,1,343.38,0,Germany,Male,34
7516,762,5,134205.0,1,1,1,139971.0,0,Spain,Female,43
7517,736,9,0.0,2,0,0,176153.0,0,France,Female,29
7518,682,6,121819.0,2,0,1,124151.0,0,France,Male,50
7519,562,1,124663.0,1,1,1,65390.5,1,France,Female,51
7520,767,2,152509.0,1,1,1,136915.0,0,France,Female,44
7521,622,9,0.0,2,1,1,104853.0,0,Spain,Male,36
7522,526,9,118536.0,1,1,0,40980.9,1,Germany,Female,35
7523,543,6,73481.0,1,1,1,176693.0,0,Germany,Male,30
7524,850,8,92244.8,2,1,0,54949.7,0,Germany,Female,43
7525,512,8,153538.0,2,0,0,23101.1,0,Germany,Female,40
7526,741,2,69311.2,1,1,1,59237.7,0,France,Female,64
7527,831,9,80262.7,1,1,0,194868.0,0,Germany,Male,32
7528,636,3,97325.1,1,0,1,131924.0,0,Germany,Female,29
7529,669,0,150219.0,2,0,0,107839.0,0,France,Female,41
7530,515,6,0.0,2,1,1,160663.0,0,France,Female,66
7531,814,2,0.0,2,0,1,130853.0,0,Spain,Female,72
7532,612,5,144773.0,1,0,0,98302.6,1,Spain,Female,52
7533,806,5,80613.9,1,1,1,142839.0,0,France,Male,40
7534,639,8,133807.0,2,1,0,6251.3,0,Spain,Female,27
7535,642,7,0.0,2,1,1,101516.0,0,France,Female,55
7536,577,8,92472.1,2,0,1,126435.0,0,France,Female,30
7537,660,7,146301.0,1,0,0,96847.9,0,France,Male,30
7538,600,1,0.0,1,1,1,101986.0,0,France,Male,32
7539,656,4,118627.0,2,1,1,160835.0,0,Germany,Male,27
7540,817,8,0.0,1,0,0,65501.9,1,France,Male,44
7541,804,7,108397.0,1,1,0,128277.0,0,France,Male,25
7542,506,5,0.0,2,1,0,164253.0,0,France,Male,36
7543,551,9,82293.8,2,1,1,91565.2,0,Germany,Male,31
7544,636,3,118336.0,1,1,0,184692.0,0,France,Female,39
7545,733,5,91538.5,1,1,1,93783.0,0,Germany,Male,39
7546,654,5,0.0,1,0,1,71492.3,0,France,Female,37
7547,585,7,165610.0,2,0,0,131852.0,0,Germany,Female,39
7548,599,7,81742.8,2,1,0,83282.2,0,Spain,Female,46
7549,657,5,123770.0,1,0,0,47019.7,1,Germany,Female,38
7550,752,8,0.0,2,1,0,139844.0,1,France,Female,41
7551,632,2,0.0,2,0,0,165386.0,0,France,Female,34
7552,706,3,98415.4,1,1,1,110520.0,0,France,Male,30
7553,667,6,165798.0,1,1,0,147091.0,0,France,Male,28
7554,625,7,115895.0,1,1,0,48486.2,0,France,Female,37
7555,596,0,78126.3,1,1,1,153483.0,1,Spain,Female,54
7556,636,1,170833.0,1,1,0,110510.0,1,France,Female,48
7557,655,7,106198.0,1,0,1,32020.4,0,France,Female,26
7558,613,5,101243.0,2,1,0,12493.6,0,Germany,Female,50
7559,633,10,0.0,1,0,1,79408.2,0,Spain,Male,42
7560,479,1,0.0,2,0,0,114996.0,0,France,Male,40
7561,512,3,0.0,1,1,0,134878.0,0,Spain,Male,39
7562,782,6,147422.0,1,0,1,42143.6,0,Spain,Male,34
7563,519,1,146330.0,2,1,1,194867.0,0,France,Female,21
7564,635,1,0.0,1,0,1,24865.5,0,France,Male,29
7565,641,4,91547.8,2,0,1,28157.3,0,France,Female,26
7566,754,2,0.0,2,0,0,3524.69,0,France,Female,38
7567,576,9,70655.5,1,0,0,78955.8,1,France,Male,63
7568,833,1,96462.2,2,0,1,48986.2,0,Germany,Male,29
7569,696,7,0.0,2,1,1,82298.6,0,Spain,Female,36
7570,538,2,0.0,1,1,1,80130.5,0,France,Female,32
7571,777,3,0.0,2,1,1,17257.7,0,Spain,Female,35
7572,701,1,0.0,2,1,0,163458.0,0,France,Male,37
7573,624,2,79368.9,2,1,1,145472.0,0,France,Female,32
7574,783,5,106640.0,1,1,0,176946.0,0,Germany,Female,41
7575,787,0,58137.1,1,0,1,142538.0,0,France,Male,51
7576,644,4,153456.0,2,1,1,82696.8,0,Spain,Female,26
7577,738,3,0.0,3,1,1,65066.5,1,Spain,Male,49
7578,655,6,148363.0,1,1,1,186995.0,0,Germany,Male,67
7579,578,8,161593.0,1,1,0,177835.0,0,Spain,Female,28
7580,604,1,0.0,2,1,0,123207.0,0,France,Female,40
7581,537,2,0.0,2,1,1,137652.0,0,France,Male,39
7582,629,6,0.0,2,1,0,93881.8,0,France,Male,31
7583,619,1,125212.0,1,1,1,113410.0,0,France,Male,43
7584,754,7,141819.0,1,1,0,93550.5,1,Germany,Female,48
7585,594,7,81310.3,1,1,1,183868.0,0,France,Male,50
7586,513,10,0.0,2,0,1,25514.8,0,France,Male,29
7587,575,2,100062.0,1,0,0,126307.0,0,Spain,Male,41
7588,667,9,124573.0,2,0,0,683.37,0,Germany,Male,33
7589,581,2,143829.0,2,1,0,181224.0,1,Germany,Male,50
7590,554,2,120847.0,1,1,0,7611.61,1,Germany,Female,43
7591,619,2,167734.0,2,1,1,65222.5,0,France,Female,33
7592,632,6,86569.8,2,1,0,98090.9,0,Germany,Female,38
7593,724,2,160998.0,2,0,1,64831.4,0,Germany,Male,31
7594,596,2,131326.0,1,0,0,1140.02,1,Germany,Male,48
7595,507,3,58820.3,2,1,1,138536.0,0,France,Male,41
7596,707,4,132836.0,1,0,0,136877.0,0,Spain,Female,32
7597,682,7,128030.0,1,1,1,62615.4,0,Spain,Male,46
7598,604,10,0.0,2,1,1,129984.0,0,Spain,Female,71
7599,656,6,163975.0,1,1,1,36108.5,0,Spain,Male,69
7600,673,8,133445.0,1,0,1,5708.19,0,France,Female,44
7601,671,10,0.0,1,1,0,23235.4,0,Spain,Female,34
7602,719,7,0.0,2,1,1,125042.0,0,France,Female,54
7603,478,4,171914.0,1,1,0,51820.9,1,France,Female,38
7604,578,8,129745.0,1,1,1,143684.0,0,Germany,Female,36
7605,696,7,119499.0,2,1,1,174027.0,0,Germany,Female,66
7606,667,8,137464.0,1,1,0,130847.0,1,Germany,Female,56
7607,521,5,0.0,2,1,1,99828.5,0,France,Male,22
7608,601,0,0.0,2,1,0,165197.0,0,France,Female,38
7609,679,9,0.0,2,1,0,157872.0,0,France,Male,30
7610,706,9,117445.0,1,1,1,186239.0,0,France,Male,54
7611,667,6,0.0,1,1,0,88890.0,0,France,Male,42
7612,501,4,130806.0,2,1,0,80241.1,0,Germany,Male,24
7613,678,5,0.0,1,0,1,196794.0,1,France,Female,55
7614,713,1,163761.0,1,0,0,157381.0,1,Spain,Female,48
7615,615,5,0.0,2,1,0,159921.0,0,Spain,Male,19
7616,727,10,96997.1,2,0,0,76614.0,0,Spain,Female,31
7617,581,4,89299.8,1,0,0,5558.47,1,France,Male,54
7618,713,5,86394.1,1,1,1,130001.0,0,France,Male,43
7619,617,9,101708.0,1,1,0,123866.0,0,Spain,Female,37
7620,726,8,134152.0,1,1,1,147822.0,0,Spain,Male,30
7621,695,8,0.0,1,1,0,126382.0,1,France,Female,50
7622,777,10,0.0,2,1,0,189993.0,0,France,Female,53
7623,594,9,122417.0,2,0,1,190883.0,0,France,Male,40
7624,711,1,97486.1,2,1,0,50610.6,0,Germany,Female,45
7625,705,8,144102.0,1,1,1,11682.4,0,Spain,Female,39
7626,678,7,178074.0,1,0,0,110406.0,0,France,Female,43
7627,565,4,90323.0,2,0,1,118740.0,0,Germany,Female,32
7628,720,10,51962.9,2,1,0,45507.2,0,France,Male,26
7629,591,2,99886.4,2,1,1,88695.2,0,France,Male,40
7630,422,6,153239.0,1,1,0,11663.1,0,France,Male,41
7631,711,7,0.0,3,1,1,9679.28,0,France,Female,25
7632,707,10,0.0,2,1,1,152944.0,0,France,Female,42
7633,481,9,0.0,3,1,1,169719.0,1,France,Female,57
7634,845,8,164386.0,1,1,0,150665.0,0,France,Male,33
7635,680,7,0.0,2,1,0,20109.2,0,Spain,Male,36
7636,598,8,180294.0,2,1,1,29552.7,0,Germany,Male,20
7637,533,8,0.0,2,1,1,187900.0,0,France,Female,35
7638,577,6,0.0,1,1,1,167621.0,0,France,Male,41
7639,540,8,0.0,2,0,0,197588.0,0,Spain,Male,28
7640,746,4,0.0,1,0,1,94105.0,0,France,Female,24
7641,811,10,0.0,2,1,1,3797.79,0,France,Male,42
7642,740,4,172382.0,1,1,1,86480.3,0,France,Male,36
7643,470,9,0.0,2,0,1,89013.7,0,Spain,Male,34
7644,652,9,110827.0,1,1,1,153384.0,1,Germany,Female,45
7645,593,0,117705.0,1,1,0,197934.0,0,France,Female,39
7646,646,5,182877.0,2,1,1,42537.6,1,Spain,Male,25
7647,797,8,0.0,2,1,0,117917.0,0,Spain,Female,31
7648,562,9,120308.0,1,1,1,6795.61,0,Spain,Female,29
7649,439,3,138902.0,1,1,0,75686.0,0,Spain,Female,32
7650,474,5,142689.0,2,1,1,110953.0,0,Germany,Female,37
7651,648,10,82697.3,1,1,0,74846.7,0,France,Male,38
7652,841,7,154970.0,2,1,1,99505.8,0,Germany,Female,33
7653,819,10,0.0,2,1,0,30498.7,0,France,Female,38
7654,631,6,139130.0,1,1,1,63747.5,0,Germany,Female,22
7655,744,9,120718.0,1,1,1,58961.5,0,France,Male,31
7656,628,0,0.0,2,1,1,171708.0,0,France,Male,37
7657,729,6,0.0,2,1,0,151733.0,0,France,Male,44
7658,640,10,132436.0,1,1,0,978.66,0,France,Male,55
7659,528,6,102017.0,2,0,0,80181.1,0,France,Male,31
7660,628,6,0.0,2,0,0,184230.0,0,France,Male,33
7661,784,7,0.0,2,1,1,182610.0,0,Spain,Male,48
7662,619,6,99152.7,2,1,0,48475.1,0,Germany,Female,28
7663,741,9,0.0,2,0,1,139260.0,0,France,Female,21
7664,567,6,127679.0,2,0,0,45422.9,0,France,Male,38
7665,613,7,0.0,2,1,0,60297.7,0,France,Male,41
7666,635,3,81623.7,2,1,1,156791.0,0,Germany,Female,28
7667,729,3,152304.0,1,1,0,12128.7,0,France,Male,34
7668,688,2,0.0,1,0,0,27557.2,1,Spain,Female,33
7669,579,9,0.0,1,0,1,139048.0,0,France,Male,31
7670,788,8,141541.0,1,0,0,66013.3,0,Spain,Male,37
7671,702,9,90560.5,2,1,0,174269.0,0,Germany,Male,36
7672,648,3,0.0,1,1,0,54726.4,0,France,Female,34
7673,667,6,136101.0,2,0,0,169669.0,1,Spain,Female,23
7674,514,3,109032.0,1,0,1,155407.0,1,Germany,Female,45
7675,655,7,137145.0,1,1,0,115146.0,1,Germany,Female,46
7676,585,5,146051.0,2,0,0,86424.6,0,Germany,Male,36
7677,850,2,148587.0,1,1,1,176791.0,0,France,Female,39
7678,850,0,0.0,2,1,0,141243.0,0,Spain,Male,36
7679,435,8,114346.0,1,0,1,980.93,1,Germany,Male,37
7680,538,8,0.0,2,1,1,41192.9,0,Spain,Female,30
7681,579,9,0.0,2,1,0,112396.0,0,Spain,Female,31
7682,724,6,94615.1,2,1,1,10627.2,0,Germany,Male,36
7683,614,3,0.0,2,1,1,5552.37,0,France,Male,51
7684,778,7,109564.0,1,0,1,113047.0,0,France,Female,34
7685,642,3,113905.0,1,1,1,176137.0,0,Germany,Female,19
7686,718,8,79475.3,3,1,1,32421.3,1,France,Male,52
7687,534,4,120038.0,1,1,0,36275.9,0,France,Male,36
7688,781,7,186559.0,1,1,1,175071.0,1,France,Female,27
7689,581,8,0.0,2,0,0,29737.1,0,France,Male,41
7690,634,7,51582.5,2,1,1,184313.0,0,France,Female,37
7691,739,5,149131.0,3,1,1,60037.0,1,Germany,Male,40
7692,679,8,0.0,2,1,1,51380.9,0,France,Male,60
7693,582,8,121309.0,2,1,1,28750.7,0,Germany,Male,35
7694,554,6,108755.0,1,1,0,40914.3,1,Germany,Female,54
7695,744,3,0.0,2,1,0,27244.3,0,Spain,Male,34
7696,703,6,0.0,2,1,1,67667.2,0,Spain,Male,31
7697,700,8,110923.0,2,1,1,161846.0,1,France,Female,32
7698,554,4,0.0,2,1,1,135084.0,0,Spain,Female,27
7699,706,8,0.0,2,1,1,37480.0,0,France,Male,34
7700,671,1,178714.0,1,1,1,21768.2,0,Spain,Male,58
7701,805,9,130023.0,1,1,0,62989.8,1,Germany,Male,50
7702,640,3,0.0,1,1,1,105997.0,0,Spain,Male,39
7703,561,6,0.0,2,0,0,173680.0,0,France,Male,33
7704,562,2,0.0,1,0,1,52525.1,1,France,Male,37
7705,507,4,0.0,2,1,1,60688.4,0,Spain,Female,34
7706,570,0,107857.0,2,1,0,127529.0,0,Germany,Male,42
7707,738,2,0.0,2,1,1,170421.0,0,France,Male,29
7708,597,5,0.0,2,0,1,95159.1,0,Spain,Male,26
7709,627,1,62092.9,1,1,1,105887.0,0,France,Male,27
7710,709,4,154344.0,2,1,1,38794.6,0,France,Male,49
7711,503,7,0.0,1,0,1,192841.0,0,Spain,Male,25
7712,537,3,135309.0,1,1,0,31728.9,1,Germany,Male,39
7713,653,5,0.0,2,1,0,49707.9,0,France,Female,46
7714,727,10,0.0,2,0,1,47468.6,0,Spain,Female,41
7715,645,7,0.0,1,0,1,28667.6,0,France,Male,41
7716,509,8,132388.0,2,1,1,170360.0,0,France,Male,55
7717,601,2,0.0,1,1,0,49713.9,1,France,Female,43
7718,813,2,135078.0,1,1,0,187636.0,1,Germany,Male,59
7719,757,9,101861.0,2,0,0,187012.0,0,Germany,Female,34
7720,510,6,136214.0,1,0,0,159742.0,0,France,Female,26
7721,635,9,81231.9,2,1,0,196731.0,0,Germany,Female,36
7722,557,10,0.0,2,1,1,185094.0,0,Spain,Male,48
7723,587,1,134997.0,2,1,0,44688.1,0,France,Female,36
7724,550,8,150490.0,1,0,0,166468.0,1,France,Female,40
7725,520,3,116023.0,2,1,1,37577.7,0,Germany,Female,23
7726,709,9,124724.0,1,1,0,73641.9,0,Germany,Female,39
7727,667,7,156812.0,1,1,1,149403.0,0,France,Male,27
7728,684,4,207035.0,2,0,0,157695.0,1,Spain,Male,39
7729,764,1,0.0,2,1,1,11467.4,0,France,Female,44
7730,545,3,0.0,2,1,1,161327.0,0,Spain,Female,74
7731,743,1,131737.0,1,1,1,108543.0,0,Germany,Female,34
7732,674,9,0.0,2,1,0,4292.72,0,France,Female,42
7733,734,1,118537.0,1,1,1,116912.0,0,France,Male,51
7734,668,7,128646.0,1,1,0,92149.6,0,France,Female,37
7735,586,3,0.0,2,1,1,142239.0,0,France,Male,29
7736,820,1,0.0,2,1,1,119087.0,0,France,Female,49
7737,710,2,110407.0,2,0,0,15832.4,1,Germany,Female,24
7738,612,3,0.0,1,1,1,48108.7,0,France,Female,35
7739,550,8,111258.0,1,0,0,97623.4,1,Germany,Female,45
7740,699,8,0.0,2,1,1,52404.5,0,Spain,Female,25
7741,542,8,0.0,1,1,1,807.06,0,Spain,Male,37
7742,850,3,212778.0,1,0,1,69372.9,0,France,Female,37
7743,534,3,0.0,2,0,1,20856.3,0,Spain,Male,51
7744,679,6,0.0,2,1,1,98015.9,0,France,Female,33
7745,643,0,133313.0,1,1,1,3965.69,0,Spain,Female,20
7746,673,1,127123.0,3,0,1,76703.1,0,Germany,Female,34
7747,737,0,133378.0,1,0,1,64050.2,0,Germany,Male,35
7748,683,1,0.0,2,0,0,75762.0,0,France,Female,40
7749,597,4,88381.2,1,1,0,69384.7,1,France,Female,53
7750,679,8,119183.0,1,0,0,121210.0,0,Spain,Female,35
7751,705,3,92889.9,1,1,1,109497.0,0,Germany,Female,40
7752,689,3,0.0,2,1,1,192449.0,0,Spain,Female,28
7753,572,4,112290.0,1,1,0,49374.0,1,Germany,Male,39
7754,728,8,128413.0,1,0,1,139024.0,0,Spain,Female,43
7755,643,9,160858.0,2,1,0,27149.3,0,Germany,Male,28
7756,766,6,112088.0,2,1,1,36706.6,0,Germany,Male,43
7757,623,9,0.0,1,1,0,24255.2,0,France,Female,34
7758,664,6,172813.0,2,1,1,108009.0,0,Germany,Male,25
7759,762,6,141389.0,1,1,0,54122.9,0,France,Male,29
7760,779,10,80728.1,1,1,0,86306.8,0,France,Male,32
7761,754,7,0.0,2,1,0,144135.0,0,France,Female,27
7762,493,9,0.0,2,1,1,65816.5,0,France,Male,36
7763,797,10,83555.6,1,0,0,69767.1,0,Germany,Female,33
7764,844,8,0.0,2,0,0,147342.0,0,France,Female,29
7765,656,10,151763.0,1,0,1,127014.0,0,France,Male,18
7766,559,1,139183.0,1,0,1,143361.0,0,Spain,Female,31
7767,850,8,123126.0,1,1,0,74425.4,0,Germany,Female,26
7768,613,5,125168.0,1,1,0,199105.0,0,France,Female,27
7769,580,9,121355.0,1,0,1,35671.4,0,Germany,Male,35
7770,749,10,78136.4,2,1,1,73471.0,0,Germany,Male,46
7771,541,7,95710.1,2,1,0,49063.4,0,Germany,Male,40
7772,639,6,115335.0,2,1,1,53130.4,0,France,Female,50
7773,685,1,0.0,3,0,1,70221.1,1,France,Female,33
7774,798,4,111723.0,1,1,1,83478.1,0,France,Female,37
7775,616,7,193213.0,2,1,1,137393.0,0,Spain,Female,44
7776,760,1,141039.0,2,0,0,16287.4,0,Spain,Male,28
7777,792,1,127188.0,1,1,1,113553.0,0,France,Male,30
7778,679,7,74260.0,1,1,0,194618.0,0,France,Male,37
7779,453,3,139987.0,1,1,0,136847.0,0,Germany,Female,28
7780,769,4,61297.1,2,1,1,7118.02,0,France,Male,31
7781,557,3,123503.0,1,1,1,69826.8,0,France,Female,32
7782,555,7,128061.0,2,1,1,62375.1,0,Spain,Male,50
7783,730,5,167386.0,1,1,1,56307.5,0,Spain,Male,25
7784,766,4,90696.8,1,0,1,21597.2,0,Germany,Female,28
7785,697,6,151553.0,1,1,1,44946.3,0,France,Female,39
7786,519,9,0.0,2,0,1,145562.0,0,France,Male,36
7787,741,8,108712.0,2,1,0,24857.2,0,Germany,Female,19
7788,741,8,170840.0,2,0,0,109843.0,0,Germany,Female,37
7789,697,7,130334.0,2,0,1,116951.0,0,Spain,Female,40
7790,753,1,131161.0,1,1,0,197445.0,0,Germany,Female,47
7791,684,4,0.0,3,1,0,75609.8,0,France,Male,38
7792,469,5,0.0,2,1,0,186490.0,0,Spain,Male,35
7793,756,2,148201.0,1,0,0,194584.0,0,Germany,Female,34
7794,512,3,84327.8,2,1,0,17675.4,0,France,Female,36
7795,757,0,88084.1,2,1,1,154337.0,0,France,Female,71
7796,578,8,147487.0,2,1,0,66680.8,0,Germany,Male,34
7797,683,8,137732.0,2,1,1,133210.0,0,France,Female,73
7798,668,10,86978.0,1,0,1,37094.8,0,France,Male,38
7799,779,5,0.0,2,0,0,25951.9,0,France,Female,42
7800,635,8,127472.0,1,1,1,152916.0,1,France,Female,27
7801,707,1,92053.0,1,1,1,164064.0,1,France,Female,57
7802,480,5,121627.0,1,1,1,82438.1,0,Spain,Male,39
7803,628,6,53667.4,1,1,0,115023.0,0,Germany,Female,45
7804,586,7,151934.0,1,1,0,162960.0,1,France,Male,58
7805,640,7,132412.0,1,0,0,69584.3,1,France,Male,43
7806,633,4,150578.0,1,0,1,34670.6,1,France,Male,40
7807,779,9,106160.0,1,0,0,116894.0,0,France,Male,49
7808,609,6,0.0,2,1,1,97416.3,0,France,Male,40
7809,538,1,98548.6,2,0,1,94047.8,0,Germany,Female,42
7810,794,9,0.0,2,1,0,68008.9,0,Spain,Female,37
7811,755,9,148912.0,1,1,0,80416.2,0,France,Male,38
7812,507,2,134237.0,1,1,1,166424.0,1,Germany,Male,31
7813,576,4,137368.0,1,1,1,33450.1,0,Germany,Male,46
7814,637,9,137844.0,1,1,1,117623.0,1,Germany,Female,39
7815,850,0,106832.0,1,0,1,148978.0,0,France,Female,38
7816,793,0,0.0,1,0,0,148993.0,0,Spain,Female,36
7817,578,10,185967.0,1,0,0,9445.42,1,France,Male,59
7818,603,5,162391.0,2,1,0,54702.7,0,Spain,Female,39
7819,567,5,166118.0,2,1,0,127827.0,0,France,Female,35
7820,641,7,104406.0,3,1,0,17384.2,0,Germany,Male,41
7821,580,9,115442.0,2,1,0,128482.0,1,Germany,Male,38
7822,653,5,114268.0,2,1,1,89524.8,0,Germany,Female,38
7823,655,10,122314.0,1,1,0,9181.66,0,Germany,Female,36
7824,682,5,0.0,2,0,1,112555.0,0,France,Male,37
7825,632,1,0.0,2,1,0,19525.7,0,Spain,Female,32
7826,513,7,89039.9,2,1,1,146739.0,0,Spain,Male,39
7827,776,2,103769.0,2,1,0,194099.0,0,Germany,Female,37
7828,528,9,135556.0,1,1,0,133146.0,1,Germany,Female,46
7829,557,8,146200.0,1,1,0,177945.0,0,France,Male,39
7830,730,1,99010.7,1,1,0,194946.0,0,France,Female,39
7831,791,10,75499.2,1,1,0,22184.1,0,France,Female,31
7832,664,5,0.0,1,1,1,152054.0,0,France,Female,41
7833,662,3,0.0,2,0,1,68064.8,0,Spain,Male,33
7834,664,10,0.0,1,1,0,140173.0,1,France,Male,48
7835,639,5,151242.0,1,0,1,49637.6,0,Germany,Female,37
7836,738,1,130653.0,1,0,1,22762.2,0,France,Female,67
7837,612,9,0.0,1,0,0,142798.0,1,France,Female,33
7838,842,9,0.0,1,0,0,17268.0,0,Spain,Male,46
7839,545,9,110484.0,1,1,1,127395.0,0,Germany,Male,37
7840,580,8,103741.0,1,1,0,47428.7,1,Germany,Male,45
7841,723,0,153856.0,1,1,1,180862.0,1,Germany,Female,49
7842,682,6,122029.0,1,1,1,50783.9,0,Germany,Male,81
7843,772,0,101979.0,1,1,0,90928.5,0,Germany,Female,42
7844,589,8,92219.2,1,1,0,99107.0,0,Germany,Male,38
7845,613,9,131307.0,1,0,0,83343.7,0,France,Male,36
7846,554,6,135370.0,1,1,1,179689.0,1,Spain,Male,30
7847,645,1,128928.0,1,1,1,2850.01,0,Germany,Female,31
7848,739,8,126418.0,1,1,0,134421.0,1,Germany,Male,54
7849,673,4,0.0,2,0,0,163563.0,0,France,Male,37
7850,829,3,132406.0,3,1,0,104889.0,1,Germany,Male,28
7851,737,4,0.0,2,1,0,115115.0,0,France,Female,33
7852,750,7,121376.0,2,1,0,54473.6,1,France,Female,47
7853,790,10,148636.0,1,0,1,16120.0,1,France,Female,47
7854,735,2,103177.0,1,0,1,163516.0,0,Spain,Male,55
7855,845,2,81733.7,2,0,0,199761.0,0,Germany,Female,41
7856,578,1,157268.0,2,1,0,141533.0,0,Spain,Male,36
7857,665,7,90920.8,1,0,1,112257.0,0,France,Male,25
7858,680,1,0.0,2,1,0,167035.0,0,France,Female,34
7859,732,9,136576.0,1,0,1,3268.17,1,France,Male,55
7860,850,10,0.0,2,1,1,94815.0,0,Spain,Female,29
7861,703,3,0.0,3,1,1,77294.6,1,France,Female,51
7862,711,5,0.0,2,1,1,93960.0,0,Spain,Female,28
7863,699,2,0.0,1,0,0,105760.0,0,France,Female,49
7864,763,6,100161.0,1,1,0,33462.9,1,Germany,Male,42
7865,591,8,0.0,1,1,1,141677.0,0,Spain,Male,31
7866,666,3,110153.0,1,0,1,74849.5,0,Germany,Male,30
7867,529,2,116295.0,1,1,0,75285.5,0,France,Male,30
7868,594,0,152092.0,2,1,1,83508.9,0,Germany,Male,40
7869,633,0,0.0,1,1,1,6342.84,1,France,Female,47
7870,763,6,0.0,2,1,1,149705.0,0,Spain,Female,37
7871,550,3,0.0,1,1,1,179670.0,0,France,Male,37
7872,780,6,145581.0,1,1,1,154599.0,0,Spain,Female,33
7873,834,5,0.0,2,0,0,53437.1,0,Spain,Male,34
7874,652,3,137998.0,2,0,1,168990.0,0,France,Male,26
7875,577,8,79757.2,1,1,0,135651.0,1,Spain,Male,43
7876,621,1,0.0,2,1,1,168779.0,0,France,Male,32
7877,590,0,127763.0,1,1,0,100718.0,0,France,Female,32
7878,730,5,118866.0,1,1,1,163318.0,0,Spain,Male,38
7879,633,4,114553.0,1,1,0,73856.3,1,Spain,Male,63
7880,676,5,106837.0,2,1,0,84199.8,0,France,Male,35
7881,641,6,38340.0,1,1,0,32607.8,1,France,Male,65
7882,536,4,121899.0,1,0,0,131007.0,0,Germany,Female,44
7883,739,2,101579.0,1,1,1,72168.5,0,France,Male,58
7884,644,3,0.0,2,1,1,79928.4,0,France,Male,38
7885,673,4,0.0,2,1,0,121441.0,0,France,Female,42
7886,526,8,0.0,1,1,0,36251.0,0,Spain,Male,30
7887,678,3,145748.0,2,0,1,89566.7,0,Germany,Male,36
7888,687,9,152329.0,2,0,0,126495.0,0,Germany,Female,27
7889,634,8,76798.9,1,0,0,196022.0,0,Germany,Female,31
7890,551,4,0.0,2,1,0,53420.5,0,Spain,Male,32
7891,627,4,0.0,1,1,1,194314.0,0,Spain,Female,25
7892,672,4,92599.5,2,1,1,167337.0,0,France,Female,43
7893,787,7,117685.0,2,1,1,93360.4,0,France,Male,46
7894,670,3,0.0,2,1,0,46175.7,0,Spain,Female,32
7895,745,4,98270.3,1,1,0,133617.0,0,Germany,Male,35
7896,838,0,0.0,2,0,1,197306.0,0,Spain,Male,35
7897,588,9,67178.2,1,1,1,163535.0,1,Spain,Female,22
7898,758,5,0.0,2,0,0,100366.0,0,Spain,Female,35
7899,597,1,132144.0,1,1,0,158086.0,0,France,Female,29
7900,655,6,0.0,1,1,1,188639.0,0,France,Female,38
7901,593,2,76597.8,1,1,1,54453.7,0,Spain,Female,46
7902,594,7,96858.4,1,1,0,77511.5,0,Spain,Female,38
7903,662,4,133950.0,1,1,1,48725.7,1,France,Female,32
7904,625,5,0.0,1,1,0,99800.9,0,France,Male,39
7905,620,4,0.0,2,1,0,6232.31,0,France,Male,42
7906,533,4,70362.5,2,1,1,104189.0,0,Germany,Male,38
7907,653,3,125734.0,2,1,0,134625.0,1,Germany,Female,37
7908,797,4,129321.0,1,1,1,93624.5,0,Spain,Male,59
7909,655,3,0.0,2,1,0,159639.0,0,France,Female,34
7910,733,5,0.0,2,1,1,117202.0,0,France,Male,22
7911,655,4,0.0,2,0,0,110528.0,0,France,Male,38
7912,670,6,88294.6,1,1,0,66979.1,0,France,Male,33
7913,692,3,0.0,2,1,1,8282.22,0,France,Female,36
7914,614,4,137104.0,1,1,0,127166.0,1,France,Male,50
7915,765,2,0.0,2,0,1,191216.0,0,France,Male,41
7916,701,3,125385.0,2,0,1,52044.7,0,Germany,Male,38
7917,539,2,0.0,2,1,1,48189.9,0,Spain,Male,39
7918,518,3,0.0,2,1,0,76515.8,0,France,Male,46
7919,706,8,178033.0,1,0,1,42181.7,0,France,Female,35
7920,614,7,179916.0,1,0,0,14666.3,1,Spain,Female,41
7921,662,0,103472.0,1,1,1,162703.0,0,Germany,Male,33
7922,502,5,174674.0,2,1,0,33300.6,0,Germany,Male,33
7923,607,2,109484.0,2,0,1,127561.0,0,Germany,Female,24
7924,487,6,0.0,2,1,1,126477.0,0,France,Male,37
7925,539,8,105436.0,1,0,0,80575.4,1,Germany,Female,38
7926,613,5,131564.0,2,1,0,170639.0,0,Germany,Female,30
7927,532,1,159025.0,1,1,0,100983.0,1,France,Male,42
7928,678,1,0.0,2,1,1,187343.0,0,France,Male,40
7929,597,8,83693.3,2,1,1,161084.0,0,Germany,Male,52
7930,809,2,0.0,2,1,1,132908.0,0,France,Male,43
7931,649,8,110783.0,1,1,1,71420.2,0,Spain,Female,47
7932,630,6,0.0,2,1,1,82647.6,0,France,Male,37
7933,606,1,144758.0,2,1,1,166656.0,0,Germany,Male,40
7934,648,9,111370.0,2,1,1,91947.7,0,Germany,Male,44
7935,443,4,110939.0,1,1,0,72846.6,1,Germany,Male,59
7936,579,4,169377.0,1,1,1,123535.0,0,Germany,Male,49
7937,694,9,0.0,2,1,1,26960.3,0,France,Female,30
7938,773,4,0.0,2,0,0,123588.0,1,Spain,Male,51
7939,562,5,0.0,1,0,1,182843.0,0,Spain,Male,36
7940,480,6,0.0,2,0,0,48131.9,0,France,Female,28
7941,574,5,119014.0,1,1,0,103422.0,0,France,Female,39
7942,714,4,125169.0,1,1,1,106637.0,0,France,Female,31
7943,607,6,0.0,2,0,0,196062.0,0,France,Female,32
7944,772,3,112030.0,1,1,1,186948.0,0,Spain,Male,36
7945,692,10,118589.0,1,1,1,161242.0,1,Germany,Female,43
7946,601,1,142802.0,1,1,1,57553.0,0,Germany,Female,47
7947,640,1,106308.0,2,0,1,113429.0,0,Germany,Female,75
7948,757,1,129398.0,2,0,0,44965.4,0,Germany,Female,34
7949,632,3,107765.0,1,1,0,185668.0,0,France,Male,44
7950,664,7,97286.2,2,1,0,143433.0,0,Germany,Male,33
7951,593,6,171741.0,1,0,0,20893.6,0,France,Male,50
7952,592,8,0.0,1,1,1,28737.7,1,France,Male,54
7953,460,7,0.0,2,1,0,156150.0,1,France,Female,27
7954,663,10,0.0,2,1,0,136350.0,0,France,Male,36
7955,687,3,99587.4,1,1,1,1713.1,1,France,Female,35
7956,452,7,112936.0,1,1,1,99017.3,0,France,Male,30
7957,543,6,143350.0,1,1,1,192070.0,1,Germany,Male,41
7958,615,4,0.0,2,1,0,196476.0,0,France,Female,23
7959,606,3,93578.7,2,0,1,137721.0,1,France,Male,47
7960,749,1,129777.0,2,0,1,143539.0,0,France,Male,42
7961,697,1,182066.0,1,1,0,49503.5,0,France,Female,38
7962,571,1,99325.0,2,0,1,186052.0,0,France,Male,34
7963,581,3,0.0,2,0,0,89040.6,0,France,Male,31
7964,763,8,0.0,2,1,1,933.38,0,Spain,Male,37
7965,580,9,142188.0,2,0,1,128029.0,0,Spain,Male,32
7966,630,4,82034.0,1,0,0,146326.0,0,Spain,Male,32
7967,732,4,102963.0,1,1,0,120853.0,1,Germany,Female,48
7968,824,3,129209.0,1,0,0,60151.8,0,France,Male,45
7969,699,10,0.0,2,0,0,83263.0,0,France,Male,37
7970,646,8,0.0,2,0,0,92612.9,0,France,Male,24
7971,690,6,110480.0,1,0,0,81292.3,0,France,Female,36
7972,651,4,133433.0,1,0,1,151303.0,0,Germany,Female,41
7973,680,3,143293.0,1,1,0,66526.0,0,France,Male,34
7974,692,2,0.0,2,1,0,91829.2,1,France,Female,31
7975,630,0,118633.0,1,0,1,60032.5,1,France,Female,40
7976,421,8,122384.0,3,1,1,89017.4,1,Germany,Male,28
7977,490,3,97266.1,1,1,1,92797.2,0,Spain,Female,38
7978,590,3,154963.0,3,0,1,191932.0,1,Spain,Female,51
7979,635,4,81556.9,2,1,0,191914.0,0,Germany,Female,48
7980,520,8,95947.8,1,1,0,4696.44,0,France,Female,29
7981,651,7,138008.0,2,1,0,129913.0,0,Germany,Male,31
7982,666,1,53013.3,2,1,1,112223.0,0,Germany,Male,71
7983,660,5,110571.0,2,1,0,195907.0,0,France,Female,38
7984,517,5,0.0,2,1,0,103403.0,0,Spain,Female,29
7985,538,5,0.0,2,1,0,126962.0,0,France,Female,33
7986,531,6,88324.3,2,1,0,75248.8,0,Germany,Female,42
7987,482,2,69329.5,1,0,0,102641.0,1,Germany,Female,48
7988,596,6,0.0,1,1,0,74835.6,0,France,Male,47
7989,509,8,0.0,2,0,1,67431.3,0,France,Male,35
7990,760,8,121912.0,1,1,0,193312.0,0,France,Male,43
7991,712,6,134730.0,2,1,1,132703.0,0,Germany,Male,53
7992,716,1,0.0,1,1,1,152108.0,0,France,Female,44
7993,702,2,71281.3,1,1,1,108747.0,1,France,Male,26
7994,832,10,98590.2,1,1,0,30912.9,0,France,Female,27
7995,608,9,0.0,2,1,1,125062.0,0,France,Female,28
7996,686,9,134561.0,1,1,0,27596.4,0,France,Male,37
7997,809,8,148056.0,1,0,0,199203.0,0,Germany,Male,33
7998,610,5,86038.2,3,0,0,192743.0,1,Germany,Female,69
7999,607,7,0.0,3,0,1,10674.6,0,Spain,Female,32
8000,841,1,0.0,2,0,1,193094.0,0,Spain,Male,41
8001,677,6,98723.7,1,0,1,151147.0,0,Germany,Female,26
8002,677,1,78133.1,1,0,1,174226.0,0,France,Male,30
8003,554,9,0.0,2,1,1,40320.3,0,France,Female,30
8004,670,3,0.0,1,1,0,140754.0,1,France,Male,36
8005,593,5,85626.6,1,1,1,125080.0,0,Germany,Female,38
8006,634,2,107248.0,1,1,1,103712.0,1,Germany,Male,48
8007,748,8,85600.1,1,0,0,134078.0,0,Spain,Female,23
8008,612,6,130025.0,1,1,1,45750.2,1,Germany,Female,47
8009,698,4,101238.0,2,0,1,177816.0,1,France,Male,48
8010,612,7,110615.0,1,1,1,193503.0,0,France,Female,38
8011,620,3,0.0,2,0,1,153392.0,0,France,Female,29
8012,551,6,0.0,2,1,1,51143.4,0,France,Female,45
8013,606,3,161572.0,1,0,1,191076.0,0,Spain,Male,34
8014,802,7,0.0,1,0,1,40855.8,0,Spain,Male,51
8015,716,6,155115.0,1,0,0,133872.0,0,France,Female,44
8016,521,4,121326.0,1,1,1,164224.0,1,France,Male,27
8017,678,6,0.0,2,1,1,124593.0,0,France,Female,34
8018,597,4,64740.1,1,1,1,106841.0,0,France,Female,42
8019,682,3,115282.0,1,0,0,23766.4,0,France,Male,44
8020,626,4,88109.8,1,1,1,32825.5,0,Germany,Male,35
8021,758,8,125397.0,1,1,0,182184.0,1,Germany,Female,61
8022,835,4,124365.0,1,0,0,180198.0,1,Germany,Male,20
8023,523,8,123374.0,1,1,1,124907.0,0,France,Male,22
8024,730,2,0.0,2,1,1,186490.0,0,Spain,Male,62
8025,603,5,0.0,1,1,0,100479.0,1,France,Female,48
8026,702,8,14262.8,2,1,0,54689.2,0,Spain,Female,35
8027,754,5,146622.0,1,1,1,41815.2,1,France,Male,61
8028,579,4,175739.0,1,1,1,193131.0,0,France,Female,38
8029,682,10,200725.0,1,0,1,82872.6,1,France,Male,28
8030,673,1,108345.0,1,0,1,38802.0,0,France,Male,31
8031,730,6,140095.0,1,1,0,172450.0,1,Spain,Female,39
8032,528,7,0.0,2,1,0,60536.6,0,Spain,Male,36
8033,655,3,250898.0,3,0,1,81054.0,1,Spain,Male,38
8034,716,1,0.0,2,1,1,99661.5,0,France,Female,38
8035,599,7,119706.0,1,0,0,31190.4,0,France,Male,28
8036,563,6,0.0,2,1,1,39297.5,0,Spain,Male,57
8037,766,7,158787.0,2,0,1,47579.2,0,France,Female,27
8038,606,2,132164.0,1,0,1,164816.0,0,France,Male,35
8039,647,5,0.0,3,1,1,174205.0,1,Spain,Female,44
8040,610,6,107785.0,1,1,1,141138.0,0,France,Female,31
8041,778,9,151773.0,2,0,0,180250.0,1,France,Female,33
8042,595,7,0.0,2,1,0,41371.7,1,France,Female,53
8043,704,6,0.0,1,1,1,137739.0,0,France,Female,45
8044,676,8,0.0,2,1,1,118523.0,0,France,Female,61
8045,526,9,0.0,2,0,0,100996.0,0,France,Male,30
8046,623,0,0.0,1,1,0,196534.0,1,France,Male,45
8047,735,6,134141.0,1,1,0,2267.88,0,France,Male,55
8048,571,10,112897.0,1,1,1,121403.0,0,France,Male,40
8049,496,1,176024.0,2,1,0,182338.0,0,France,Female,41
8050,584,9,0.0,2,1,0,192381.0,0,France,Male,35
8051,683,5,95698.8,1,0,1,182567.0,0,Germany,Female,35
8052,589,7,0.0,2,0,0,95985.6,0,France,Female,39
8053,807,7,165969.0,3,1,0,156122.0,1,Spain,Female,28
8054,636,2,0.0,2,1,1,23129.5,0,France,Female,35
8055,732,9,137453.0,1,0,1,110932.0,1,Spain,Female,69
8056,771,1,0.0,2,0,0,41542.9,0,Spain,Male,18
8057,609,10,137390.0,2,1,0,170122.0,0,Germany,Female,40
8058,584,3,88311.5,2,1,1,177651.0,0,Germany,Male,33
8059,642,7,0.0,2,1,1,61120.8,0,France,Male,62
8060,570,10,176174.0,1,1,0,97045.3,1,France,Female,30
8061,569,6,106629.0,1,0,1,44114.9,0,Germany,Male,30
8062,766,3,104259.0,1,1,1,428.23,0,France,Female,26
8063,643,2,0.0,1,0,0,131302.0,0,Spain,Female,32
8064,722,0,125978.0,1,0,0,160162.0,0,Germany,Female,37
8065,600,9,0.0,2,1,1,58855.9,0,France,Female,38
8066,804,3,0.0,2,1,0,173195.0,0,France,Male,24
8067,733,1,102453.0,1,1,0,21556.9,0,Germany,Female,30
8068,651,2,0.0,3,1,0,102530.0,1,France,Male,44
8069,748,8,0.0,1,1,1,163332.0,0,France,Male,66
8070,698,5,98400.6,2,0,0,25017.3,0,France,Male,37
8071,544,5,105245.0,1,0,0,99922.1,1,Germany,Male,47
8072,760,3,91241.9,1,0,1,80682.4,0,Spain,Male,38
8073,747,7,155973.0,1,0,1,147554.0,0,France,Male,61
8074,614,6,0.0,2,0,1,104930.0,0,France,Male,44
8075,582,2,148942.0,1,1,1,116944.0,0,France,Male,50
8076,622,4,0.0,2,1,0,4459.5,0,Spain,Male,37
8077,558,1,0.0,2,0,0,111688.0,0,France,Male,35
8078,655,7,134398.0,1,0,0,28029.5,0,France,Female,20
8079,673,8,138160.0,1,1,1,110469.0,0,Spain,Male,39
8080,666,5,64646.7,1,1,0,128019.0,1,France,Male,53
8081,778,3,141804.0,1,0,1,179422.0,0,France,Male,37
8082,582,4,0.0,1,1,1,55763.7,0,France,Male,20
8083,561,2,168085.0,2,0,1,115719.0,0,Germany,Female,45
8084,654,6,0.0,2,1,1,137899.0,0,France,Male,32
8085,731,9,152244.0,1,1,1,88783.6,0,France,Female,41
8086,674,7,0.0,2,1,1,55753.1,1,France,Male,18
8087,769,8,0.0,1,0,1,21016.0,0,France,Female,39
8088,765,7,102709.0,1,1,0,9087.81,0,Germany,Male,37
8089,547,2,0.0,2,1,0,132003.0,0,France,Female,32
8090,626,0,0.0,2,0,0,187173.0,0,France,Female,32
8091,474,6,0.0,2,0,0,152491.0,0,France,Male,26
8092,569,7,0.0,2,1,0,52534.8,0,France,Male,43
8093,732,10,0.0,2,1,0,154189.0,0,France,Female,40
8094,850,8,0.0,2,1,1,37090.4,0,Spain,Male,39
8095,738,4,0.0,1,0,1,55725.0,1,France,Male,54
8096,641,7,0.0,2,1,0,75248.3,0,France,Male,37
8097,706,7,0.0,2,1,1,110899.0,0,Spain,Female,37
8098,669,7,146011.0,1,0,0,50249.2,0,France,Female,29
8099,582,9,135979.0,4,1,1,76583.0,1,France,Female,38
8100,705,8,0.0,2,1,1,14392.7,0,France,Female,55
8101,607,4,148826.0,1,1,1,79450.6,0,Germany,Male,47
8102,588,0,0.0,2,1,1,140586.0,0,France,Female,24
8103,564,0,110527.0,1,1,1,87060.8,0,France,Male,31
8104,551,1,150778.0,2,1,1,135757.0,0,Spain,Male,49
8105,729,9,132122.0,1,0,1,105409.0,0,France,Female,34
8106,704,6,133657.0,3,1,0,145071.0,1,Germany,Female,54
8107,625,7,0.0,1,1,0,4791.8,0,France,Female,44
8108,714,5,0.0,2,1,0,193040.0,0,Spain,Male,34
8109,820,10,97208.5,1,1,1,59553.3,0,Spain,Male,34
8110,645,8,149565.0,1,0,0,149914.0,0,Germany,Male,33
8111,350,0,109733.0,2,0,0,123602.0,1,Germany,Male,39
8112,643,6,0.0,2,1,1,41549.6,0,Spain,Female,35
8113,754,3,74896.3,1,0,0,34430.2,0,France,Male,39
8114,553,6,0.0,2,0,0,124597.0,0,France,Male,31
8115,675,3,54098.2,2,0,1,54478.5,0,Spain,Male,36
8116,826,4,129938.0,1,0,1,190201.0,0,Spain,Female,29
8117,590,0,64345.2,1,0,1,61759.3,1,Spain,Female,37
8118,597,7,0.0,2,0,0,167756.0,0,France,Male,45
8119,720,3,0.0,2,1,1,77047.8,0,Spain,Male,34
8120,713,1,0.0,1,1,0,107825.0,1,Spain,Female,47
8121,733,9,102290.0,1,1,1,115442.0,0,Spain,Female,31
8122,615,4,130386.0,1,0,1,130662.0,0,France,Male,41
8123,540,7,127802.0,1,0,1,84239.5,0,Germany,Male,35
8124,769,9,148846.0,1,1,0,192832.0,1,Germany,Male,60
8125,685,9,0.0,1,1,0,167034.0,0,France,Male,35
8126,614,7,99462.8,2,1,1,51117.1,0,Germany,Male,32
8127,654,2,112263.0,1,1,0,12873.4,0,France,Male,36
8128,744,10,0.0,2,1,1,182868.0,0,France,Male,36
8129,793,3,141806.0,1,1,0,102921.0,0,France,Female,41
8130,626,2,133969.0,2,1,0,148690.0,0,France,Female,37
8131,483,5,136836.0,1,1,0,192360.0,1,France,Female,44
8132,664,1,0.0,2,1,1,95372.6,0,France,Male,36
8133,537,7,158412.0,4,1,1,117691.0,1,Germany,Female,37
8134,578,7,0.0,2,0,0,102234.0,0,France,Female,40
8135,616,6,0.0,2,1,1,27308.6,0,France,Male,18
8136,729,7,38550.1,1,0,1,179230.0,0,France,Female,32
8137,682,10,128307.0,1,0,1,66040.8,0,France,Female,64
8138,553,7,64082.1,1,0,1,109160.0,0,France,Male,32
8139,705,7,117716.0,1,1,0,2498.67,0,France,Male,34
8140,681,6,121231.0,1,1,1,146366.0,0,Spain,Female,37
8141,687,8,95368.1,2,1,1,1787.85,0,Germany,Male,44
8142,653,4,83773.0,1,0,1,23920.7,0,France,Female,32
8143,745,3,99183.9,1,1,1,28922.2,0,Germany,Male,51
8144,615,9,0.0,1,1,0,87347.8,0,France,Female,30
8145,447,10,0.0,1,1,1,151816.0,0,France,Female,32
8146,518,9,125962.0,2,1,0,160303.0,1,Germany,Male,29
8147,750,6,0.0,1,1,1,117948.0,1,France,Female,37
8148,702,6,116122.0,1,1,0,61602.4,0,Spain,Male,43
8149,620,9,0.0,2,1,0,13133.9,0,Spain,Male,29
8150,531,3,114591.0,1,0,0,75585.5,0,France,Male,29
8151,631,10,134170.0,1,1,1,176730.0,0,Spain,Male,27
8152,723,6,0.0,2,1,1,94415.6,0,Spain,Male,38
8153,699,7,0.0,2,1,1,22684.8,0,France,Male,28
8154,748,2,90971.9,1,1,1,131662.0,0,Germany,Female,27
8155,452,1,98443.1,2,0,0,92034.0,0,Germany,Male,52
8156,617,7,91070.4,1,1,1,101840.0,0,Spain,Male,61
8157,529,1,157499.0,1,1,1,82276.6,0,France,Male,42
8158,598,1,101487.0,1,1,1,75959.1,1,Germany,Male,38
8159,661,7,0.0,2,1,0,72196.6,0,France,Female,30
8160,758,2,95813.8,3,1,1,67944.1,1,France,Female,50
8161,488,2,0.0,2,1,1,181271.0,0,France,Female,34
8162,609,7,140695.0,2,1,0,46266.6,0,Spain,Male,34
8163,634,9,0.0,2,0,0,17622.8,0,France,Male,45
8164,644,10,139181.0,1,1,1,19959.7,0,France,Female,40
8165,629,6,0.0,2,1,1,88842.8,0,Spain,Male,29
8166,737,9,87542.9,2,1,1,42576.9,0,France,Female,70
8167,598,4,111157.0,1,1,1,167376.0,0,France,Female,32
8168,612,5,0.0,3,0,0,151256.0,0,France,Male,41
8169,717,7,58469.4,2,1,1,172459.0,0,Germany,Male,35
8170,791,5,129829.0,1,1,1,181918.0,1,Germany,Male,35
8171,569,2,0.0,2,1,0,134273.0,0,Spain,Male,41
8172,752,6,83870.3,1,1,0,178722.0,0,Spain,Male,44
8173,617,10,0.0,2,1,1,53950.0,0,France,Male,74
8174,720,3,45752.8,2,1,0,79623.3,1,Spain,Male,64
8175,535,9,0.0,1,1,0,149893.0,1,France,Female,48
8176,768,5,180169.0,2,1,0,17348.6,0,France,Female,36
8177,528,7,176227.0,2,0,1,139482.0,0,France,Female,27
8178,571,9,139593.0,3,1,0,104153.0,1,Germany,Male,37
8179,751,4,0.0,2,1,1,81442.6,0,France,Male,42
8180,604,7,0.0,2,1,0,193021.0,0,France,Female,34
8181,763,7,0.0,2,1,0,19458.8,0,Spain,Female,39
8182,651,8,0.0,2,1,0,91652.4,0,Spain,Female,36
8183,774,5,0.0,2,1,1,64716.1,0,France,Female,26
8184,802,9,127415.0,1,1,1,134459.0,0,France,Male,29
8185,591,4,150635.0,1,1,1,72274.8,0,Germany,Female,34
8186,483,1,0.0,2,1,1,110059.0,0,France,Male,48
8187,611,2,0.0,2,0,0,25395.8,0,France,Male,28
8188,582,4,0.0,2,1,0,59668.8,0,France,Female,32
8189,401,8,128140.0,1,1,0,175754.0,1,Germany,Male,48
8190,625,9,0.0,2,1,0,157073.0,0,France,Male,22
8191,555,5,0.0,3,1,0,189123.0,1,France,Male,51
8192,532,3,148596.0,1,1,0,74838.6,1,France,Male,44
8193,523,2,121164.0,1,1,1,59938.8,0,France,Female,28
8194,748,3,0.0,2,1,1,78194.4,0,Spain,Male,60
8195,553,6,85200.8,2,1,1,160574.0,0,Germany,Male,43
8196,691,5,114754.0,1,1,0,107665.0,0,Germany,Female,38
8197,814,6,87772.5,1,1,0,188516.0,0,France,Female,31
8198,632,2,72549.0,2,0,1,182729.0,0,Germany,Male,30
8199,669,1,157849.0,1,0,0,37543.9,1,France,Male,25
8200,612,5,119799.0,2,1,0,159417.0,0,Spain,Female,36
8201,684,7,0.0,2,1,0,131094.0,0,France,Female,43
8202,748,4,141574.0,1,1,0,82158.1,0,Spain,Male,36
8203,806,3,63763.5,1,1,0,156593.0,0,France,Female,32
8204,595,7,0.0,2,1,1,168086.0,0,Spain,Male,23
8205,438,2,0.0,2,1,0,136860.0,0,France,Male,38
8206,684,10,126384.0,1,1,1,198129.0,0,Germany,Female,48
8207,608,5,146093.0,2,0,0,160593.0,0,France,Male,37
8208,640,7,0.0,2,1,1,131098.0,0,France,Male,28
8209,778,4,0.0,2,1,1,162809.0,0,France,Male,24
8210,551,5,0.0,1,1,0,183479.0,0,France,Female,36
8211,547,9,72392.4,1,1,0,77077.1,0,Germany,Female,30
8212,712,9,100606.0,1,1,0,165693.0,0,France,Male,32
8213,587,1,0.0,2,1,1,97932.7,0,Spain,Female,34
8214,564,9,100252.0,1,1,1,146034.0,0,Spain,Male,37
8215,642,7,100434.0,1,1,1,39768.6,0,Spain,Male,32
8216,718,10,0.0,1,1,0,184475.0,1,France,Female,49
8217,573,4,0.0,2,1,1,196517.0,0,Spain,Male,38
8218,590,5,160980.0,1,0,1,13848.6,0,France,Female,76
8219,524,6,0.0,1,1,1,132862.0,1,Spain,Female,32
8220,512,8,145150.0,1,1,0,64869.3,1,France,Female,41
8221,645,4,0.0,1,0,1,174917.0,1,Spain,Male,45
8222,850,6,124788.0,1,1,0,65612.1,0,France,Male,40
8223,686,1,115096.0,2,0,0,78622.5,0,Germany,Female,27
8224,850,1,0.0,2,1,1,80006.6,0,France,Male,38
8225,694,10,143835.0,1,0,1,33326.7,0,France,Male,37
8226,598,9,0.0,1,0,1,13181.4,1,France,Female,64
8227,607,8,108005.0,1,1,1,23386.8,1,Spain,Female,62
8228,512,1,0.0,2,1,1,52471.4,0,France,Male,43
8229,590,1,0.0,2,0,0,133536.0,0,Spain,Male,37
8230,731,10,123712.0,2,1,0,171341.0,1,France,Female,38
8231,639,7,149940.0,2,0,0,156649.0,0,Spain,Male,34
8232,789,9,116644.0,2,1,1,60176.1,0,Germany,Female,43
8233,796,1,94164.0,1,1,1,189415.0,0,France,Female,50
8234,741,7,143638.0,2,0,1,174228.0,0,Spain,Male,39
8235,593,5,142658.0,2,0,1,135337.0,0,Germany,Female,38
8236,590,5,0.0,2,1,0,59249.8,0,France,Male,32
8237,608,1,106649.0,1,0,1,7063.6,0,Germany,Male,26
8238,521,2,87212.8,1,1,1,994.86,0,Germany,Female,29
8239,509,7,126684.0,1,0,1,114776.0,0,Spain,Male,41
8240,586,5,130232.0,2,1,1,192427.0,0,France,Male,27
8241,694,5,0.0,1,1,0,35593.2,0,Spain,Male,31
8242,567,1,0.0,2,0,0,8555.73,0,France,Male,36
8243,669,1,125530.0,1,1,1,162261.0,0,France,Male,37
8244,725,6,0.0,2,1,1,190777.0,0,France,Female,29
8245,723,5,131695.0,1,0,1,92873.5,1,Germany,Male,52
8246,565,2,158651.0,2,1,1,179445.0,0,Germany,Female,38
8247,749,8,141783.0,2,0,0,86333.6,0,Germany,Female,40
8248,810,5,0.0,2,0,1,184525.0,0,France,Female,51
8249,648,8,90371.1,1,1,1,146852.0,0,Germany,Female,28
8250,627,0,185267.0,2,1,1,77027.3,0,Germany,Male,27
8251,602,8,0.0,2,1,1,152844.0,0,France,Female,35
8252,750,7,119566.0,1,1,0,87067.7,0,Spain,Female,39
8253,650,9,0.0,2,0,1,191600.0,0,Spain,Male,41
8254,638,7,0.0,2,1,1,198970.0,0,France,Female,34
8255,514,7,0.0,1,0,1,125010.0,0,Spain,Male,30
8256,591,4,129269.0,1,1,0,163504.0,0,Germany,Male,46
8257,819,8,168253.0,1,1,1,102799.0,0,Spain,Female,28
8258,512,1,0.0,2,0,1,156105.0,0,France,Female,37
8259,824,8,134250.0,3,0,0,153046.0,1,Germany,Male,60
8260,363,6,146098.0,3,1,0,100615.0,1,Spain,Female,28
8261,684,3,99967.8,1,1,1,176882.0,0,Germany,Male,35
8262,750,1,133200.0,2,1,1,27366.8,0,Germany,Female,37
8263,756,6,119209.0,1,1,0,169764.0,1,Spain,Male,38
8264,660,4,0.0,1,1,0,29664.4,0,Spain,Male,33
8265,607,9,132440.0,1,1,0,177748.0,0,Spain,Male,34
8266,841,9,108132.0,1,0,1,60830.4,0,France,Male,74
8267,705,3,144428.0,2,1,0,113845.0,0,France,Male,33
8268,435,2,57017.1,2,1,1,5907.11,0,Germany,Male,32
8269,632,2,100014.0,1,1,0,24275.3,0,France,Male,43
8270,512,2,123404.0,2,1,0,80120.2,0,Germany,Female,32
8271,592,4,212693.0,1,0,0,176395.0,0,France,Male,37
8272,636,6,0.0,2,1,1,2382.61,0,France,Male,31
8273,656,10,0.0,1,1,1,136522.0,0,France,Male,38
8274,654,6,0.0,1,0,0,183873.0,1,France,Male,40
8275,630,9,0.0,2,1,1,114006.0,0,France,Male,34
8276,643,4,115143.0,1,1,1,148099.0,0,Germany,Male,25
8277,607,9,119960.0,2,1,0,103068.0,0,France,Female,49
8278,654,5,105684.0,1,1,0,173617.0,0,Spain,Male,40
8279,783,6,0.0,2,1,0,109743.0,0,France,Male,40
8280,570,3,0.0,2,0,0,820.46,0,France,Female,46
8281,728,3,122690.0,2,0,0,106978.0,1,France,Male,37
8282,648,4,0.0,2,1,0,19283.1,0,France,Male,42
8283,634,3,145031.0,1,1,1,41820.6,0,France,Male,34
8284,707,8,136679.0,1,1,0,54290.6,0,France,Male,33
8285,692,2,0.0,2,1,1,105983.0,0,Spain,Male,46
8286,622,9,83456.8,2,0,0,38882.3,0,France,Female,39
8287,774,1,110647.0,1,0,0,108804.0,0,Spain,Female,43
8288,653,4,0.0,2,1,0,120736.0,0,Spain,Male,30
8289,676,1,69459.0,2,1,1,128461.0,0,Germany,Male,28
8290,633,6,0.0,2,0,0,41642.3,0,France,Female,30
8291,761,2,0.0,2,1,0,61251.2,0,Spain,Female,34
8292,667,9,0.0,1,1,1,96670.2,0,France,Male,40
8293,650,2,140891.0,3,1,1,179834.0,1,Germany,Female,55
8294,619,3,100489.0,2,0,1,36446.7,0,Germany,Female,33
8295,596,6,0.0,2,1,0,116697.0,0,Spain,Female,29
8296,717,4,0.0,2,1,1,170529.0,0,France,Female,59
8297,686,3,129626.0,2,1,1,103221.0,0,Germany,Male,39
8298,537,6,103163.0,1,1,0,16259.6,1,Germany,Female,47
8299,788,6,0.0,1,1,1,25571.4,0,France,Female,41
8300,705,4,0.0,2,1,1,191314.0,0,France,Male,61
8301,745,3,88466.8,1,0,0,116331.0,0,Spain,Male,40
8302,445,7,145057.0,1,1,1,175894.0,0,France,Male,31
8303,553,3,116528.0,1,0,0,145704.0,1,Spain,Male,47
8304,583,4,0.0,2,1,0,114094.0,0,Spain,Female,40
8305,592,0,0.0,1,1,0,65986.5,1,Spain,Male,38
8306,482,5,97318.2,1,0,1,78416.1,0,France,Male,55
8307,719,3,0.0,2,1,1,58320.1,0,France,Male,69
8308,585,2,0.0,2,1,0,98621.0,1,France,Female,35
8309,420,1,108378.0,2,1,1,9904.63,0,Germany,Female,31
8310,652,1,131908.0,1,1,1,179270.0,0,Germany,Female,26
8311,568,5,0.0,2,1,1,129570.0,0,Spain,Male,39
8312,787,1,126589.0,2,0,1,62163.5,0,France,Male,33
8313,844,2,160980.0,1,0,0,145936.0,0,France,Male,18
8314,580,3,153946.0,1,1,1,7418.92,0,Spain,Male,67
8315,707,3,0.0,2,1,0,174303.0,0,France,Male,47
8316,769,7,115102.0,1,0,0,57841.9,1,Germany,Male,34
8317,559,3,145874.0,1,1,0,56311.4,1,Spain,Male,38
8318,625,1,177069.0,2,1,1,96088.5,0,France,Male,37
8319,650,4,142393.0,1,1,1,11276.5,0,Germany,Male,34
8320,582,4,65848.4,2,1,0,30149.2,0,Spain,Male,26
8321,427,9,0.0,2,1,0,28368.4,0,Spain,Female,39
8322,735,1,178718.0,2,1,0,22388.0,0,France,Female,21
8323,467,10,114515.0,2,1,0,177785.0,1,Germany,Male,51
8324,709,2,0.0,2,0,0,109681.0,0,France,Female,32
8325,759,1,104091.0,1,0,0,91561.9,0,France,Female,38
8326,579,2,145844.0,1,1,1,198402.0,1,Spain,Male,43
8327,585,6,152497.0,1,1,1,99907.3,0,Germany,Male,37
8328,796,5,0.0,2,0,1,54871.0,0,Spain,Male,67
8329,663,8,96769.0,1,1,1,36864.1,0,Spain,Female,33
8330,452,7,153663.0,1,1,0,111868.0,0,Germany,Male,33
8331,687,8,69434.4,2,1,1,66580.1,1,Spain,Male,38
8332,775,4,125213.0,2,1,1,15795.9,1,Germany,Female,38
8333,711,8,0.0,2,0,0,48260.2,0,France,Male,34
8334,602,9,113672.0,2,0,0,102136.0,0,Spain,Male,30
8335,609,2,147900.0,1,1,0,140000.0,0,France,Female,35
8336,692,7,0.0,2,1,1,18826.3,0,France,Female,30
8337,669,4,149714.0,3,1,1,124872.0,1,France,Male,50
8338,719,5,137227.0,3,1,0,149097.0,1,Germany,Female,42
8339,808,3,124217.0,1,0,1,171442.0,0,Germany,Male,39
8340,802,4,90757.6,2,0,1,169184.0,0,Germany,Female,41
8341,779,7,120093.0,2,1,0,135926.0,0,Germany,Male,37
8342,715,0,0.0,2,1,1,332.81,0,France,Female,38
8343,636,9,95478.2,1,0,0,169287.0,0,France,Male,35
8344,743,10,144677.0,3,1,0,22512.4,1,Germany,Male,45
8345,600,1,0.0,2,1,1,91193.6,0,France,Female,41
8346,656,7,138705.0,2,1,0,37136.1,0,France,Male,33
8347,689,6,121021.0,1,1,1,12182.2,0,Spain,Female,38
8348,834,6,0.0,1,1,0,74287.5,0,France,Female,28
8349,504,3,134937.0,2,0,0,135179.0,0,France,Male,42
8350,653,6,0.0,1,1,0,50695.9,1,France,Male,47
8351,675,8,121326.0,1,1,0,133458.0,0,Germany,Female,29
8352,650,1,132188.0,2,1,1,178331.0,0,Spain,Male,32
8353,662,2,126363.0,2,1,1,97382.8,0,France,Female,22
8354,458,1,106870.0,2,1,0,100564.0,0,Germany,Female,43
8355,685,4,104720.0,2,1,0,38691.3,0,France,Male,20
8356,665,8,96147.5,1,1,0,137038.0,0,France,Female,41
8357,690,8,0.0,2,1,1,155783.0,0,France,Male,21
8358,535,5,122925.0,1,0,0,62390.6,1,Spain,Female,30
8359,536,4,121520.0,1,0,0,77178.4,0,Germany,Female,35
8360,549,9,0.0,2,1,1,14406.4,0,Spain,Female,24
8361,760,9,91503.0,1,1,0,117233.0,1,Germany,Female,49
8362,669,1,123950.0,1,0,0,110882.0,0,Germany,Male,45
8363,636,9,126535.0,1,1,1,39789.6,0,Spain,Male,76
8364,713,7,144606.0,1,1,1,56594.4,1,Germany,Female,38
8365,837,2,126733.0,1,1,1,79577.4,0,Germany,Male,38
8366,487,6,61691.4,1,1,1,53088.0,0,Spain,Male,44
8367,751,8,0.0,2,0,1,179292.0,0,Spain,Male,52
8368,681,2,173306.0,1,0,1,131965.0,0,Spain,Female,57
8369,756,6,149050.0,1,0,1,50422.4,1,Germany,Male,41
8370,490,3,145260.0,1,0,1,114067.0,0,Spain,Male,31
8371,785,1,0.0,1,1,0,134965.0,1,France,Female,38
8372,786,0,122326.0,1,0,0,34712.3,1,Germany,Female,33
8373,601,5,0.0,1,0,0,20708.6,0,France,Female,37
8374,719,0,0.0,1,1,0,126876.0,0,Spain,Male,38
8375,470,4,55732.9,2,1,1,103793.0,0,Spain,Male,31
8376,555,8,145876.0,1,1,0,137491.0,0,France,Male,31
8377,758,5,0.0,2,1,0,95009.6,0,Spain,Male,35
8378,593,5,0.0,1,1,0,128047.0,0,Spain,Male,44
8379,733,9,111347.0,2,0,1,194873.0,0,Germany,Male,38
8380,755,2,137431.0,2,0,0,176769.0,0,Germany,Male,40
8381,558,7,0.0,2,1,0,166720.0,0,Spain,Female,31
8382,501,3,107748.0,1,1,0,9249.36,0,France,Female,34
8383,604,3,148659.0,1,0,0,42437.8,0,France,Male,33
8384,683,4,148284.0,1,1,1,44692.6,1,France,Female,42
8385,755,6,104817.0,1,1,0,126014.0,1,France,Male,41
8386,750,2,113817.0,1,0,0,88333.7,0,Spain,Female,37
8387,850,3,100476.0,2,1,1,136539.0,0,Spain,Male,33
8388,695,4,0.0,2,1,1,137537.0,0,France,Male,46
8389,624,9,94667.3,2,0,1,4470.52,0,Germany,Male,27
8390,539,8,71460.7,2,1,1,10074.0,0,Spain,Male,38
8391,581,2,127914.0,2,1,1,44205.9,0,Germany,Male,41
8392,588,10,129418.0,1,1,0,153727.0,0,Germany,Female,34
8393,718,9,169947.0,2,1,1,27979.2,0,Germany,Male,32
8394,538,8,0.0,2,1,1,25554.4,0,Spain,Male,40
8395,708,3,0.0,1,0,1,121458.0,1,France,Male,34
8396,599,10,143888.0,2,1,1,166236.0,1,Germany,Female,49
8397,641,9,112495.0,1,1,1,32231.6,0,France,Male,31
8398,473,8,152576.0,2,1,0,73073.7,0,Germany,Male,40
8399,733,9,120095.0,1,1,0,184056.0,0,France,Male,42
8400,588,6,132624.0,3,1,0,36292.9,1,Germany,Male,49
8401,836,4,109197.0,2,1,0,55218.0,0,Germany,Female,32
8402,685,6,0.0,1,1,0,58458.3,0,France,Male,33
8403,761,7,132730.0,1,1,0,199293.0,0,Spain,Male,37
8404,616,6,0.0,1,1,1,12916.3,1,Spain,Female,36
8405,605,3,116806.0,1,0,0,4092.75,0,Spain,Female,29
8406,544,3,66483.3,1,0,1,110317.0,0,Spain,Male,22
8407,600,6,108909.0,1,1,0,82547.0,0,France,Female,26
8408,610,2,0.0,2,1,0,14546.8,0,France,Female,27
8409,635,2,113635.0,1,1,0,90883.1,0,Spain,Male,35
8410,522,3,0.0,2,1,1,3894.34,0,France,Female,34
8411,775,4,0.0,2,0,1,57461.1,0,Spain,Male,30
8412,850,8,67639.6,2,1,1,194245.0,0,France,Male,28
8413,644,8,0.0,2,0,1,44965.5,1,France,Male,48
8414,592,6,80285.2,1,1,0,72678.8,1,Spain,Male,35
8415,686,10,0.0,1,1,1,144273.0,1,France,Female,41
8416,714,1,0.0,1,1,0,152168.0,1,France,Male,46
8417,636,6,113600.0,2,1,0,158887.0,1,Germany,Male,49
8418,703,9,0.0,2,1,0,50679.5,0,Spain,Male,29
8419,603,9,145623.0,1,1,0,163182.0,0,Germany,Female,35
8420,521,6,0.0,2,1,0,51454.1,0,France,Male,38
8421,595,4,96553.5,2,1,0,143952.0,1,Germany,Female,44
8422,735,5,0.0,2,0,0,71095.4,0,Spain,Male,34
8423,681,4,122782.0,1,0,1,140167.0,0,France,Male,59
8424,540,4,0.0,3,1,1,186233.0,1,France,Male,22
8425,593,4,119703.0,2,1,1,109783.0,0,Germany,Female,41
8426,529,9,0.0,2,1,1,52545.2,0,France,Male,28
8427,762,6,130429.0,1,1,0,173366.0,0,France,Male,26
8428,743,2,131936.0,1,1,1,96399.7,1,Germany,Male,65
8429,733,3,0.0,2,1,1,75272.6,0,France,Male,64
8430,521,3,146409.0,1,0,0,72993.7,0,Spain,Female,39
8431,694,8,98218.0,2,1,0,182354.0,1,Germany,Female,37
8432,621,6,0.0,1,1,0,155155.0,0,France,Female,40
8433,451,6,0.0,2,1,0,184954.0,0,France,Male,33
8434,487,2,96019.5,1,0,0,9085.0,0,France,Female,34
8435,751,6,169831.0,2,1,1,27758.4,0,Germany,Female,36
8436,589,9,83495.1,1,1,1,143022.0,1,Germany,Female,19
8437,562,3,111100.0,2,0,0,140650.0,0,France,Male,30
8438,552,4,0.0,1,1,1,190297.0,1,France,Male,49
8439,639,8,0.0,2,1,0,126561.0,0,Spain,Male,28
8440,656,9,143267.0,2,0,0,193099.0,0,France,Male,46
8441,592,7,0.0,2,1,1,126726.0,0,France,Female,37
8442,850,3,109800.0,2,1,1,12457.8,1,Spain,Male,51
8443,817,7,129811.0,1,1,1,59259.4,0,Germany,Female,27
8444,700,8,0.0,2,1,1,105306.0,0,France,Female,42
8445,668,8,187535.0,1,1,1,32900.4,1,France,Male,42
8446,681,2,111093.0,1,1,0,68986.0,0,Spain,Male,30
8447,706,7,111288.0,1,1,1,149170.0,1,Germany,Female,46
8448,684,8,0.0,2,1,0,188637.0,0,Spain,Female,31
8449,587,9,0.0,1,1,0,64593.1,0,France,Male,55
8450,490,0,139659.0,1,1,1,176254.0,0,Germany,Female,41
8451,568,8,150837.0,1,0,0,64516.8,1,Germany,Male,46
8452,687,9,0.0,1,0,1,69829.4,0,France,Female,72
8453,510,2,0.0,2,1,1,48071.6,0,France,Male,65
8454,624,6,0.0,2,0,0,76551.7,0,Spain,Male,33
8455,691,3,103001.0,1,1,1,104649.0,0,Spain,Male,21
8456,690,6,112690.0,1,1,0,176962.0,0,France,Male,35
8457,480,6,148791.0,1,0,1,79329.7,0,France,Male,40
8458,743,5,0.0,2,0,0,113079.0,1,France,Male,43
8459,503,5,0.0,2,1,0,125918.0,0,France,Female,28
8460,543,5,137482.0,1,0,0,62389.4,0,France,Male,35
8461,683,4,0.0,2,1,0,171717.0,0,France,Male,39
8462,710,3,119670.0,1,1,0,188022.0,0,Spain,Female,29
8463,620,9,71902.5,1,0,1,190208.0,0,France,Male,28
8464,527,0,0.0,1,1,0,109524.0,0,France,Male,32
8465,625,0,148507.0,1,1,0,46824.1,1,Germany,Male,56
8466,712,3,87375.8,2,0,0,166195.0,0,France,Female,29
8467,626,3,0.0,1,0,0,80190.4,0,France,Female,35
8468,658,4,0.0,1,1,1,147530.0,0,France,Female,39
8469,663,2,0.0,2,1,0,153295.0,0,France,Female,33
8470,573,4,152522.0,1,0,1,164038.0,1,Germany,Female,47
8471,633,6,125130.0,1,0,0,125961.0,0,France,Female,36
8472,632,5,147651.0,1,1,1,199675.0,0,France,Male,40
8473,698,1,112415.0,2,0,0,93982.0,1,Germany,Male,56
8474,815,4,0.0,2,0,1,198490.0,0,France,Male,35
8475,582,6,114450.0,1,1,1,14081.6,0,Germany,Male,26
8476,713,6,94598.5,1,0,0,197520.0,1,France,Male,33
8477,718,6,0.0,2,1,0,146876.0,0,Spain,Male,28
8478,520,9,105388.0,1,1,1,25059.1,0,France,Male,35
8479,663,5,157274.0,2,1,1,28531.8,0,France,Male,33
8480,614,3,151915.0,1,0,0,56459.4,0,Spain,Male,39
8481,656,2,0.0,2,1,1,180553.0,0,France,Male,40
8482,627,2,0.0,2,1,0,125451.0,0,France,Female,27
8483,661,7,95357.5,1,0,0,102297.0,0,Spain,Female,28
8484,609,6,113317.0,1,1,0,108258.0,1,Germany,Female,71
8485,747,4,80214.4,1,1,0,115242.0,1,France,Male,42
8486,663,9,0.0,1,1,0,29135.9,1,Spain,Female,22
8487,573,2,0.0,2,1,1,91957.4,0,France,Male,31
8488,778,8,104291.0,2,1,1,117507.0,0,Spain,Male,40
8489,624,10,123401.0,2,1,1,127825.0,0,France,Male,51
8490,520,1,123086.0,1,1,1,41042.4,1,Germany,Female,45
8491,794,9,123681.0,3,1,0,173587.0,1,France,Female,62
8492,723,3,94661.5,2,1,0,121240.0,0,Germany,Male,37
8493,701,2,0.0,1,1,0,47856.8,0,France,Female,41
8494,671,7,106604.0,2,1,1,26387.7,0,France,Male,34
8495,685,7,0.0,1,1,0,72852.7,1,France,Female,40
8496,534,9,0.0,2,1,0,161344.0,0,France,Male,27
8497,813,6,111348.0,1,1,0,46422.5,0,Germany,Male,27
8498,737,9,0.0,1,1,0,83470.4,1,France,Male,54
8499,725,9,0.0,2,1,1,168608.0,0,France,Female,25
8500,593,7,98752.5,1,1,0,145560.0,0,France,Female,46
8501,449,0,155619.0,1,1,1,166692.0,0,Spain,Male,32
8502,481,1,111233.0,1,1,1,123995.0,0,Spain,Male,39
8503,535,7,115310.0,1,1,0,111422.0,0,Spain,Female,49
8504,788,3,135139.0,1,0,1,113086.0,0,France,Female,39
8505,678,1,0.0,2,1,0,45443.7,0,France,Female,26
8506,706,8,112890.0,1,0,1,6723.66,0,Germany,Female,39
8507,800,2,168190.0,2,1,0,68052.1,0,France,Female,38
8508,738,8,100566.0,1,1,1,128800.0,0,Spain,Female,37
8509,589,1,100896.0,1,1,1,68075.1,0,France,Male,36
8510,755,5,0.0,2,0,1,194661.0,0,France,Male,31
8511,616,9,0.0,2,0,0,93717.5,0,France,Male,40
8512,630,3,129371.0,4,1,1,47775.3,1,Germany,Male,50
8513,616,6,117900.0,2,0,0,150267.0,0,Germany,Female,42
8514,659,4,145982.0,1,1,1,131043.0,0,France,Male,67
8515,722,1,120172.0,1,1,0,125241.0,0,Spain,Female,35
8516,752,4,129515.0,1,1,1,102930.0,0,Germany,Male,29
8517,733,5,0.0,2,0,0,12761.2,0,France,Female,28
8518,733,3,161885.0,1,1,1,9617.24,0,France,Female,24
8519,622,5,119380.0,1,1,1,60429.4,0,France,Male,59
8520,500,4,0.0,2,1,0,12834.0,0,France,Female,34
8521,771,5,0.0,2,0,1,92914.7,0,Spain,Female,41
8522,753,1,117315.0,1,1,0,122021.0,1,Germany,Female,38
8523,697,4,165686.0,2,1,0,15468.0,0,France,Female,25
8524,539,1,130923.0,2,0,0,2186.83,0,Spain,Female,37
8525,715,9,102278.0,1,0,0,177853.0,1,Germany,Female,34
8526,666,2,124125.0,1,1,0,81884.8,0,Germany,Male,33
8527,536,9,0.0,2,1,1,11959.0,0,Spain,Male,40
8528,624,7,118794.0,1,1,1,95022.0,1,France,Male,55
8529,741,1,78737.6,1,1,1,13019.0,0,Spain,Male,50
8530,732,7,126196.0,1,1,1,133172.0,0,France,Male,36
8531,625,7,141268.0,1,0,1,177397.0,0,France,Female,40
8532,660,1,118402.0,2,1,0,14288.9,0,Germany,Male,28
8533,817,3,114328.0,2,1,1,42831.1,0,Germany,Male,58
8534,726,5,126876.0,1,1,0,128052.0,0,France,Female,38
8535,592,9,0.0,3,1,1,10656.9,0,Spain,Male,37
8536,645,2,93925.3,1,1,0,123982.0,1,Germany,Male,41
8537,649,0,0.0,2,0,1,130567.0,0,France,Male,41
8538,850,8,154870.0,1,1,1,54191.4,0,Germany,Female,30
8539,660,0,114669.0,1,1,0,84605.0,0,France,Female,32
8540,643,9,0.0,2,0,0,155871.0,0,France,Male,62
8541,660,6,167686.0,1,1,0,57929.9,0,France,Female,20
8542,583,8,102945.0,1,0,0,52861.9,0,Germany,Male,39
8543,664,6,71142.8,2,1,0,122433.0,0,Germany,Male,36
8544,564,7,206330.0,1,1,1,46632.9,1,France,Female,36
8545,606,5,190479.0,2,0,0,179352.0,0,Germany,Male,36
8546,497,6,0.0,1,1,1,90055.1,0,France,Male,47
8547,629,8,108601.0,1,1,1,119648.0,0,Germany,Male,28
8548,620,0,0.0,2,1,1,38015.3,0,Spain,Male,38
8549,471,8,0.0,2,1,1,179656.0,0,Spain,Male,26
8550,686,2,109343.0,2,0,1,86043.3,0,Germany,Male,35
8551,631,2,0.0,2,1,1,158269.0,0,Spain,Male,33
8552,641,5,102145.0,1,1,1,100637.0,0,Spain,Male,40
8553,473,6,69617.4,1,1,0,143346.0,0,France,Female,35
8554,850,0,0.0,2,1,0,44165.8,0,France,Male,42
8555,478,2,0.0,1,0,1,93332.6,1,France,Female,50
8556,632,3,133794.0,1,1,1,34607.1,1,France,Female,44
8557,534,5,170601.0,1,0,1,5240.53,0,Spain,Male,34
8558,449,7,0.0,2,0,0,175744.0,0,France,Female,21
8559,503,6,0.0,2,0,0,136507.0,0,Spain,Male,37
8560,543,5,140356.0,1,1,1,85086.8,0,Spain,Female,46
8561,832,9,107649.0,2,1,1,134639.0,0,Germany,Female,40
8562,717,1,99106.7,1,0,0,194467.0,0,Spain,Male,33
8563,535,6,0.0,2,0,1,49775.6,0,France,Female,27
8564,725,6,0.0,1,0,0,61326.4,0,France,Female,31
8565,850,0,141830.0,1,1,1,92748.2,0,Spain,Male,39
8566,616,5,102016.0,1,0,1,178235.0,1,France,Male,44
8567,756,5,149363.0,2,1,1,109098.0,0,Germany,Female,39
8568,619,4,0.0,1,0,0,18095.0,1,France,Female,48
8569,549,1,130622.0,2,1,1,128500.0,0,Germany,Female,37
8570,621,8,68683.7,1,1,1,74157.7,0,Spain,Male,42
8571,648,9,162924.0,1,1,0,98368.2,0,France,Male,26
8572,701,7,0.0,2,0,1,27597.6,0,Spain,Male,59
8573,583,6,125268.0,2,1,0,165082.0,0,France,Male,51
8574,475,8,119023.0,1,1,0,100816.0,0,France,Female,32
8575,592,1,126477.0,1,0,0,179718.0,0,France,Male,36
8576,850,1,104077.0,2,0,1,68594.0,0,France,Male,36
8577,811,7,117799.0,1,1,1,182372.0,0,France,Male,31
8578,647,9,80958.4,1,1,1,128591.0,0,Spain,Male,32
8579,562,6,136855.0,1,1,0,46864.0,0,France,Male,45
8580,695,7,0.0,2,1,0,160388.0,0,Spain,Male,35
8581,554,7,87603.4,3,0,1,96929.2,1,Spain,Female,46
8582,850,9,92899.3,2,1,0,97465.9,0,France,Female,34
8583,752,5,116060.0,1,1,0,156618.0,1,Spain,Male,48
8584,592,10,123188.0,1,0,1,146111.0,0,Germany,Male,36
8585,763,8,0.0,2,1,0,16725.5,0,Spain,Female,32
8586,769,10,0.0,2,0,0,187926.0,0,France,Female,25
8587,498,2,121968.0,2,0,1,188343.0,0,Germany,Male,35
8588,599,2,0.0,2,1,0,111191.0,0,Spain,Female,49
8589,705,3,109974.0,1,1,1,36320.9,1,Germany,Female,37
8590,661,6,132629.0,1,0,0,38812.7,0,Spain,Male,39
8591,797,10,0.0,4,1,1,49418.9,1,France,Female,55
8592,629,9,137409.0,1,1,0,175878.0,1,France,Female,40
8593,685,7,74896.9,1,1,0,198694.0,0,Spain,Male,40
8594,488,8,97588.6,1,0,0,124211.0,0,France,Female,31
8595,844,10,76319.6,1,1,1,141175.0,1,France,Female,41
8596,730,3,0.0,1,1,0,34542.4,0,Spain,Male,26
8597,703,5,0.0,2,1,0,131906.0,0,France,Female,45
8598,795,4,0.0,2,0,0,155712.0,0,Spain,Male,29
8599,634,2,148431.0,1,1,1,56055.7,0,Germany,Male,38
8600,850,0,116969.0,1,0,0,175095.0,0,Germany,Female,32
8601,535,5,0.0,2,0,1,52709.6,0,France,Female,29
8602,685,4,0.0,2,1,1,35884.9,0,Spain,Male,38
8603,596,2,0.0,2,1,1,1591.19,0,Spain,Male,29
8604,760,6,58003.4,1,1,0,90346.1,0,Germany,Female,34
8605,542,9,0.0,1,1,0,8342.35,0,France,Male,29
8606,612,0,64900.3,2,1,0,102426.0,0,France,Female,33
8607,639,5,136526.0,2,1,0,59653.0,0,Spain,Female,35
8608,801,1,79954.6,2,1,1,30484.2,0,Spain,Male,58
8609,640,9,117565.0,2,0,0,82559.8,0,France,Female,50
8610,568,3,132952.0,1,0,1,124486.0,0,France,Female,38
8611,705,9,0.0,2,0,1,112331.0,0,France,Male,25
8612,709,4,122918.0,1,1,1,11.58,1,Germany,Male,45
8613,528,7,104745.0,1,1,0,170263.0,0,Spain,Male,23
8614,549,9,95020.8,3,1,1,131711.0,1,Germany,Male,41
8615,606,6,82373.9,1,0,0,172527.0,1,France,Male,37
8616,635,2,125725.0,2,1,0,63237.0,0,France,Female,47
8617,586,8,106969.0,1,1,1,79367.0,1,Germany,Male,46
8618,651,4,0.0,1,0,0,84383.2,1,France,Female,56
8619,700,1,135179.0,1,1,0,160670.0,0,France,Male,37
8620,717,5,190306.0,1,1,0,99347.8,1,Spain,Female,42
8621,551,2,143340.0,1,1,0,145796.0,0,Germany,Female,30
8622,672,1,35741.7,1,1,0,28789.9,0,Germany,Female,21
8623,550,5,0.0,2,1,0,153917.0,0,Spain,Male,51
8624,540,1,88382.0,1,0,1,59457.0,0,Spain,Male,67
8625,446,4,105056.0,1,0,0,70613.5,0,France,Female,51
8626,595,2,138879.0,1,0,1,112270.0,0,Germany,Female,41
8627,633,2,103997.0,1,1,1,103159.0,0,France,Male,59
8628,701,9,0.0,2,1,1,110044.0,0,Spain,Female,39
8629,600,8,133379.0,1,1,0,177379.0,1,Germany,Male,43
8630,771,3,105230.0,1,1,1,16281.7,1,France,Male,50
8631,565,0,122448.0,1,0,0,67339.3,0,Spain,Male,38
8632,565,6,106192.0,1,1,0,149576.0,0,France,Male,36
8633,701,5,169743.0,1,1,1,153538.0,1,France,Male,40
8634,572,4,118287.0,2,0,0,60427.3,0,Germany,Male,26
8635,741,8,0.0,2,1,0,143599.0,0,France,Male,32
8636,665,8,191403.0,2,1,0,83238.4,0,France,Male,28
8637,604,7,165413.0,1,1,1,35279.7,0,Germany,Male,25
8638,714,3,0.0,2,1,1,95623.3,0,France,Male,35
8639,678,1,133237.0,1,1,0,111033.0,1,France,Male,43
8640,682,4,0.0,1,1,0,176036.0,0,Spain,Female,58
8641,434,9,119497.0,1,1,0,125849.0,0,Germany,Male,71
8642,566,3,0.0,1,0,0,188136.0,0,France,Male,34
8643,752,3,183102.0,1,1,1,71557.1,0,Germany,Male,38
8644,660,1,84560.0,1,1,1,137784.0,0,Spain,Male,31
8645,727,6,114423.0,2,1,1,104679.0,1,Germany,Male,45
8646,850,2,80931.8,1,0,0,12639.7,1,Germany,Female,35
8647,705,10,106732.0,1,1,0,137420.0,1,Germany,Female,44
8648,675,1,0.0,2,1,0,153129.0,0,France,Male,39
8649,513,2,0.0,1,1,1,114709.0,1,Spain,Male,48
8650,590,8,0.0,2,1,1,143628.0,0,France,Male,43
8651,850,9,0.0,2,0,1,119232.0,0,France,Male,40
8652,647,4,138937.0,1,1,1,101618.0,1,France,Male,41
8653,670,1,142632.0,2,1,1,175894.0,0,Germany,Male,31
8654,367,6,93608.3,1,1,0,168817.0,1,Spain,Male,42
8655,681,3,0.0,2,1,1,112492.0,0,France,Male,38
8656,592,5,137223.0,1,0,0,39608.6,0,France,Male,28
8657,591,7,183027.0,1,1,1,56028.8,0,France,Male,35
8658,696,4,87637.3,2,0,0,196111.0,0,France,Male,27
8659,711,9,91285.1,2,1,1,26767.8,0,France,Male,58
8660,718,7,0.0,2,1,0,30380.1,0,France,Female,25
8661,846,10,142389.0,2,0,1,68393.6,1,France,Female,34
8662,773,2,118079.0,4,1,1,143007.0,1,Germany,Male,47
8663,789,8,151608.0,1,1,0,4389.4,0,Germany,Male,33
8664,727,1,59271.8,1,1,1,46019.4,0,France,Male,32
8665,687,1,125141.0,2,1,1,148537.0,0,Germany,Male,35
8666,769,7,0.0,2,1,0,176844.0,0,France,Female,26
8667,525,7,0.0,2,0,1,168035.0,0,Spain,Female,60
8668,691,9,116536.0,1,1,0,51988.0,0,France,Female,29
8669,588,6,121132.0,2,1,0,86460.3,0,Spain,Male,34
8670,706,10,104478.0,3,0,1,158249.0,1,Germany,Female,48
8671,568,5,145106.0,2,1,0,185489.0,0,France,Male,28
8672,690,5,0.0,2,1,0,108578.0,0,France,Male,29
8673,740,9,0.0,2,1,0,19047.2,0,France,Male,39
8674,478,6,71187.2,1,1,1,110594.0,0,France,Female,32
8675,706,2,185932.0,2,1,0,65413.4,0,Germany,Female,44
8676,726,0,185735.0,1,1,1,102037.0,0,France,Female,34
8677,776,2,0.0,2,1,1,112350.0,0,France,Female,31
8678,544,2,108896.0,1,0,0,69228.2,1,Germany,Male,44
8679,850,9,0.0,2,1,0,185821.0,0,France,Female,28
8680,706,0,140641.0,2,1,1,77271.9,0,Germany,Male,34
8681,644,9,137774.0,2,1,0,151903.0,0,Germany,Male,47
8682,751,10,147738.0,1,0,1,94951.3,0,France,Male,29
8683,649,5,0.0,2,1,1,58309.5,0,Spain,Male,20
8684,697,7,175465.0,3,1,0,116442.0,1,France,Male,32
8685,659,4,118342.0,1,0,0,161574.0,0,France,Male,31
8686,849,6,0.0,2,1,1,169204.0,1,France,Female,41
8687,555,3,105771.0,3,1,0,60534.0,1,France,Female,44
8688,748,7,0.0,2,0,0,10792.4,0,France,Female,20
8689,535,2,133040.0,1,1,1,110300.0,0,France,Male,33
8690,670,4,0.0,2,1,1,11426.7,0,France,Male,68
8691,564,4,0.0,2,1,0,53520.0,0,France,Male,31
8692,773,4,0.0,1,0,1,144113.0,0,France,Male,52
8693,793,8,119496.0,2,1,0,29881.0,0,France,Male,56
8694,651,7,0.0,2,1,0,823.96,0,France,Male,28
8695,731,3,0.0,2,1,0,37697.3,0,Spain,Female,26
8696,616,2,0.0,2,1,0,199100.0,0,Spain,Male,30
8697,555,9,0.0,2,0,1,158918.0,0,Spain,Female,26
8698,730,9,0.0,2,0,0,176577.0,0,Spain,Female,33
8699,620,6,0.0,2,1,0,56139.1,0,France,Male,32
8700,635,10,0.0,2,1,1,61994.2,0,Spain,Female,41
8701,545,5,114422.0,1,1,0,180598.0,1,Germany,Male,53
8702,671,8,119860.0,2,1,0,125423.0,0,Germany,Male,28
8703,765,4,124182.0,1,0,0,100153.0,0,France,Male,41
8704,774,3,137782.0,1,0,0,199316.0,0,France,Female,42
8705,546,6,0.0,1,0,1,20508.8,0,France,Female,20
8706,719,8,0.0,1,1,1,165162.0,0,Spain,Female,35
8707,650,3,165982.0,2,1,1,24482.2,0,Germany,Female,35
8708,635,3,0.0,2,1,0,91086.7,0,Spain,Female,37
8709,552,3,0.0,1,1,1,40333.9,0,Spain,Male,55
8710,698,0,92053.4,1,1,1,143682.0,0,Spain,Female,40
8711,645,8,121670.0,2,0,0,91.75,1,Germany,Female,59
8712,566,7,144955.0,2,1,0,102246.0,0,Germany,Male,22
8713,686,1,0.0,2,1,0,87278.5,0,France,Female,34
8714,712,1,106882.0,2,0,0,169387.0,0,France,Female,37
8715,808,1,0.0,2,1,1,46200.7,0,France,Male,32
8716,748,0,152336.0,1,1,0,126743.0,1,France,Male,60
8717,485,3,133658.0,1,1,0,70209.8,0,Germany,Male,34
8718,595,5,0.0,2,0,0,105150.0,0,Spain,Female,43
8719,616,4,122794.0,1,1,1,62002.0,0,Germany,Female,45
8720,602,10,0.0,2,1,1,116053.0,0,France,Male,32
8721,805,5,0.0,2,1,0,21928.8,0,Spain,Male,37
8722,762,6,123572.0,3,0,1,57014.2,1,Germany,Male,46
8723,475,6,0.0,1,1,1,56999.9,1,France,Male,39
8724,494,5,107106.0,2,1,0,172063.0,0,Germany,Male,37
8725,668,7,0.0,2,1,1,777.37,0,France,Male,32
8726,501,4,142051.0,2,0,1,74940.5,0,France,Male,44
8727,645,7,90612.3,1,1,1,149139.0,0,France,Female,48
8728,602,1,138912.0,1,1,1,139495.0,0,Spain,Female,42
8729,598,5,88379.8,3,0,1,64157.2,1,Germany,Female,50
8730,622,9,0.0,2,1,0,119127.0,0,Spain,Male,42
8731,628,1,97361.7,1,1,1,149922.0,1,Germany,Female,61
8732,745,7,0.0,2,1,1,67769.9,0,France,Female,46
8733,769,2,0.0,2,0,0,75578.7,0,France,Female,38
8734,602,3,0.0,2,1,1,171261.0,0,France,Female,72
8735,765,5,84557.8,1,1,1,69039.4,0,Spain,Female,33
8736,647,1,91216.0,1,1,1,41800.2,0,Spain,Female,64
8737,781,7,92526.1,2,1,1,173838.0,0,Germany,Male,35
8738,547,9,0.0,2,0,0,99294.2,0,Spain,Female,31
8739,663,8,61274.7,2,1,0,136054.0,0,Spain,Female,28
8740,382,0,0.0,1,1,1,179541.0,1,Spain,Male,36
8741,560,9,0.0,1,0,1,183358.0,0,Spain,Female,33
8742,614,2,116249.0,1,1,0,105141.0,0,France,Male,38
8743,627,6,0.0,1,0,0,91943.9,1,Spain,Female,55
8744,661,7,109908.0,2,1,0,115038.0,1,Germany,Male,37
8745,593,8,151392.0,1,1,0,27274.6,1,Germany,Female,39
8746,575,2,0.0,2,1,1,119928.0,0,France,Male,24
8747,714,3,119545.0,2,1,0,65482.9,0,Germany,Male,26
8748,676,6,171491.0,1,0,0,79099.6,0,France,Male,33
8749,675,8,0.0,2,1,1,56643.0,0,France,Male,35
8750,792,3,0.0,2,1,1,172240.0,0,France,Female,70
8751,606,5,0.0,1,1,0,161971.0,0,France,Male,34
8752,669,9,201010.0,1,1,0,158032.0,1,France,Male,50
8753,694,9,0.0,1,1,1,57089.0,0,France,Male,60
8754,607,9,144272.0,2,1,0,176581.0,0,Germany,Male,32
8755,681,0,0.0,2,0,1,170969.0,0,France,Female,79
8756,574,1,112572.0,1,0,0,165627.0,0,France,Male,34
8757,774,7,103688.0,1,0,1,118972.0,0,France,Male,36
8758,536,4,0.0,2,1,0,27150.3,0,France,Male,39
8759,700,2,76322.7,1,1,0,128136.0,0,France,Female,34
8760,723,2,99095.7,1,1,1,17512.5,0,France,Male,42
8761,667,3,121543.0,2,1,1,186842.0,0,Spain,Female,36
8762,721,6,118274.0,1,0,1,3086.89,0,France,Female,35
8763,798,3,0.0,2,1,0,2305.27,0,France,Male,28
8764,728,4,0.0,1,1,1,163366.0,1,France,Female,59
8765,677,7,95312.8,1,1,1,62944.8,0,Spain,Male,40
8766,639,2,0.0,2,0,0,125244.0,0,France,Female,27
8767,726,4,0.0,1,1,0,114020.0,1,France,Female,48
8768,838,8,0.0,2,1,0,27472.1,0,France,Female,34
8769,667,1,97133.9,2,0,0,113317.0,1,Germany,Female,48
8770,668,2,0.0,3,1,0,89048.5,1,France,Female,46
8771,559,2,0.0,2,0,1,137961.0,0,France,Female,48
8772,713,3,0.0,2,1,1,62700.1,0,France,Female,59
8773,751,0,151219.0,1,1,1,109309.0,0,Germany,Female,37
8774,564,5,114931.0,3,0,1,18261.0,1,Germany,Female,62
8775,633,8,124282.0,1,1,1,60116.6,0,France,Female,26
8776,475,0,134264.0,1,1,0,27823.0,1,France,Female,45
8777,657,3,107137.0,1,1,0,153895.0,0,France,Male,34
8778,695,6,114008.0,2,1,0,118121.0,0,France,Male,36
8779,687,7,108117.0,1,1,1,27411.2,0,France,Male,28
8780,642,10,111813.0,2,1,1,183045.0,0,Germany,Male,22
8781,832,6,138190.0,2,0,1,146511.0,0,Spain,Female,34
8782,651,4,91563.0,1,1,1,123954.0,0,France,Male,34
8783,559,9,145304.0,1,1,0,103561.0,0,France,Male,32
8784,604,0,62732.6,1,0,1,124955.0,0,France,Female,56
8785,588,3,0.0,1,1,1,189704.0,0,France,Female,64
8786,816,6,151859.0,1,1,1,72814.3,0,Spain,Male,67
8787,776,1,0.0,2,1,0,53477.8,0,France,Male,36
8788,673,8,121241.0,1,1,0,116970.0,0,France,Male,32
8789,611,8,64897.8,1,1,0,114996.0,0,France,Female,43
8790,706,8,0.0,2,0,1,46635.1,0,Spain,Male,38
8791,641,3,121765.0,2,1,1,166517.0,0,Germany,Male,42
8792,470,8,127974.0,2,1,1,183259.0,0,France,Female,25
8793,592,5,71816.7,2,1,0,105097.0,1,Germany,Female,70
8794,494,7,174938.0,1,1,0,40084.3,0,Germany,Female,38
8795,416,0,0.0,2,0,1,878.87,0,France,Male,32
8796,507,6,92783.7,1,1,1,51424.3,0,Spain,Male,46
8797,641,6,0.0,2,0,0,121139.0,0,France,Female,42
8798,553,3,0.0,2,0,0,159800.0,0,France,Female,27
8799,767,8,149084.0,1,1,1,190147.0,0,Spain,Male,77
8800,641,7,0.0,2,1,1,24267.3,0,Spain,Male,32
8801,722,2,163944.0,2,1,1,15068.2,0,France,Female,35
8802,550,5,0.0,1,1,1,133502.0,0,France,Male,57
8803,678,4,0.0,2,1,1,144423.0,1,France,Female,28
8804,474,9,176311.0,1,1,0,160213.0,0,Germany,Female,34
8805,599,4,0.0,1,0,0,176407.0,1,France,Male,58
8806,499,6,148052.0,1,1,0,118624.0,0,Germany,Female,29
8807,674,2,0.0,2,1,0,140579.0,0,Spain,Male,32
8808,653,1,104584.0,1,1,0,15126.3,1,Germany,Male,41
8809,612,8,117990.0,1,1,1,54129.9,0,France,Female,31
8810,739,5,89750.2,1,1,0,193009.0,0,Spain,Male,19
8811,850,7,91560.6,2,0,0,10541.4,0,Germany,Male,22
8812,599,10,137456.0,2,1,1,14113.1,0,Germany,Male,40
8813,675,1,0.0,2,1,0,157097.0,0,France,Male,69
8814,744,6,73023.2,2,1,0,78770.9,0,Germany,Male,38
8815,559,7,144471.0,1,1,1,18917.9,0,Spain,Female,40
8816,696,9,127524.0,1,0,1,191417.0,0,Spain,Male,41
8817,639,9,130233.0,1,1,1,81861.1,0,Spain,Male,38
8818,661,8,0.0,2,0,0,196876.0,0,France,Male,26
8819,691,6,0.0,2,0,1,178038.0,0,Spain,Male,35
8820,580,1,133812.0,1,1,0,17185.9,1,Germany,Male,24
8821,581,1,0.0,2,0,1,81175.2,0,Spain,Male,34
8822,543,1,104309.0,1,1,1,25650.0,0,France,Female,71
8823,725,7,113980.0,1,1,1,116704.0,0,France,Male,41
8824,629,2,129669.0,2,1,0,82774.1,0,France,Male,39
8825,783,5,121216.0,2,1,1,105206.0,0,France,Female,72
8826,619,4,90413.1,1,1,1,20555.2,0,France,Female,35
8827,647,1,85906.6,3,1,0,189160.0,0,Germany,Female,41
8828,680,8,115115.0,1,1,0,139559.0,1,Germany,Female,48
8829,596,6,0.0,2,1,1,138351.0,0,Spain,Male,67
8830,494,2,69974.7,2,1,0,188426.0,1,Spain,Female,41
8831,726,9,94504.4,1,0,1,5078.9,0,Germany,Male,50
8832,502,7,117304.0,1,0,0,196278.0,0,Germany,Female,40
8833,799,9,0.0,2,1,0,136828.0,0,France,Female,30
8834,713,7,147687.0,1,1,1,121592.0,0,Germany,Female,24
8835,735,3,91718.8,1,0,0,28411.2,0,France,Female,25
8836,703,2,81173.8,2,0,1,162812.0,0,France,Male,28
8837,705,3,123894.0,1,1,0,21177.1,0,France,Female,38
8838,618,8,153572.0,2,1,1,76679.6,0,Germany,Male,42
8839,562,5,0.0,1,1,0,115700.0,0,France,Male,38
8840,760,6,178585.0,1,1,0,67131.3,1,France,Male,39
8841,756,3,132624.0,1,1,1,58974.0,0,France,Male,37
8842,628,9,155904.0,2,1,1,71159.8,0,Germany,Female,51
8843,759,9,0.0,2,0,1,190294.0,0,France,Male,41
8844,521,4,82940.2,2,0,0,62413.0,1,Spain,Female,49
8845,676,8,100360.0,1,0,0,46038.3,0,France,Female,34
8846,767,2,133616.0,1,1,0,28615.8,0,France,Female,42
8847,573,9,206869.0,2,0,1,102986.0,0,Germany,Female,35
8848,648,6,131753.0,1,1,0,86894.7,0,Germany,Male,37
8849,487,7,133628.0,2,1,1,98570.0,0,France,Male,24
8850,498,5,0.0,2,1,1,91711.7,0,France,Male,34
8851,718,2,0.0,1,1,1,52138.5,0,Spain,Female,39
8852,724,4,142880.0,3,0,0,185541.0,1,Spain,Female,41
8853,773,2,0.0,2,1,0,57337.8,0,Spain,Male,52
8854,765,8,119493.0,2,0,1,166896.0,1,Germany,Female,46
8855,800,4,95252.7,1,1,0,13906.3,0,Germany,Male,39
8856,547,7,141287.0,1,1,0,118143.0,0,Spain,Female,22
8857,716,3,128744.0,1,0,0,197322.0,0,Germany,Female,18
8858,699,2,136488.0,2,1,0,82815.9,0,Spain,Male,43
8859,556,2,134208.0,1,0,1,177671.0,0,France,Female,36
8860,737,5,121192.0,2,1,1,74890.6,0,Germany,Male,31
8861,606,0,94153.6,1,0,1,120138.0,0,Spain,Male,36
8862,478,1,92474.0,1,1,0,178626.0,0,France,Male,35
8863,683,1,132371.0,2,0,0,186124.0,0,Germany,Female,35
8864,667,3,99513.9,1,1,1,189657.0,0,France,Male,31
8865,771,3,72664.0,2,1,1,107874.0,0,Spain,Female,47
8866,789,4,175477.0,1,1,1,172833.0,0,France,Male,31
8867,787,7,171647.0,1,0,1,100791.0,0,Spain,Female,39
8868,698,1,107907.0,1,1,0,168886.0,1,Germany,Female,52
8869,636,3,0.0,2,1,1,159464.0,0,Spain,Male,45
8870,776,8,106365.0,1,1,1,148528.0,0,Spain,Male,35
8871,678,1,117865.0,2,1,0,27619.1,0,Germany,Male,36
8872,677,3,0.0,2,1,1,187812.0,0,France,Female,49
8873,560,3,0.0,2,1,0,84531.8,0,France,Male,50
8874,746,2,172274.0,1,1,0,22375.0,0,France,Male,35
8875,687,7,129895.0,1,0,1,28698.2,0,France,Male,34
8876,722,10,138312.0,1,1,1,3472.63,1,Germany,Female,48
8877,633,3,126041.0,1,0,1,11796.9,0,Germany,Male,42
8878,657,7,83889.0,1,1,0,153060.0,0,Spain,Male,29
8879,717,2,99472.8,2,1,0,94274.7,1,France,Female,36
8880,708,8,145151.0,1,0,1,125311.0,1,Germany,Female,54
8881,594,7,141526.0,1,0,0,9443.15,0,France,Female,34
8882,689,4,78119.6,4,1,0,119259.0,1,Germany,Female,40
8883,782,7,98556.9,2,1,0,117644.0,0,Germany,Male,35
8884,683,8,0.0,1,1,0,96754.8,0,France,Male,43
8885,814,1,131969.0,2,1,1,147694.0,0,Germany,Male,29
8886,642,2,124496.0,3,1,1,57904.2,1,Germany,Female,36
8887,681,1,98894.4,1,1,1,9596.4,0,France,Female,18
8888,662,4,166909.0,2,1,0,138871.0,1,France,Female,36
8889,558,10,144757.0,1,1,0,22878.2,1,Germany,Male,39
8890,786,9,0.0,2,1,0,117034.0,0,Spain,Female,34
8891,707,2,82787.9,2,0,0,91423.7,0,France,Female,31
8892,603,1,105346.0,2,1,1,130380.0,0,Germany,Male,35
8893,604,5,155455.0,1,0,1,113582.0,0,Spain,Male,40
8894,794,6,0.0,2,1,0,195326.0,0,France,Male,46
8895,724,5,97612.1,1,1,1,96498.1,0,France,Male,28
8896,687,2,0.0,2,0,1,145411.0,0,France,Female,31
8897,631,8,137688.0,1,1,0,190067.0,0,France,Female,31
8898,811,1,149297.0,2,1,1,186340.0,0,Germany,Female,34
8899,831,10,0.0,1,0,1,47729.3,0,Spain,Female,44
8900,527,1,112203.0,1,1,0,182266.0,0,France,Female,31
8901,720,2,0.0,2,1,0,39925.5,0,France,Male,29
8902,778,3,145018.0,2,1,1,126702.0,0,France,Male,38
8903,684,3,127586.0,3,1,1,80593.5,1,Germany,Female,56
8904,681,0,105969.0,1,1,0,5771.56,0,France,Male,46
8905,573,8,154544.0,1,1,0,29586.7,0,France,Female,47
8906,493,3,167832.0,2,1,0,150160.0,1,France,Male,54
8907,652,7,104016.0,2,1,1,55207.9,0,Germany,Male,35
8908,703,4,92930.9,1,0,1,85148.8,0,Spain,Male,58
8909,625,7,0.0,1,0,0,84106.2,1,Spain,Female,57
8910,597,9,0.0,3,0,1,73181.4,1,Spain,Male,35
8911,658,7,0.0,2,1,0,48378.4,0,France,Male,39
8912,731,4,0.0,2,1,1,74945.1,0,France,Male,33
8913,741,1,171236.0,2,0,0,21834.4,1,France,Male,52
8914,649,2,0.0,2,1,0,15200.6,0,France,Female,31
8915,613,0,0.0,2,0,1,126676.0,0,Spain,Female,32
8916,611,9,115489.0,2,1,1,138657.0,1,Germany,Female,49
8917,552,4,0.0,2,1,0,140287.0,0,Spain,Female,34
8918,563,4,143680.0,2,1,1,63531.2,0,Spain,Female,36
8919,492,8,0.0,1,1,1,182865.0,1,France,Female,49
8920,703,9,0.0,1,0,0,85547.3,1,France,Male,56
8921,608,7,96202.3,1,0,0,161155.0,0,Germany,Female,40
8922,570,10,129675.0,2,1,0,80552.4,0,France,Male,39
8923,717,1,0.0,2,1,0,119314.0,0,Spain,Female,34
8924,506,8,119152.0,2,1,1,170680.0,0,Germany,Male,59
8925,608,5,0.0,2,1,0,178504.0,0,France,Male,42
8926,556,9,145019.0,2,1,0,90928.0,1,Germany,Male,37
8927,850,2,0.0,2,1,0,179451.0,0,France,Female,39
8928,812,5,103818.0,1,1,1,166038.0,0,France,Male,34
8929,686,4,129554.0,2,1,0,187600.0,0,France,Female,41
8930,701,9,0.0,2,0,1,145895.0,0,France,Female,39
8931,506,6,110047.0,2,1,0,26318.7,0,Spain,Male,35
8932,671,0,84745.0,2,0,1,34674.0,0,Germany,Female,44
8933,666,10,141162.0,1,1,0,50908.5,0,France,Female,41
8934,710,5,158623.0,1,0,0,83499.9,1,France,Male,47
8935,569,9,178756.0,1,1,0,199929.0,0,France,Male,37
8936,568,1,61592.1,2,1,1,61796.6,0,Germany,Female,31
8937,689,1,0.0,2,1,1,186526.0,0,Spain,Female,63
8938,683,1,113257.0,1,1,1,65035.0,0,Spain,Male,30
8939,750,3,121682.0,1,1,0,128643.0,1,Spain,Male,22
8940,624,6,66220.2,1,0,1,170819.0,0,Spain,Male,33
8941,711,1,0.0,2,1,0,126188.0,0,France,Female,32
8942,680,7,0.0,2,1,0,98949.9,0,Spain,Female,34
8943,644,5,0.0,2,1,1,41872.2,0,France,Male,31
8944,685,1,104797.0,1,1,1,154181.0,0,France,Male,58
8945,597,8,101993.0,1,0,1,94774.1,0,Spain,Female,40
8946,709,1,111827.0,2,1,0,12674.7,0,Spain,Female,35
8947,619,10,119658.0,1,1,1,8646.58,0,Spain,Female,38
8948,762,10,168921.0,1,1,0,31445.0,1,Spain,Female,60
8949,745,1,111071.0,1,1,0,73276.0,1,Germany,Female,28
8950,648,8,0.0,1,1,0,133653.0,0,Spain,Male,32
8951,648,5,118887.0,1,0,0,51636.7,0,Germany,Female,45
8952,850,0,136980.0,2,1,1,99019.6,0,Germany,Female,36
8953,720,0,187861.0,2,1,1,104120.0,0,Germany,Male,23
8954,509,3,0.0,2,1,0,15360.9,0,France,Male,31
8955,721,5,0.0,2,0,1,117627.0,0,Spain,Male,33
8956,622,8,0.0,2,1,1,131389.0,0,Spain,Female,23
8957,577,4,61211.2,1,1,1,145250.0,0,Germany,Female,31
8958,649,7,0.0,2,0,1,22974.0,0,France,Female,42
8959,674,6,100763.0,1,1,0,182157.0,0,Germany,Female,36
8960,548,8,0.0,1,1,0,16989.8,0,Spain,Male,44
8961,743,6,140349.0,2,1,1,163254.0,0,Germany,Female,32
8962,648,7,0.0,2,0,0,122899.0,0,Spain,Male,35
8963,796,5,102773.0,2,0,1,117833.0,0,Spain,Male,32
8964,612,9,161450.0,1,1,1,96961.0,1,Germany,Male,46
8965,572,5,98108.8,1,0,1,119997.0,0,Spain,Male,31
8966,685,10,128510.0,1,1,0,121562.0,0,Spain,Female,25
8967,700,2,0.0,2,1,0,199754.0,0,Spain,Female,40
8968,540,7,128370.0,2,1,0,198256.0,0,Germany,Female,35
8969,809,8,0.0,2,0,1,34164.1,0,Spain,Male,80
8970,700,9,0.0,1,1,1,174972.0,0,France,Female,30
8971,600,7,106262.0,1,1,0,93629.7,1,Germany,Male,53
8972,808,10,124577.0,1,0,1,169894.0,0,Spain,Female,67
8973,576,9,84720.0,1,0,0,191063.0,0,France,Male,39
8974,650,2,114331.0,1,1,1,25325.1,0,Germany,Female,25
8975,643,7,0.0,2,0,1,100304.0,0,France,Male,34
8976,661,1,0.0,2,0,1,131301.0,0,France,Female,41
8977,661,8,128752.0,2,1,0,189398.0,1,Germany,Female,64
8978,661,3,120321.0,1,0,0,96463.2,0,France,Male,48
8979,835,8,124993.0,2,1,1,27548.1,0,France,Male,32
8980,496,0,90963.5,1,0,1,27802.0,0,France,Male,30
8981,655,9,113447.0,1,1,0,82084.3,0,Germany,Male,32
8982,567,0,134379.0,1,1,1,105747.0,0,Germany,Male,41
8983,698,2,82275.4,2,1,1,93249.3,0,France,Male,36
8984,680,10,183768.0,1,1,0,164119.0,0,France,Male,33
8985,513,5,0.0,2,1,0,162524.0,0,France,Male,30
8986,673,1,0.0,2,0,0,108762.0,0,France,Male,47
8987,702,2,105265.0,2,1,1,52909.9,0,Germany,Female,36
8988,756,2,124439.0,2,0,1,47093.1,0,Germany,Male,41
8989,581,1,0.0,2,1,0,199464.0,0,France,Male,30
8990,793,9,0.0,2,1,0,152154.0,0,Spain,Male,41
8991,711,2,39043.3,2,1,1,175424.0,0,Germany,Male,43
8992,833,4,136675.0,2,0,0,5278.78,0,France,Female,28
8993,678,4,139626.0,1,1,1,118236.0,1,Germany,Male,32
8994,692,2,69014.5,2,0,0,164621.0,0,Germany,Female,43
8995,732,7,0.0,2,1,1,60830.2,0,France,Male,36
8996,680,5,140007.0,1,0,1,31714.1,0,France,Male,23
8997,773,4,0.0,2,1,1,24924.9,0,France,Male,41
8998,840,7,0.0,2,1,0,90909.0,0,France,Female,43
8999,635,8,0.0,2,1,1,60739.2,0,Spain,Male,46
9000,536,7,178012.0,2,1,0,22375.1,0,France,Male,32
9001,568,3,0.0,2,1,1,29372.6,0,Spain,Female,46
9002,820,1,104614.0,1,1,0,61538.4,1,France,Female,39
9003,608,7,79962.9,2,1,0,60901.7,0,France,Male,31
9004,632,1,58668.0,1,1,1,78670.5,0,Germany,Male,30
9005,617,1,61687.3,2,1,0,105965.0,0,France,Male,34
9006,693,1,121928.0,1,1,0,87995.0,1,Germany,Female,43
9007,759,1,109849.0,1,1,1,42012.6,0,France,Female,31
9008,503,9,0.0,2,1,1,16274.7,0,Spain,Female,36
9009,475,1,0.0,2,1,0,89249.0,0,France,Female,57
9010,704,0,130499.0,2,1,1,74804.4,0,France,Female,33
9011,647,4,93960.4,1,1,0,36579.5,1,Germany,Male,44
9012,612,4,0.0,2,1,1,179781.0,0,Spain,Female,26
9013,519,4,111900.0,1,1,1,97577.2,0,Spain,Male,39
9014,630,8,106426.0,1,1,1,20344.8,0,Germany,Female,28
9015,663,9,0.0,2,0,0,91514.6,0,Spain,Male,33
9016,742,6,160485.0,1,1,0,29023.0,0,France,Male,32
9017,714,3,0.0,3,1,1,129130.0,0,Spain,Male,27
9018,490,1,0.0,2,1,1,80792.8,0,France,Male,33
9019,759,4,98899.9,1,1,1,47832.8,0,Germany,Male,31
9020,550,2,113877.0,2,1,0,174922.0,0,Germany,Male,36
9021,463,8,123152.0,2,1,0,70127.9,0,Germany,Female,41
9022,688,8,155682.0,1,1,0,26287.2,0,Spain,Female,46
9023,668,5,120170.0,1,0,1,50454.8,0,Germany,Female,59
9024,731,10,0.0,2,1,1,162453.0,0,France,Male,29
9025,613,9,108286.0,1,1,1,114153.0,0,France,Male,37
9026,730,5,0.0,2,1,1,116082.0,0,France,Male,27
9027,671,5,130929.0,4,1,1,28238.2,1,Spain,Female,34
9028,588,2,164308.0,1,1,0,48498.2,0,Germany,Female,42
9029,679,8,125851.0,2,1,1,87008.2,0,Germany,Male,58
9030,837,0,144038.0,1,1,0,145325.0,0,Germany,Male,35
9031,701,10,159694.0,2,1,1,71173.6,0,Spain,Male,35
9032,703,8,0.0,2,1,0,9704.66,0,France,Male,43
9033,586,7,164769.0,3,1,0,119814.0,1,France,Female,35
9034,815,6,0.0,1,1,1,85167.9,0,Spain,Female,39
9035,649,9,87374.9,2,1,1,247.36,0,France,Male,37
9036,644,2,0.0,1,1,0,96420.6,0,France,Male,33
9037,572,6,117697.0,1,1,0,100844.0,0,France,Male,30
9038,563,3,137583.0,1,0,1,5791.85,0,France,Male,22
9039,623,0,130557.0,1,1,1,47880.7,0,France,Female,35
9040,539,3,116220.0,3,1,0,55804.0,1,Germany,Female,43
9041,590,10,84474.6,2,1,1,190937.0,0,Spain,Female,51
9042,616,7,95984.2,1,0,1,115263.0,1,Germany,Female,43
9043,596,3,187294.0,1,1,0,103456.0,0,Spain,Male,20
9044,753,3,121513.0,1,0,1,195564.0,0,France,Male,92
9045,547,1,179381.0,2,0,1,69263.1,0,France,Female,48
9046,545,3,0.0,2,1,0,170307.0,0,France,Male,30
9047,704,6,166595.0,1,1,1,155823.0,0,France,Male,23
9048,350,3,0.0,1,0,0,113796.0,1,France,Female,60
9049,564,7,84006.9,2,0,0,183491.0,0,France,Male,26
9050,564,5,121462.0,1,1,1,20432.1,1,Spain,Male,31
9051,776,5,0.0,2,1,1,143301.0,0,France,Female,29
9052,615,1,0.0,2,0,0,2139.25,0,France,Male,32
9053,624,3,149962.0,2,1,0,104611.0,0,Germany,Female,40
9054,850,2,0.0,2,1,0,9015.07,0,France,Female,38
9055,766,0,0.0,2,0,1,34283.2,0,Spain,Male,41
9056,596,5,62389.0,3,1,0,148623.0,1,Germany,Male,40
9057,642,8,0.0,1,1,0,72085.1,0,Spain,Male,34
9058,755,5,84284.5,2,1,1,62851.6,0,France,Male,23
9059,753,4,0.0,2,1,1,106303.0,0,France,Male,35
9060,797,8,0.0,1,0,0,162668.0,0,France,Female,46
9061,520,6,145644.0,1,0,0,104119.0,0,France,Female,39
9062,609,4,89122.3,1,1,1,199257.0,0,Spain,Female,45
9063,719,1,100830.0,1,1,1,165009.0,0,Spain,Male,35
9064,632,3,0.0,2,1,0,178822.0,0,Spain,Male,47
9065,753,9,151767.0,1,1,1,180830.0,0,Germany,Female,38
9066,643,2,105230.0,1,1,0,34967.8,1,France,Female,51
9067,769,7,188614.0,1,1,0,171344.0,0,Germany,Male,27
9068,612,6,96166.9,1,1,1,191393.0,0,Germany,Male,76
9069,687,2,142722.0,1,1,1,153606.0,0,Germany,Male,26
9070,725,6,124348.0,2,0,1,176984.0,0,France,Male,37
9071,501,5,114656.0,1,0,0,126536.0,0,Germany,Male,40
9072,584,1,0.0,1,0,1,130260.0,1,Spain,Female,59
9073,564,6,149592.0,1,1,1,153772.0,0,Spain,Female,24
9074,492,1,144592.0,1,1,1,196294.0,0,France,Male,29
9075,587,1,0.0,2,1,1,8908.0,0,Spain,Male,48
9076,820,2,94222.5,1,1,0,103571.0,0,Spain,Female,31
9077,623,2,142412.0,1,1,0,28779.0,0,Spain,Male,41
9078,706,5,163035.0,2,1,1,135662.0,0,Germany,Male,38
9079,769,4,145471.0,1,1,0,188383.0,0,France,Male,29
9080,735,7,74135.9,1,1,1,11783.1,1,France,Male,41
9081,615,3,72309.3,1,1,1,85687.1,1,Germany,Male,58
9082,642,4,120689.0,1,1,0,24770.2,1,Germany,Male,49
9083,748,2,91621.7,1,1,1,71139.3,0,France,Female,41
9084,559,9,111060.0,2,1,0,110372.0,0,France,Male,33
9085,668,1,124511.0,1,0,0,114258.0,0,Germany,Female,28
9086,497,2,0.0,2,1,1,83087.1,0,France,Male,34
9087,676,1,0.0,2,0,1,35644.8,0,France,Male,38
9088,604,2,145082.0,1,1,1,23881.6,0,Spain,Male,43
9089,541,3,128744.0,1,1,0,134851.0,0,France,Male,34
9090,580,2,130335.0,2,1,1,51672.1,0,Germany,Male,76
9091,850,4,146587.0,1,1,1,89874.8,0,Germany,Male,31
9092,550,2,103391.0,1,0,1,90878.1,0,Germany,Male,38
9093,521,0,125194.0,1,1,1,109357.0,0,Germany,Female,61
9094,586,5,103701.0,1,1,0,194073.0,1,Germany,Female,36
9095,751,5,142670.0,2,1,0,162761.0,0,France,Male,47
9096,550,0,108807.0,3,1,0,61446.9,1,Germany,Male,49
9097,632,4,119625.0,2,1,1,195979.0,0,Germany,Male,42
9098,714,9,106432.0,2,1,1,164118.0,0,Germany,Female,45
9099,678,2,0.0,2,1,1,43821.6,0,France,Female,60
9100,565,5,97720.4,2,1,0,175071.0,1,Germany,Male,52
9101,498,1,198114.0,1,1,0,69664.4,0,France,Male,33
9102,643,6,0.0,2,0,0,142455.0,0,France,Male,37
9103,612,8,140745.0,1,1,0,193438.0,1,Germany,Female,62
9104,655,10,0.0,2,1,0,167779.0,0,France,Female,47
9105,670,10,89417.0,1,0,0,144275.0,0,France,Male,38
9106,525,5,0.0,2,1,0,161002.0,0,Spain,Male,33
9107,639,4,0.0,2,1,0,28189.0,0,France,Male,22
9108,717,2,102990.0,2,0,1,49185.6,0,Spain,Male,36
9109,549,6,139422.0,1,0,0,83983.4,1,Germany,Male,36
9110,659,1,104502.0,1,1,0,20652.7,0,Germany,Female,39
9111,430,5,0.0,1,1,0,95655.2,0,France,Male,31
9112,525,2,114628.0,1,0,1,168290.0,0,France,Male,36
9113,835,6,127120.0,1,1,0,28707.7,0,France,Male,35
9114,664,7,60263.2,1,1,0,170835.0,0,Germany,Male,39
9115,576,1,0.0,1,1,1,188275.0,0,France,Male,41
9116,707,9,0.0,2,1,1,70403.6,0,France,Female,35
9117,699,2,92246.1,2,0,1,91346.0,0,Germany,Female,51
9118,824,7,146266.0,1,1,0,21903.6,1,France,Male,26
9119,634,1,89696.8,2,1,1,193180.0,0,Germany,Male,37
9120,538,2,122774.0,2,1,1,58467.1,0,Spain,Male,39
9121,750,3,0.0,2,1,0,16870.2,0,France,Male,37
9122,742,4,132116.0,2,1,0,129934.0,0,France,Female,25
9123,488,3,114540.0,1,1,0,92568.1,0,Germany,Male,32
9124,614,1,44054.8,1,1,1,73329.1,0,Spain,Female,36
9125,452,6,121730.0,1,1,1,142963.0,0,France,Female,60
9126,757,7,144852.0,1,0,0,130862.0,0,France,Male,36
9127,465,1,117438.0,1,0,0,74898.8,1,Germany,Male,53
9128,669,7,139873.0,1,1,0,188796.0,0,Germany,Female,30
9129,792,9,101610.0,1,0,0,161479.0,1,Germany,Female,59
9130,608,8,85859.8,1,0,0,142730.0,0,France,Female,30
9131,681,3,66338.7,1,1,1,18772.5,1,France,Male,43
9132,728,5,0.0,1,1,1,120088.0,0,Spain,Female,43
9133,495,3,89158.9,3,1,0,135170.0,1,Spain,Female,45
9134,850,8,0.0,1,0,0,25867.7,1,Spain,Male,49
9135,801,6,0.0,2,1,1,170009.0,0,Spain,Female,46
9136,559,8,24043.4,1,0,1,169781.0,1,France,Male,45
9137,712,4,145605.0,1,0,1,93883.5,0,Germany,Male,28
9138,658,3,0.0,2,0,1,173948.0,0,France,Male,25
9139,652,4,0.0,2,1,1,38152.0,0,Spain,Female,42
9140,695,7,139022.0,1,0,1,193383.0,0,Germany,Male,40
9141,850,5,0.0,2,1,0,35034.1,0,France,Female,40
9142,583,10,72835.6,2,1,0,96792.1,0,Germany,Female,26
9143,825,6,118051.0,1,0,1,52301.1,0,Germany,Male,37
9144,706,2,127660.0,2,1,0,150157.0,1,Spain,Female,46
9145,644,9,112747.0,2,0,0,141230.0,0,Germany,Male,34
9146,717,6,0.0,2,1,0,93275.6,0,Spain,Female,39
9147,546,5,0.0,1,1,1,94824.0,0,France,Male,29
9148,458,9,146781.0,2,1,1,3476.38,0,Germany,Male,35
9149,811,10,76915.4,1,0,0,146360.0,1,Germany,Male,52
9150,650,1,152969.0,1,0,1,82970.7,0,Spain,Male,61
9151,586,7,0.0,2,1,1,168261.0,0,Spain,Female,33
9152,477,2,95675.6,2,0,0,162700.0,1,Germany,Female,24
9153,516,5,128654.0,1,1,0,127558.0,0,France,Male,35
9154,633,5,163340.0,2,1,1,74415.2,0,Spain,Male,32
9155,686,3,185379.0,1,1,0,64679.1,0,Germany,Male,29
9156,850,1,0.0,2,1,1,59568.2,0,France,Female,81
9157,621,8,0.0,1,0,0,102807.0,0,Spain,Female,43
9158,691,9,0.0,2,0,0,199636.0,0,France,Female,29
9159,495,7,0.0,2,0,0,130405.0,0,Spain,Female,42
9160,485,5,113157.0,1,1,1,54141.5,0,Spain,Female,21
9161,601,4,96763.9,1,1,1,199243.0,0,Spain,Female,42
9162,674,7,144889.0,1,1,1,102592.0,1,France,Male,45
9163,648,9,102283.0,1,1,1,157891.0,0,Spain,Female,28
9164,645,4,98298.2,1,1,1,676.06,0,France,Male,42
9165,477,4,182492.0,1,1,0,185831.0,0,Germany,Female,39
9166,451,7,140932.0,1,0,1,20388.8,0,France,Female,31
9167,685,7,122449.0,2,1,1,180770.0,0,Spain,Male,31
9168,702,3,148557.0,1,0,1,146056.0,0,France,Male,40
9169,534,2,81951.7,2,1,0,115669.0,0,France,Male,35
9170,732,8,111380.0,1,1,1,45098.6,0,Spain,Female,33
9171,643,3,83132.1,1,1,1,21360.9,0,Spain,Male,34
9172,554,6,0.0,2,1,1,181204.0,0,France,Female,45
9173,627,1,76101.8,2,0,1,177238.0,0,Germany,Male,52
9174,557,4,0.0,2,0,1,105434.0,0,Spain,Female,40
9175,654,7,0.0,2,1,0,151316.0,0,France,Female,28
9176,627,1,0.0,1,1,0,106852.0,0,France,Female,32
9177,553,1,142877.0,2,1,0,44363.4,0,Spain,Female,39
9178,764,9,138342.0,1,1,0,50072.9,1,Germany,Female,39
9179,774,6,94722.9,1,0,1,61451.0,0,France,Female,47
9180,675,8,135133.0,1,0,1,179521.0,1,France,Male,49
9181,605,10,105318.0,2,1,0,138021.0,0,Spain,Male,39
9182,746,7,0.0,2,0,1,10096.2,0,Spain,Male,49
9183,689,0,57784.2,1,1,0,197804.0,1,Spain,Female,45
9184,715,2,112212.0,2,1,1,181601.0,0,France,Female,31
9185,850,1,101278.0,2,1,1,26265.2,0,Germany,Male,27
9186,634,7,143259.0,2,1,0,192722.0,0,Germany,Female,37
9187,523,8,66250.7,1,1,1,21859.1,0,France,Male,61
9188,649,8,114737.0,1,1,1,106656.0,1,Germany,Female,37
9189,583,3,0.0,2,1,0,47728.0,0,France,Male,40
9190,790,10,135121.0,1,0,0,195205.0,0,France,Female,33
9191,623,4,0.0,1,1,0,5549.11,1,Spain,Male,46
9192,767,2,0.0,2,0,0,144251.0,0,France,Female,35
9193,657,4,82500.3,1,1,1,115261.0,0,France,Male,37
9194,682,9,101198.0,1,1,1,49732.9,0,Spain,Female,48
9195,696,4,0.0,1,0,0,126353.0,1,France,Male,42
9196,670,2,79586.0,1,0,1,198803.0,0,Germany,Female,35
9197,716,8,109578.0,2,1,1,51503.5,0,France,Male,31
9198,574,2,122525.0,2,1,0,88463.6,0,France,Female,39
9199,599,2,51949.9,2,1,0,85045.9,0,Germany,Male,33
9200,723,3,0.0,2,1,1,134509.0,0,France,Male,25
9201,661,7,144162.0,2,1,1,14490.8,0,France,Female,31
9202,693,9,181461.0,3,1,1,187929.0,1,Germany,Female,41
9203,626,0,0.0,2,1,1,83295.1,0,France,Female,39
9204,558,6,0.0,2,1,0,173845.0,0,France,Male,40
9205,580,6,104306.0,1,0,1,175750.0,0,France,Male,55
9206,436,5,0.0,2,1,1,35687.4,0,Spain,Male,43
9207,653,9,0.0,2,1,1,45956.1,0,Spain,Male,35
9208,784,8,0.0,2,1,0,108891.0,0,Spain,Female,40
9209,706,6,185544.0,1,1,0,171038.0,0,Germany,Female,29
9210,688,7,123544.0,1,1,1,157664.0,0,France,Female,38
9211,691,1,0.0,2,0,0,44653.5,0,France,Male,38
9212,684,1,117691.0,1,1,1,23135.7,1,Germany,Male,42
9213,521,2,136555.0,2,1,1,129353.0,0,France,Female,32
9214,677,0,143988.0,2,1,0,8755.69,1,Germany,Male,28
9215,529,6,152311.0,1,1,0,13054.2,0,France,Female,31
9216,727,5,80615.5,2,0,0,180962.0,0,Germany,Male,39
9217,754,8,0.0,2,0,0,121821.0,0,Spain,Female,27
9218,678,8,0.0,2,1,1,47117.0,0,France,Male,66
9219,619,8,0.0,3,1,1,79866.7,1,Spain,Female,41
9220,775,9,0.0,2,1,0,169279.0,0,France,Male,31
9221,770,6,0.0,2,1,1,126132.0,0,France,Female,33
9222,646,10,100549.0,2,0,0,136984.0,0,Germany,Female,30
9223,762,1,117459.0,1,0,1,178361.0,1,Germany,Male,35
9224,521,10,0.0,1,1,1,101312.0,0,Spain,Female,22
9225,418,8,155974.0,1,1,0,154209.0,0,France,Male,34
9226,664,7,123429.0,1,1,1,164924.0,0,Spain,Male,41
9227,695,9,0.0,3,0,1,38533.8,0,Spain,Male,32
9228,769,4,110183.0,2,1,1,87537.3,0,Germany,Male,43
9229,812,5,133051.0,2,1,0,89385.9,0,France,Male,32
9230,599,6,137103.0,1,0,0,76870.8,0,Spain,Male,35
9231,439,7,110976.0,2,1,0,138527.0,0,France,Male,28
9232,549,8,0.0,2,1,1,189558.0,0,France,Female,29
9233,686,7,55053.6,1,1,0,181757.0,0,France,Female,44
9234,755,6,90560.3,2,1,1,42607.7,0,Germany,Female,33
9235,550,0,0.0,2,0,1,70399.7,0,Spain,Male,45
9236,608,6,0.0,1,1,1,126013.0,0,France,Female,47
9237,461,5,63663.9,1,0,1,167784.0,0,Germany,Female,34
9238,724,2,0.0,2,1,1,118863.0,0,France,Female,34
9239,534,7,0.0,2,1,1,80619.2,0,France,Female,53
9240,767,6,0.0,2,1,1,195668.0,0,Spain,Male,31
9241,686,6,146178.0,2,1,1,88837.1,0,France,Male,34
9242,488,3,0.0,2,1,1,125979.0,0,France,Male,34
9243,724,5,103565.0,2,1,0,121086.0,0,Germany,Male,33
9244,470,6,140576.0,1,1,1,116971.0,0,Spain,Female,48
9245,811,5,0.0,2,1,1,146123.0,0,France,Female,45
9246,634,8,68214.0,1,1,1,6382.46,0,France,Female,41
9247,504,7,0.0,3,0,1,87822.1,1,France,Female,49
9248,739,0,0.0,2,0,0,133466.0,0,France,Female,36
9249,697,7,115372.0,2,1,0,64139.1,0,Germany,Male,43
9250,669,4,0.0,1,1,0,132540.0,0,France,Male,37
9251,733,7,85915.5,1,1,1,23860.5,0,Germany,Male,48
9252,625,7,136295.0,1,1,0,38867.5,1,France,Female,51
9253,627,6,0.0,1,1,1,113408.0,0,Spain,Female,30
9254,594,4,104754.0,2,1,0,56756.5,1,Germany,Female,23
9255,584,2,112688.0,1,1,1,127750.0,0,France,Female,39
9256,660,0,84438.6,1,1,1,181450.0,0,Spain,Female,36
9257,670,2,95507.1,1,1,1,63213.3,0,France,Female,54
9258,674,5,0.0,1,1,1,151925.0,0,France,Male,28
9259,745,7,0.0,2,1,1,194231.0,0,Spain,Female,38
9260,659,8,115410.0,1,0,1,1539.21,0,Spain,Female,33
9261,674,4,126605.0,1,1,1,166695.0,0,Spain,Female,41
9262,737,2,99169.7,2,1,1,78651.0,0,Germany,Female,45
9263,615,2,97440.0,2,1,1,139816.0,0,France,Female,35
9264,706,3,139603.0,1,1,1,86383.6,0,Germany,Female,56
9265,751,5,73195.0,1,1,1,89222.7,0,Germany,Male,36
9266,570,5,86568.8,1,0,1,103660.0,0,Germany,Female,57
9267,499,7,76961.6,2,1,1,83643.9,0,France,Male,60
9268,599,9,89111.6,1,0,0,157240.0,0,Germany,Male,38
9269,611,9,88594.1,1,1,0,196332.0,0,France,Female,30
9270,635,1,0.0,2,1,0,90605.0,0,Spain,Female,38
9271,746,1,112667.0,1,0,0,11710.4,1,Spain,Male,30
9272,847,5,97565.7,1,0,0,144184.0,1,France,Male,51
9273,702,0,80793.6,1,1,1,27474.8,0,France,Male,45
9274,416,10,122190.0,2,1,0,98301.6,0,Germany,Female,41
9275,778,7,0.0,1,1,1,77867.2,0,France,Female,65
9276,350,10,0.0,1,1,1,125824.0,1,France,Male,51
9277,640,3,137149.0,1,1,0,92381.0,0,France,Male,44
9278,648,9,168373.0,1,1,0,134677.0,0,France,Male,23
9279,762,10,191776.0,1,1,0,179658.0,0,France,Male,32
9280,613,3,155736.0,2,1,1,57751.2,0,Germany,Male,33
9281,614,6,128100.0,1,0,0,69454.2,1,Germany,Female,35
9282,653,2,70263.8,1,0,1,62347.7,0,Spain,Male,55
9283,829,3,103458.0,1,0,0,1114.12,0,Germany,Female,37
9284,850,8,0.0,2,1,1,183617.0,0,Spain,Male,44
9285,612,3,121394.0,1,1,0,164081.0,0,France,Male,32
9286,748,1,77780.3,1,0,1,183049.0,0,France,Female,26
9287,841,3,112383.0,1,1,0,85516.4,1,Germany,Female,52
9288,579,3,166501.0,2,1,0,93835.6,0,France,Female,39
9289,537,10,0.0,1,0,0,52338.0,1,France,Female,38
9290,641,9,0.0,1,0,0,151649.0,1,France,Female,40
9291,635,1,146767.0,2,0,1,164357.0,0,France,Male,42
9292,750,5,0.0,2,1,0,95611.5,0,France,Female,32
9293,718,5,113922.0,2,1,0,30772.2,0,Spain,Male,34
9294,708,1,0.0,2,0,1,3837.08,0,France,Female,67
9295,555,1,0.0,2,0,0,103901.0,0,Spain,Male,21
9296,685,3,90536.8,1,0,1,63082.9,0,Germany,Male,30
9297,664,7,93920.5,1,0,0,179914.0,0,France,Female,34
9298,695,1,0.0,3,1,0,187734.0,1,Spain,Male,56
9299,699,1,200118.0,2,1,0,94142.4,0,Germany,Female,41
9300,678,1,0.0,2,0,0,82106.2,0,France,Female,46
9301,690,2,166523.0,1,0,0,119645.0,1,Germany,Male,43
9302,790,2,151290.0,1,1,1,172437.0,0,France,Female,31
9303,653,2,88243.3,2,1,1,96658.3,0,Spain,Female,30
9304,803,4,0.0,2,1,1,181208.0,0,France,Female,26
9305,805,2,0.0,1,0,0,166650.0,0,France,Male,39
9306,651,10,117791.0,2,1,1,75837.6,0,Germany,Female,37
9307,602,5,0.0,2,0,1,64038.3,0,Spain,Male,33
9308,673,10,76510.5,2,0,1,59595.7,0,Germany,Female,77
9309,676,4,116954.0,1,1,1,91149.5,0,Spain,Female,64
9310,647,1,119742.0,2,0,0,54954.5,1,Germany,Female,51
9311,525,4,131024.0,2,0,0,55072.9,0,Germany,Male,33
9312,706,3,0.0,2,0,1,181544.0,0,Spain,Male,28
9313,645,2,136925.0,2,0,1,153400.0,0,Germany,Female,37
9314,498,4,87541.1,2,1,1,12577.2,1,Germany,Female,41
9315,570,9,0.0,2,0,1,11417.3,0,France,Female,43
9316,750,3,161801.0,1,0,1,153289.0,1,Spain,Female,33
9317,641,1,0.0,2,1,0,102021.0,0,Spain,Female,36
9318,561,7,0.0,2,1,0,7797.01,0,France,Male,28
9319,503,1,0.0,2,1,1,95153.2,0,France,Male,38
9320,638,2,89728.9,2,1,1,37294.9,0,Germany,Male,37
9321,577,1,0.0,1,1,1,158751.0,0,France,Female,46
9322,569,4,0.0,2,0,0,134395.0,0,France,Female,44
9323,454,4,0.0,2,1,0,198818.0,0,France,Male,34
9324,447,2,0.0,2,1,0,33879.3,1,France,Male,43
9325,717,5,103215.0,1,1,0,172173.0,0,Germany,Female,35
9326,729,9,0.0,2,0,0,150803.0,0,France,Female,32
9327,837,2,0.0,2,1,1,46395.2,0,France,Female,38
9328,752,3,105426.0,2,0,1,89773.5,0,Germany,Female,45
9329,535,2,0.0,2,1,0,125658.0,0,France,Male,45
9330,629,6,132877.0,1,1,1,130862.0,0,Spain,Male,31
9331,841,5,0.0,1,0,0,183240.0,1,France,Female,52
9332,628,9,0.0,2,1,1,96862.6,0,France,Male,45
9333,632,2,0.0,2,0,0,57942.9,0,France,Male,50
9334,600,10,95502.2,1,0,0,19842.2,0,France,Male,46
9335,546,7,85661.0,1,0,0,134778.0,0,Spain,Female,36
9336,757,6,161378.0,1,0,0,71926.3,1,Germany,Female,30
9337,485,7,144245.0,2,1,0,51113.1,0,Germany,Male,51
9338,654,3,87485.7,1,1,1,3299.01,0,France,Male,55
9339,650,3,86605.5,3,1,0,16649.3,1,Spain,Female,25
9340,694,10,0.0,2,1,0,160990.0,0,France,Female,31
9341,667,8,190227.0,1,1,0,97508.0,1,France,Male,43
9342,691,1,128307.0,1,1,1,113581.0,0,France,Female,33
9343,714,9,180075.0,1,1,1,100128.0,0,Germany,Female,55
9344,806,8,167983.0,2,1,1,106714.0,0,Germany,Male,36
9345,530,1,0.0,1,0,1,190664.0,1,France,Female,45
9346,631,4,123247.0,1,0,0,112688.0,0,Germany,Female,33
9347,702,1,103034.0,1,1,1,40321.9,0,Germany,Male,28
9348,740,9,0.0,1,0,1,96528.0,1,France,Male,44
9349,640,6,107500.0,1,1,1,187632.0,0,France,Female,30
9350,710,6,0.0,2,1,1,134188.0,0,Spain,Male,23
9351,742,2,79126.2,1,1,1,126998.0,0,France,Female,35
9352,634,5,108892.0,1,1,0,10078.0,0,Germany,Male,74
9353,575,7,0.0,1,1,1,55869.0,1,France,Male,36
9354,701,5,0.0,2,0,0,24210.6,0,Spain,Female,42
9355,744,9,0.0,2,1,0,113163.0,0,France,Male,47
9356,628,3,91286.5,1,1,0,63085.9,0,Germany,Female,36
9357,716,10,115301.0,1,1,0,43527.4,1,Germany,Female,39
9358,494,9,114732.0,2,0,1,79479.7,0,France,Male,28
9359,619,4,0.0,1,1,0,145524.0,0,France,Male,25
9360,850,7,65407.2,2,0,0,182634.0,1,Spain,Female,53
9361,681,8,73179.3,2,1,1,25292.5,0,Germany,Male,37
9362,588,0,110148.0,1,1,0,5790.9,1,Germany,Female,30
9363,670,3,175576.0,2,1,0,99061.8,1,Spain,Female,57
9364,545,1,88293.1,2,1,1,24302.9,0,France,Male,38
9365,755,3,0.0,2,1,1,158816.0,0,France,Male,34
9366,836,9,133682.0,1,1,1,153748.0,0,France,Female,29
9367,457,4,126773.0,1,0,1,126106.0,0,Germany,Male,42
9368,580,9,106804.0,3,1,0,107891.0,1,France,Female,65
9369,719,3,155423.0,1,1,1,199841.0,0,France,Male,36
9370,557,7,49572.7,1,1,0,115288.0,1,France,Female,39
9371,698,2,166178.0,2,1,1,71973.0,0,France,Female,37
9372,478,3,92363.3,2,1,0,44912.7,0,Spain,Female,36
9373,765,8,92310.5,2,1,1,72924.6,0,Germany,Male,36
9374,485,2,100255.0,2,1,1,12706.7,0,France,Male,41
9375,449,6,0.0,2,0,1,123622.0,0,France,Male,52
9376,481,3,0.0,1,1,1,32319.9,0,France,Male,40
9377,615,1,126773.0,1,1,1,55551.3,0,Spain,Male,41
9378,768,6,60603.4,1,1,1,178046.0,0,Spain,Female,44
9379,647,4,0.0,1,1,0,152323.0,0,France,Female,33
9380,592,9,0.0,2,1,1,20460.2,0,France,Female,34
9381,776,1,93124.0,2,1,1,196079.0,0,Germany,Female,37
9382,721,7,138523.0,1,0,0,59604.4,1,Germany,Female,45
9383,617,7,0.0,1,1,1,160589.0,0,France,Female,79
9384,673,1,0.0,2,0,1,111981.0,0,France,Male,72
9385,783,3,127539.0,1,1,1,96590.4,1,Germany,Female,58
9386,747,3,0.0,1,0,0,57817.8,1,France,Female,40
9387,695,5,0.0,1,0,1,72172.1,1,France,Female,42
9388,516,2,0.0,2,1,1,169123.0,0,France,Male,46
9389,665,6,0.0,1,1,1,161848.0,0,France,Female,40
9390,659,2,76190.5,2,1,1,149066.0,0,Germany,Male,36
9391,624,3,0.0,2,1,0,88407.5,0,France,Male,44
9392,616,6,128353.0,3,1,1,144001.0,1,Germany,Female,45
9393,850,4,0.0,2,1,1,33082.8,0,France,Female,31
9394,603,6,0.0,1,1,1,90437.9,0,Spain,Female,42
9395,850,2,0.0,2,0,0,51919.0,0,France,Female,34
9396,835,2,163570.0,2,1,1,154559.0,0,France,Male,28
9397,669,7,0.0,2,1,1,138146.0,0,France,Male,29
9398,672,3,165879.0,2,1,1,164537.0,0,Germany,Female,21
9399,702,7,145537.0,1,0,1,135334.0,0,France,Male,40
9400,511,9,105609.0,1,0,1,105425.0,0,Germany,Female,75
9401,652,3,103697.0,3,0,0,155221.0,1,France,Female,31
9402,663,8,130628.0,1,1,0,47161.2,1,Germany,Male,32
9403,589,2,0.0,1,1,0,79915.3,0,France,Male,38
9404,376,6,0.0,1,1,0,157334.0,1,France,Female,46
9405,772,6,99785.3,2,0,0,197238.0,0,Germany,Male,30
9406,601,1,0.0,2,0,1,160607.0,0,France,Female,41
9407,688,5,111578.0,1,0,0,166166.0,1,Germany,Male,35
9408,602,0,191809.0,1,0,0,97640.2,0,France,Male,49
9409,614,4,40685.9,1,1,1,46775.3,0,France,Male,51
9410,562,5,87140.9,1,1,1,39351.6,0,France,Male,75
9411,443,3,138548.0,1,1,1,70196.2,1,France,Female,54
9412,759,4,0.0,2,1,0,124616.0,0,France,Male,40
9413,805,4,0.0,2,1,0,4798.12,0,France,Female,31
9414,781,0,57099.0,1,1,0,85644.1,1,France,Female,48
9415,505,6,127147.0,1,0,0,137566.0,0,Germany,Male,43
9416,670,5,79336.6,1,1,1,26170.1,0,France,Female,27
9417,670,1,0.0,1,1,1,177656.0,1,Spain,Female,65
9418,702,3,0.0,2,0,0,94949.8,0,France,Male,50
9419,514,7,0.0,2,1,1,3756.65,0,France,Female,41
9420,606,1,155655.0,1,1,1,192388.0,1,France,Male,36
9421,636,7,139859.0,1,1,1,108403.0,0,France,Female,45
9422,667,1,87202.4,1,1,1,77866.9,0,Spain,Male,38
9423,743,6,0.0,2,0,1,107867.0,0,France,Female,73
9424,578,7,82259.3,1,1,0,8996.97,0,France,Male,38
9425,565,2,89558.4,2,1,1,4441.54,0,Germany,Male,31
9426,550,0,0.0,2,1,1,184221.0,0,France,Male,25
9427,806,1,0.0,2,0,1,103946.0,0,France,Female,67
9428,652,10,0.0,2,1,1,114676.0,0,Spain,Female,75
9429,705,2,143250.0,1,1,0,88428.4,1,Germany,Female,56
9430,700,8,0.0,2,0,1,152097.0,0,Spain,Male,29
9431,661,1,141137.0,1,1,0,189743.0,1,Germany,Male,44
9432,607,7,123860.0,1,0,1,113052.0,0,France,Male,45
9433,769,6,117852.0,2,1,0,147669.0,0,France,Female,31
9434,699,3,106820.0,1,0,1,163570.0,0,Germany,Male,59
9435,594,4,0.0,2,0,0,186884.0,0,France,Male,38
9436,682,2,105164.0,2,1,1,164170.0,0,Germany,Male,32
9437,717,1,90537.2,1,0,1,74801.0,0,France,Female,28
9438,691,7,116928.0,1,1,0,21198.4,0,Germany,Male,30
9439,670,2,0.0,2,1,1,54229.7,0,France,Male,37
9440,625,9,108546.0,3,1,0,133808.0,1,France,Male,36
9441,648,0,0.0,1,0,1,117323.0,0,France,Male,32
9442,515,4,151013.0,2,1,0,9770.97,0,Spain,Male,29
9443,716,9,0.0,1,1,1,113267.0,0,France,Male,41
9444,694,7,0.0,1,1,0,133570.0,1,Spain,Female,35
9445,745,2,0.0,4,0,1,179705.0,1,France,Female,32
9446,646,10,0.0,2,0,1,52795.1,0,France,Male,18
9447,656,4,0.0,2,1,0,116706.0,0,Spain,Male,33
9448,637,9,0.0,2,1,0,145477.0,0,France,Female,41
9449,700,8,159900.0,1,0,0,22698.6,0,Spain,Male,28
9450,638,10,138333.0,1,1,1,47679.1,0,France,Female,48
9451,556,9,0.0,1,1,0,175149.0,1,France,Female,52
9452,714,5,140511.0,1,1,0,141915.0,0,Germany,Female,49
9453,608,2,127924.0,2,1,0,32202.6,0,Germany,Female,48
9454,555,4,146799.0,1,1,1,74149.8,0,France,Male,55
9455,707,9,162691.0,2,1,0,94912.8,0,Germany,Male,34
9456,618,4,0.0,2,1,1,77550.2,0,Spain,Male,33
9457,675,5,115654.0,2,1,1,131971.0,0,Spain,Male,66
9458,629,2,121648.0,2,1,1,64849.7,1,Germany,Male,40
9459,671,4,0.0,2,0,1,79270.0,0,Spain,Female,31
9460,540,2,109349.0,1,1,0,88703.0,1,France,Male,48
9461,739,1,0.0,2,1,1,58469.8,0,Spain,Male,31
9462,537,3,0.0,2,1,1,20603.3,0,France,Male,37
9463,676,2,124442.0,1,1,0,15068.5,1,Germany,Female,48
9464,800,3,75893.1,2,1,0,132562.0,0,France,Female,40
9465,484,5,0.0,2,1,1,175224.0,0,Spain,Female,39
9466,609,6,0.0,1,0,1,112585.0,0,France,Male,41
9467,549,1,137592.0,2,0,1,116548.0,1,Germany,Female,55
9468,650,9,0.0,2,1,0,17974.1,0,France,Male,37
9469,652,4,0.0,2,1,0,143393.0,0,France,Female,37
9470,772,9,0.0,2,1,0,170981.0,0,France,Male,34
9471,580,2,123331.0,1,0,0,103516.0,1,Germany,Female,42
9472,690,0,106684.0,2,1,1,137916.0,0,Germany,Male,32
9473,611,7,0.0,2,1,1,157474.0,0,France,Male,27
9474,568,1,99282.6,1,0,0,134601.0,1,Germany,Male,40
9475,705,0,0.0,2,0,0,149773.0,0,France,Female,48
9476,445,10,0.0,2,0,1,90977.5,0,Spain,Male,45
9477,517,4,0.0,1,1,0,22372.8,0,Spain,Male,46
9478,763,4,0.0,1,1,0,77203.7,1,France,Female,53
9479,726,8,123111.0,3,0,1,130114.0,1,Spain,Female,56
9480,609,6,94126.7,1,0,0,93718.2,0,Germany,Male,33
9481,650,4,0.0,2,0,0,186276.0,0,France,Female,39
9482,466,5,119540.0,1,0,1,80604.0,0,France,Female,36
9483,753,0,3768.69,2,1,0,177065.0,1,France,Female,40
9484,516,10,138848.0,1,1,1,127257.0,0,Germany,Female,33
9485,724,8,172192.0,1,1,1,136902.0,0,Germany,Male,54
9486,834,8,112282.0,3,1,0,140225.0,1,Germany,Female,57
9487,638,7,124514.0,2,1,0,158611.0,0,Germany,Female,37
9488,647,9,0.0,2,1,1,78488.4,0,France,Male,43
9489,608,1,0.0,1,1,0,70649.6,1,France,Male,59
9490,654,1,0.0,1,1,0,180345.0,0,France,Male,29
9491,714,6,122724.0,1,1,1,67057.3,0,France,Male,28
9492,770,5,141547.0,2,0,1,180327.0,0,Germany,Male,37
9493,762,6,0.0,2,1,0,55500.2,0,Spain,Female,19
9494,749,1,124209.0,1,1,1,167179.0,0,Spain,Female,43
9495,431,5,83624.5,2,0,0,36899.6,0,Germany,Male,45
9496,475,7,160818.0,1,0,1,169642.0,1,France,Male,40
9497,778,3,102291.0,2,1,0,182691.0,0,Germany,Female,48
9498,637,8,0.0,1,1,0,12156.9,1,Spain,Male,43
9499,652,6,112519.0,2,0,1,110421.0,0,France,Female,36
9500,524,7,0.0,2,1,1,105449.0,0,France,Male,29
9501,783,3,81811.7,1,1,0,164214.0,1,Spain,Female,44
9502,580,9,128363.0,1,1,0,86045.0,0,France,Female,39
9503,584,3,137479.0,1,1,0,25669.1,0,Germany,Male,42
9504,770,4,0.0,1,1,0,26080.5,1,France,Female,33
9505,445,2,136771.0,1,0,1,43678.1,0,France,Male,64
9506,651,7,0.0,2,1,0,13898.3,0,France,Male,36
9507,553,4,0.0,2,1,1,89087.4,0,France,Female,31
9508,696,4,114028.0,1,1,1,193717.0,0,Germany,Male,30
9509,687,9,0.0,2,0,1,73133.8,0,France,Male,35
9510,543,5,0.0,2,0,1,143980.0,0,Spain,Male,41
9511,515,7,92113.6,1,1,1,142548.0,0,France,Male,65
9512,554,7,92606.9,2,1,0,192710.0,0,France,Female,26
9513,641,10,0.0,2,1,1,180808.0,0,Spain,Male,25
9514,526,8,93590.5,1,0,1,21228.7,1,France,Male,52
9515,529,6,93616.4,2,0,0,98348.7,0,France,Male,43
9516,531,9,99240.5,1,1,0,123137.0,0,Spain,Female,36
9517,756,3,100718.0,3,1,1,73406.0,1,Germany,Female,39
9518,568,7,169400.0,1,1,0,61936.2,0,Spain,Female,32
9519,494,6,0.0,2,0,1,109988.0,0,France,Male,25
9520,710,5,0.0,2,1,0,9561.73,0,Spain,Female,31
9521,587,6,88820.3,1,0,0,70224.3,0,France,Female,46
9522,605,2,0.0,1,0,0,35982.4,0,France,Female,34
9523,619,4,175406.0,2,1,1,172792.0,1,Spain,Female,32
9524,513,10,0.0,2,1,1,52952.2,0,Spain,Male,88
9525,617,8,0.0,1,1,1,92621.9,0,France,Female,30
9526,710,4,109131.0,2,1,1,56192.0,0,France,Male,21
9527,659,9,123785.0,1,1,0,99504.0,1,France,Female,56
9528,448,2,0.0,2,0,0,95215.7,0,Spain,Male,25
9529,559,5,139129.0,1,0,1,32635.5,0,Spain,Female,40
9530,721,3,44020.9,1,1,0,65864.4,1,France,Female,55
9531,781,4,80790.7,1,1,0,116430.0,0,Spain,Male,35
9532,784,2,109052.0,2,1,0,6409.55,0,Spain,Female,42
9533,587,5,100117.0,1,1,0,34215.6,0,France,Male,33
9534,746,6,141806.0,2,1,1,183495.0,0,Germany,Male,34
9535,590,6,0.0,2,1,0,171021.0,0,Spain,Female,34
9536,545,1,0.0,2,1,1,82614.9,0,Spain,Female,44
9537,677,8,134797.0,2,1,1,114859.0,0,Spain,Male,18
9538,605,10,113691.0,1,1,0,33114.2,0,Germany,Male,28
9539,606,8,154713.0,2,1,0,89099.2,0,Spain,Male,37
9540,595,10,101127.0,2,0,0,37042.8,0,Spain,Female,23
9541,543,1,146566.0,1,0,1,161407.0,0,Germany,Female,25
9542,824,3,0.0,2,1,0,192800.0,0,Spain,Female,38
9543,625,5,0.0,2,1,0,32615.2,0,France,Female,39
9544,705,3,92224.6,1,1,1,54517.2,0,France,Female,39
9545,610,6,0.0,2,1,0,158303.0,1,Spain,Male,42
9546,570,2,131407.0,1,1,1,47952.4,0,France,Male,30
9547,642,7,0.0,2,1,0,10712.8,0,France,Female,40
9548,650,9,119618.0,1,1,1,29861.1,0,Spain,Male,55
9549,491,0,53369.1,1,1,1,103934.0,0,France,Female,36
9550,733,6,168166.0,1,0,1,197193.0,0,France,Female,44
9551,594,7,0.0,1,1,0,26215.8,1,France,Female,56
9552,689,5,75075.1,1,1,1,8651.92,1,Spain,Male,38
9553,754,2,160625.0,1,0,1,3554.63,0,Spain,Male,40
9554,643,5,94443.8,1,1,1,165614.0,0,France,Male,30
9555,786,2,120136.0,2,1,1,125449.0,0,Germany,Male,24
9556,639,4,0.0,2,0,0,167682.0,0,France,Female,42
9557,498,2,120703.0,2,1,1,98175.7,0,Germany,Female,44
9558,649,7,0.0,2,0,1,75204.2,0,France,Male,45
9559,651,4,0.0,2,0,0,193009.0,0,Spain,Male,45
9560,628,5,0.0,1,0,0,147963.0,1,France,Female,31
9561,549,6,193858.0,1,0,1,21600.1,0,Spain,Male,25
9562,721,3,107721.0,1,1,1,158591.0,0,Germany,Male,37
9563,703,8,105962.0,2,0,1,74158.8,0,France,Male,37
9564,777,1,0.0,2,1,0,21785.9,0,France,Male,43
9565,720,7,0.0,1,1,1,14781.1,0,France,Male,52
9566,850,2,83415.0,1,0,1,74917.6,0,Germany,Female,33
9567,526,7,132045.0,2,1,1,158366.0,0,Spain,Male,66
9568,640,9,94752.5,1,1,0,184006.0,1,Germany,Female,43
9569,690,2,0.0,2,1,0,151376.0,0,France,Male,47
9570,703,7,0.0,2,1,1,68831.7,0,France,Female,45
9571,791,3,0.0,1,1,1,144414.0,1,France,Female,33
9572,629,1,161758.0,2,1,1,146372.0,0,Spain,Male,36
9573,544,6,0.0,2,0,1,151401.0,0,France,Female,45
9574,587,10,0.0,2,1,1,170409.0,0,France,Male,39
9575,718,3,0.0,2,1,1,145355.0,0,France,Female,39
9576,785,1,130148.0,1,1,0,163798.0,1,France,Female,39
9577,685,9,108589.0,2,0,1,194809.0,0,Germany,Male,43
9578,633,6,117412.0,1,0,0,30338.9,0,Germany,Male,29
9579,544,2,0.0,2,0,0,135067.0,0,Spain,Male,37
9580,575,3,0.0,1,1,0,83594.5,0,Spain,Male,43
9581,850,1,130090.0,2,1,1,4466.21,0,Germany,Female,31
9582,538,9,0.0,2,1,0,110440.0,1,Spain,Male,68
9583,628,4,122228.0,1,0,1,14217.8,1,Germany,Male,50
9584,520,3,108914.0,1,1,1,183572.0,1,Germany,Female,31
9585,598,8,90721.5,2,1,0,109296.0,0,Spain,Male,27
9586,639,8,97840.7,1,1,1,178223.0,0,Spain,Female,28
9587,628,4,0.0,2,1,1,176751.0,0,Spain,Male,28
9588,790,5,0.0,1,1,0,20510.8,0,France,Male,26
9589,622,8,0.0,2,1,1,131773.0,0,France,Male,35
9590,799,8,70416.8,1,1,1,36483.5,0,France,Male,70
9591,620,9,0.0,2,0,0,154883.0,0,Spain,Male,21
9592,809,5,0.0,1,1,0,77705.8,0,France,Female,39
9593,622,1,89688.9,1,1,1,152305.0,0,France,Female,31
9594,653,9,143322.0,1,1,0,83679.5,0,Germany,Male,31
9595,637,1,104683.0,1,1,0,55267.0,1,Germany,Male,51
9596,731,3,116881.0,1,0,0,172718.0,1,Germany,Male,37
9597,589,2,0.0,2,0,1,98320.3,0,France,Male,29
9598,714,9,89929.0,1,1,0,46203.3,0,France,Female,26
9599,807,1,93460.5,2,0,0,172783.0,0,Germany,Female,31
9600,759,1,0.0,2,1,0,20778.4,0,Spain,Male,38
9601,601,9,0.0,1,1,1,80393.3,0,France,Male,29
9602,610,1,0.0,2,1,1,199657.0,0,France,Female,45
9603,626,2,0.0,1,0,1,173117.0,1,France,Female,44
9604,583,7,0.0,2,1,0,144039.0,0,France,Female,42
9605,814,1,118871.0,1,1,0,101704.0,0,France,Male,31
9606,537,1,96939.1,1,1,1,102607.0,0,Spain,Female,38
9607,627,3,128771.0,2,1,1,40199.0,0,Germany,Male,30
9608,550,6,154377.0,1,1,1,51721.5,0,France,Male,22
9609,444,5,84350.1,1,1,0,143836.0,0,France,Female,40
9610,685,6,174913.0,1,1,1,43932.5,0,France,Male,33
9611,597,7,119127.0,2,1,0,55809.9,0,Germany,Female,43
9612,418,9,0.0,1,1,1,81014.5,1,France,Female,46
9613,747,9,0.0,1,1,0,32430.9,1,Spain,Male,41
9614,646,0,92398.1,1,1,1,18897.3,0,Germany,Male,24
9615,612,1,182705.0,1,1,1,171837.0,0,France,Male,24
9616,551,1,121400.0,1,0,1,84508.4,1,Germany,Male,50
9617,848,5,148496.0,1,0,0,158854.0,0,Germany,Female,40
9618,648,7,0.0,2,1,0,194239.0,0,France,Female,37
9619,749,1,74386.0,1,1,0,20164.5,0,France,Female,33
9620,549,2,112542.0,2,0,0,47432.4,0,France,Male,37
9621,552,4,121176.0,1,1,0,117505.0,1,Germany,Male,50
9622,559,5,68999.7,2,1,1,66879.3,0,France,Female,34
9623,762,4,88815.6,2,1,0,68562.3,1,Germany,Male,34
9624,740,2,126524.0,1,1,0,136869.0,0,Germany,Male,33
9625,533,7,0.0,1,0,1,194114.0,1,Spain,Female,52
9626,642,8,128264.0,1,1,0,61792.8,1,Germany,Female,39
9627,637,9,154310.0,1,1,1,125334.0,1,Germany,Male,40
9628,595,2,105736.0,1,1,1,89935.7,1,Germany,Female,64
9629,657,6,95845.6,1,1,0,122218.0,0,France,Female,37
9630,629,8,0.0,2,1,1,180595.0,0,Spain,Male,34
9631,817,1,118963.0,1,1,1,120820.0,0,France,Male,59
9632,477,9,0.0,2,0,1,184061.0,0,Spain,Male,31
9633,780,9,142550.0,2,1,1,122507.0,0,Germany,Male,71
9634,645,4,160134.0,1,0,1,88392.0,0,Germany,Male,49
9635,466,4,91592.1,1,1,0,141210.0,1,France,Male,40
9636,748,3,95297.1,1,0,0,171516.0,0,France,Male,40
9637,691,3,0.0,1,1,0,175844.0,1,France,Male,52
9638,719,5,0.0,2,0,0,78563.7,0,Spain,Female,48
9639,606,7,128579.0,1,1,1,193879.0,0,Spain,Male,38
9640,626,7,113015.0,2,1,1,56646.3,0,France,Male,34
9641,588,10,125535.0,1,1,0,121504.0,1,Germany,Female,40
9642,571,7,0.0,2,0,0,112367.0,0,France,Female,47
9643,642,9,0.0,2,1,1,150475.0,0,Spain,Female,33
9644,638,1,105250.0,2,1,1,23491.1,0,Germany,Female,26
9645,688,5,0.0,2,0,0,197602.0,0,Spain,Male,42
9646,684,5,174180.0,1,1,0,119830.0,0,Spain,Female,36
9647,552,8,103362.0,1,0,1,186870.0,1,Germany,Female,42
9648,708,10,86614.1,2,1,1,172129.0,0,France,Male,32
9649,645,8,0.0,2,1,0,162013.0,0,Spain,Male,49
9650,841,2,0.0,2,1,0,173241.0,0,France,Male,31
9651,566,5,141429.0,2,0,0,68408.7,0,Germany,Female,44
9652,850,7,108186.0,2,0,0,24093.4,1,Spain,Male,54
9653,783,9,114135.0,1,1,0,153270.0,0,France,Male,38
9654,603,9,0.0,2,1,0,167916.0,0,France,Female,34
9655,720,6,97188.6,1,0,0,91881.3,0,Spain,Male,33
9656,668,4,102486.0,2,1,1,158379.0,0,Spain,Male,45
9657,809,2,154763.0,2,1,1,174800.0,0,France,Female,38
9658,617,7,115617.0,1,1,1,71519.4,0,Spain,Female,36
9659,630,1,0.0,2,1,1,133268.0,0,France,Female,28
9660,574,5,0.0,2,0,0,28269.9,0,Spain,Male,34
9661,737,7,128551.0,2,0,1,189403.0,0,France,Female,32
9662,835,2,0.0,2,1,1,39820.1,0,France,Female,56
9663,678,8,0.0,2,0,1,98090.7,0,Spain,Female,49
9664,755,6,165048.0,3,1,0,16929.4,1,Germany,Male,43
9665,662,2,96479.8,1,1,0,120259.0,0,France,Female,38
9666,701,9,147510.0,1,1,0,190612.0,0,France,Male,33
9667,644,9,76817.0,4,1,0,196371.0,1,France,Male,50
9668,628,3,0.0,2,1,1,8742.91,0,France,Male,36
9669,736,2,0.0,2,1,1,117431.0,0,Spain,Female,28
9670,606,10,0.0,2,0,1,155641.0,0,France,Female,36
9671,850,1,96947.6,3,1,0,62283.0,1,Germany,Female,70
9672,808,8,139196.0,1,0,1,74028.4,0,Spain,Male,47
9673,604,5,157781.0,2,1,1,58426.8,0,Germany,Female,25
9674,823,3,105057.0,1,1,0,9217.92,0,France,Male,34
9675,670,4,119625.0,2,1,1,110472.0,0,France,Female,38
9676,527,10,131415.0,1,1,0,54947.5,0,Spain,Female,46
9677,677,2,0.0,2,1,1,20092.9,0,France,Male,27
9678,670,2,164949.0,3,0,0,177028.0,1,Germany,Male,40
9679,527,9,96748.9,2,1,0,94711.4,0,Germany,Female,39
9680,612,10,75497.5,1,0,0,149683.0,0,France,Female,42
9681,451,2,0.0,2,1,1,180142.0,0,France,Female,36
9682,505,0,134006.0,1,1,1,93736.7,0,Spain,Male,37
9683,565,3,108888.0,3,0,1,135876.0,1,Germany,Female,58
9684,670,6,112334.0,1,1,1,65706.9,0,France,Female,42
9685,666,7,105102.0,1,1,1,46172.5,0,Germany,Male,74
9686,790,8,182365.0,1,0,0,139266.0,1,Spain,Male,46
9687,681,5,141952.0,1,1,1,185144.0,0,France,Male,36
9688,500,2,125496.0,2,1,1,68807.5,0,Germany,Male,30
9689,640,2,68432.5,2,1,1,112503.0,1,France,Male,63
9690,683,8,98567.1,1,1,0,187987.0,0,Spain,Female,24
9691,711,8,113900.0,1,0,0,80215.2,0,France,Female,37
9692,584,5,0.0,2,1,0,89286.3,0,France,Male,47
9693,481,8,152304.0,2,1,1,175082.0,0,France,Male,37
9694,850,4,91292.7,1,1,1,162149.0,0,Spain,Female,31
9695,541,9,100117.0,1,1,1,199808.0,1,Germany,Female,39
9696,696,3,153639.0,1,1,1,138352.0,0,Spain,Male,40
9697,758,1,154139.0,1,1,1,60728.9,0,France,Female,34
9698,614,3,113348.0,1,1,1,77789.0,0,Spain,Female,40
9699,716,1,70657.6,2,1,1,76476.0,0,France,Male,39
9700,628,4,158741.0,2,1,1,126193.0,0,France,Male,34
9701,796,6,94231.1,1,0,0,121165.0,1,Spain,Male,56
9702,615,0,81564.1,2,0,1,35896.1,0,France,Male,64
9703,603,5,127824.0,1,1,1,19483.3,0,France,Male,43
9704,736,0,0.0,2,1,0,109356.0,1,France,Female,24
9705,620,7,0.0,2,1,1,34665.8,0,France,Male,32
9706,734,3,55853.3,2,0,1,94811.9,1,Spain,Female,43
9707,822,3,115074.0,2,1,0,26249.9,0,Germany,Female,46
9708,575,1,0.0,1,0,1,94570.6,0,France,Male,36
9709,573,0,134644.0,1,1,1,70381.5,0,Germany,Male,31
9710,625,3,0.0,1,0,0,183646.0,0,France,Female,28
9711,750,7,97257.4,2,0,1,179883.0,0,Spain,Female,38
9712,534,1,0.0,1,1,1,169653.0,0,France,Male,24
9713,633,7,0.0,2,1,0,29761.3,0,France,Female,44
9714,537,1,103138.0,1,1,1,96555.4,0,Spain,Male,30
9715,655,8,87471.6,1,0,1,188594.0,0,France,Male,44
9716,658,3,133003.0,1,0,1,146339.0,1,Germany,Female,31
9717,563,7,0.0,2,0,0,16319.6,0,Spain,Male,24
9718,597,5,0.0,2,1,1,174826.0,0,France,Female,29
9719,678,6,0.0,2,1,0,64443.8,0,Spain,Male,29
9720,655,3,113812.0,2,0,1,76844.2,0,Spain,Female,28
9721,635,10,123498.0,1,1,0,131953.0,1,France,Female,40
9722,754,8,0.0,2,1,1,52615.6,0,France,Male,28
9723,621,2,91258.5,2,1,0,44857.4,0,Germany,Female,34
9724,662,4,90350.8,1,1,0,75884.6,1,Spain,Female,41
9725,677,3,0.0,2,1,0,179609.0,0,France,Female,25
9726,626,4,137639.0,1,1,0,130442.0,1,France,Male,43
9727,593,3,133903.0,2,1,1,85902.4,1,Germany,Female,48
9728,604,9,124577.0,1,1,1,7267.25,0,Spain,Male,23
9729,823,5,164858.0,1,1,1,173517.0,0,France,Male,37
9730,720,3,86102.3,1,1,0,180135.0,1,France,Male,44
9731,706,2,141079.0,1,1,1,24402.9,0,Spain,Male,24
9732,531,1,0.0,1,1,0,4606.97,0,France,Female,37
9733,709,9,131570.0,1,1,1,103971.0,0,France,Female,40
9734,620,5,108197.0,2,1,0,49722.3,0,Germany,Male,40
9735,732,0,134250.0,1,0,1,13404.4,0,Spain,Male,54
9736,693,9,0.0,2,1,1,135503.0,0,Spain,Female,57
9737,602,7,113758.0,2,0,0,84077.6,0,France,Male,23
9738,730,7,0.0,2,1,0,144099.0,0,France,Female,27
9739,600,6,0.0,2,1,1,172031.0,0,Spain,Female,27
9740,558,8,113001.0,1,1,1,152872.0,0,France,Male,38
9741,598,1,0.0,2,1,0,195635.0,1,France,Male,64
9742,548,2,172449.0,1,1,0,188084.0,1,France,Female,32
9743,659,7,89939.6,1,1,0,136540.0,0,France,Female,33
9744,750,5,151532.0,1,1,1,46555.1,0,France,Male,38
9745,619,4,98955.9,1,0,1,131713.0,0,Germany,Male,29
9746,453,6,0.0,1,0,0,198376.0,1,France,Male,29
9747,503,10,136623.0,2,0,0,47310.2,0,Germany,Male,30
9748,456,9,133061.0,1,1,1,125168.0,0,Germany,Male,32
9749,658,4,80262.6,1,1,1,20612.8,0,France,Male,29
9750,569,9,146101.0,1,1,0,32574.0,1,Germany,Female,42
9751,729,5,0.0,2,0,1,9200.54,0,France,Male,44
9752,850,2,0.0,2,1,1,56991.7,0,France,Male,35
9753,466,5,102086.0,1,1,1,183536.0,1,Germany,Female,47
9754,632,3,193355.0,2,1,0,149188.0,0,France,Male,40
9755,600,6,0.0,1,0,1,148088.0,1,France,Female,49
9756,524,10,0.0,2,1,0,109615.0,0,France,Female,36
9757,614,1,118312.0,1,1,0,146135.0,0,France,Male,36
9758,729,5,109677.0,1,1,1,25548.5,0,Germany,Male,29
9759,678,2,109137.0,1,1,1,58814.4,0,France,Male,28
9760,547,4,0.0,1,1,1,133288.0,0,France,Female,35
9761,517,9,142147.0,1,0,0,39488.0,1,France,Male,56
9762,773,8,96877.2,1,1,1,113951.0,0,France,Male,45
9763,631,8,138293.0,2,0,0,152423.0,1,Germany,Male,37
9764,682,7,0.0,2,1,0,65069.0,0,France,Female,48
9765,775,2,123783.0,1,1,1,134902.0,0,Germany,Male,51
9766,572,1,0.0,2,1,1,151461.0,0,France,Male,24
9767,773,2,103195.0,2,1,0,178268.0,0,Spain,Male,37
9768,689,5,154252.0,1,0,1,118320.0,0,Spain,Female,40
9769,806,0,135296.0,1,1,0,182822.0,0,Germany,Female,59
9770,845,0,0.0,1,1,0,31726.8,1,Spain,Female,52
9771,763,9,160680.0,1,1,0,30886.3,0,Germany,Male,32
9772,732,1,154334.0,1,1,1,138528.0,0,Germany,Female,29
9773,656,3,0.0,2,0,1,17104.0,0,France,Male,30
9774,537,8,92242.3,1,1,1,186236.0,0,Germany,Male,84
9775,699,3,125689.0,1,1,1,151624.0,0,France,Male,29
9776,707,9,0.0,2,1,0,126476.0,0,Spain,Male,32
9777,797,1,151923.0,1,1,0,8877.06,0,Germany,Male,32
9778,688,0,0.0,2,1,0,105785.0,0,France,Male,26
9779,715,7,0.0,1,1,1,149971.0,0,Spain,Male,31
9780,707,2,0.0,3,1,1,94148.3,0,France,Male,35
9781,558,1,153698.0,2,0,0,89891.4,1,France,Female,45
9782,646,7,0.0,2,1,0,1528.4,0,France,Male,38
9783,480,2,165693.0,1,1,1,197985.0,0,France,Male,35
9784,626,8,0.0,2,0,0,191421.0,0,Spain,Male,26
9785,707,7,127477.0,2,1,1,146012.0,0,France,Female,46
9786,544,8,0.0,1,1,1,98208.6,0,France,Male,38
9787,583,1,125407.0,1,1,1,110784.0,0,France,Female,27
9788,600,6,94684.3,1,1,1,50488.9,0,Spain,Female,50
9789,611,8,100812.0,2,1,0,147358.0,0,France,Female,40
9790,512,3,0.0,2,1,1,56408.1,0,Spain,Female,46
9791,664,2,0.0,1,1,1,177423.0,1,France,Male,46
9792,785,4,135438.0,1,0,0,190627.0,0,France,Female,36
9793,667,2,0.0,1,1,0,43229.2,0,France,Male,48
9794,833,1,130855.0,1,1,1,30722.5,1,Germany,Male,59
9795,497,7,131779.0,1,1,1,9972.64,0,Germany,Female,55
9796,741,8,0.0,2,1,1,115995.0,0,France,Male,29
9797,726,4,0.0,2,0,0,6787.48,0,France,Female,38
9798,714,2,0.0,1,1,1,132979.0,0,Spain,Male,25
9799,593,10,0.0,2,0,0,53478.0,0,Spain,Male,43
9800,764,1,75991.0,1,1,0,158324.0,1,Spain,Female,48
9801,491,2,125860.0,1,0,0,129690.0,0,Germany,Male,19
9802,675,3,0.0,2,1,0,45348.1,0,Spain,Male,33
9803,728,2,109706.0,1,1,0,20276.9,1,France,Female,46
9804,810,9,120880.0,2,0,1,78896.6,0,France,Male,32
9805,630,8,0.0,2,0,1,79377.5,0,France,Male,50
9806,686,1,57422.6,1,1,1,79189.4,0,Germany,Male,26
9807,430,6,135392.0,2,1,1,172852.0,1,Germany,Female,66
9808,850,9,137302.0,1,1,0,44351.8,0,France,Female,47
9809,526,3,0.0,2,1,0,31705.2,0,Spain,Female,43
9810,697,1,0.0,2,0,0,735.79,0,Spain,Male,30
9811,814,6,0.0,2,1,1,98657.0,0,France,Female,36
9812,668,0,0.0,2,0,0,29388.0,0,France,Male,46
9813,650,2,84906.5,1,1,0,163216.0,0,France,Male,32
9814,588,3,109109.0,1,0,1,4993.94,0,Spain,Male,32
9815,755,8,0.0,2,1,0,176810.0,0,France,Male,36
9816,654,8,0.0,2,1,0,88659.4,0,France,Male,38
9817,558,1,148853.0,2,1,1,24411.0,0,Germany,Male,26
9818,845,3,152064.0,2,1,0,97910.1,0,Germany,Female,43
9819,671,0,92674.9,2,1,0,3647.57,0,Spain,Male,38
9820,422,4,0.0,2,1,1,7166.71,0,Spain,Female,54
9821,719,7,0.0,1,0,0,76264.3,0,Spain,Female,32
9822,756,4,130274.0,1,1,1,133535.0,0,Spain,Male,19
9823,678,7,128915.0,1,0,0,191746.0,1,France,Male,54
9824,709,3,150301.0,2,1,0,71672.9,0,France,Female,41
9825,576,7,0.0,2,1,0,4660.91,0,France,Male,32
9826,678,6,118448.0,2,1,0,53172.0,0,Germany,Male,36
9827,585,4,138227.0,2,1,1,55287.8,0,France,Male,56
9828,648,6,130695.0,2,1,1,153955.0,1,France,Female,39
9829,605,1,117993.0,1,1,1,183599.0,0,Germany,Female,31
9830,657,7,126274.0,1,0,1,91673.6,0,Spain,Male,75
9831,499,6,77627.3,2,1,0,108223.0,0,Germany,Female,44
9832,525,6,55328.4,1,1,0,83342.7,1,France,Female,59
9833,610,9,0.0,3,0,1,83912.2,0,Spain,Male,29
9834,628,5,0.0,2,1,1,181965.0,0,France,Male,69
9835,421,2,0.0,2,1,1,96615.2,0,France,Male,34
9836,662,9,0.0,2,0,1,157885.0,0,Spain,Female,30
9837,717,2,164558.0,1,0,1,82336.7,0,Spain,Female,36
9838,718,1,0.0,2,0,1,27509.5,1,France,Female,41
9839,756,3,115925.0,1,1,0,93524.2,1,Germany,Female,60
9840,795,8,0.0,2,1,0,167155.0,0,Spain,Male,35
9841,562,6,130565.0,1,1,0,9854.72,1,Germany,Female,39
9842,709,4,147308.0,1,0,1,40861.6,0,France,Male,32
9843,728,9,150412.0,2,1,0,170764.0,0,Germany,Female,33
9844,708,5,0.0,3,0,1,112520.0,1,Spain,Female,64
9845,486,1,101438.0,1,0,0,51364.6,0,Germany,Male,37
9846,678,8,0.0,2,1,1,159939.0,0,Spain,Female,61
9847,568,4,0.0,3,1,1,66586.6,0,France,Male,51
9848,774,4,120875.0,2,0,1,113407.0,0,Germany,Male,34
9849,684,4,138476.0,2,1,1,52367.3,0,Germany,Male,37
9850,750,8,151836.0,2,1,0,68695.4,0,Germany,Male,42
9851,607,10,0.0,3,1,0,132741.0,1,France,Female,39
9852,730,8,148749.0,2,1,0,91830.8,0,France,Female,36
9853,576,2,100549.0,2,1,1,16644.2,0,Spain,Male,52
9854,620,3,0.0,2,1,1,43486.7,0,France,Female,67
9855,673,0,0.0,1,1,1,72873.3,0,Spain,Female,32
9856,513,9,0.0,2,1,0,152500.0,0,France,Female,43
9857,624,6,0.0,2,0,0,84750.0,0,France,Male,36
9858,618,7,0.0,1,1,0,13921.8,1,France,Male,48
9859,525,2,145965.0,1,1,1,64448.4,0,Spain,Female,57
9860,610,0,103108.0,1,0,0,125647.0,0,France,Male,34
9861,636,2,0.0,2,1,1,55470.8,0,France,Male,42
9862,700,2,0.0,2,0,1,182055.0,0,France,Female,82
9863,537,6,141787.0,1,0,1,147798.0,0,Spain,Female,38
9864,662,2,117732.0,2,0,1,55120.8,0,France,Male,34
9865,646,8,0.0,2,1,0,133059.0,0,France,Female,46
9866,803,2,151660.0,2,0,1,6930.17,0,France,Female,65
9867,680,2,108393.0,1,0,1,39057.7,0,France,Male,33
9868,714,3,35016.6,1,1,0,53667.1,0,Germany,Male,33
9869,702,9,0.0,2,1,1,158527.0,0,Spain,Female,38
9870,606,4,132404.0,1,0,0,36091.9,1,Germany,Male,48
9871,445,2,137655.0,1,0,1,29909.8,0,Germany,Female,61
9872,523,3,0.0,2,1,0,6726.53,0,France,Male,39
9873,586,7,0.0,2,1,0,70760.7,0,France,Female,35
9874,788,1,0.0,2,1,1,41610.6,0,Spain,Female,70
9875,526,3,122727.0,1,1,1,46772.4,0,Germany,Male,34
9876,505,5,136856.0,2,1,0,171071.0,0,Germany,Male,43
9877,611,7,0.0,1,1,1,63202.0,0,France,Male,38
9878,477,8,145985.0,1,1,1,24564.7,0,Germany,Female,58
9879,565,7,135370.0,1,0,1,140130.0,0,France,Male,46
9880,608,9,102407.0,1,0,1,57600.7,0,Spain,Female,38
9881,521,6,96423.8,1,1,0,10488.4,0,France,Male,35
9882,569,8,0.0,2,0,0,79618.8,0,Spain,Male,38
9883,632,4,0.0,2,0,0,192506.0,0,France,Male,38
9884,643,3,167949.0,1,1,0,143162.0,0,France,Female,31
9885,708,8,187488.0,1,1,1,120116.0,0,Spain,Female,32
9886,831,2,0.0,2,0,0,165841.0,0,France,Female,34
9887,705,6,133261.0,1,1,1,78065.9,0,Spain,Male,39
9888,791,7,52436.2,1,1,0,161052.0,0,Germany,Female,35
9889,617,0,70105.9,1,1,1,120831.0,0,Spain,Male,42
9890,510,0,113689.0,1,1,0,33099.4,1,Germany,Male,31
9891,632,0,106134.0,1,0,1,105570.0,0,France,Male,41
9892,680,0,129975.0,2,1,1,33391.4,0,Germany,Male,44
9893,727,5,136364.0,1,0,0,142755.0,0,France,Male,35
9894,516,6,62212.3,1,0,1,171682.0,1,France,Female,46
9895,589,9,140356.0,2,1,0,136330.0,0,Germany,Female,36
9896,683,8,0.0,1,0,0,73564.4,0,France,Male,33
9897,700,1,79415.7,1,0,1,139736.0,0,Spain,Male,54
9898,535,8,0.0,1,1,1,27689.8,0,France,Female,40
9899,644,5,161591.0,3,1,1,63795.6,0,Germany,Male,35
9900,724,0,171983.0,2,0,1,167313.0,0,Germany,Female,35
9901,691,6,134066.0,2,1,1,197572.0,0,France,Female,44
9902,634,8,130036.0,2,0,1,69849.5,0,Germany,Female,29
9903,627,5,0.0,2,1,1,103738.0,0,France,Male,33
9904,705,3,63488.7,1,0,1,28640.9,1,Spain,Female,47
9905,664,7,187602.0,1,1,0,186393.0,1,Spain,Female,53
9906,716,8,0.0,2,1,0,180800.0,0,Spain,Male,42
9907,660,3,128930.0,1,1,1,198070.0,0,Spain,Female,28
9908,588,8,0.0,1,1,0,20066.4,0,France,Female,27
9909,619,1,0.0,1,1,0,139919.0,0,Spain,Male,34
9910,793,2,128966.0,1,0,0,18633.4,1,Germany,Male,54
9911,591,3,96127.3,1,0,0,30972.1,0,France,Female,34
9912,553,7,0.0,2,1,0,7680.23,0,Spain,Male,42
9913,583,6,115989.0,1,1,0,57554.0,1,Germany,Female,54
9914,543,4,0.0,2,1,1,141210.0,0,France,Male,36
9915,630,7,0.0,2,1,1,6656.64,0,Spain,Male,26
9916,700,4,0.0,2,1,0,130789.0,0,France,Female,36
9917,733,3,157658.0,1,0,0,19658.4,0,France,Female,38
9918,850,0,124782.0,1,0,1,33700.5,0,France,Male,33
9919,809,9,0.0,1,1,1,124046.0,0,Spain,Male,33
9920,850,2,112755.0,2,0,0,158171.0,0,Germany,Male,44
9921,600,0,0.0,2,0,1,3756.23,0,France,Male,34
9922,653,1,0.0,2,1,1,5768.32,0,France,Female,42
9923,850,3,140394.0,2,0,1,186286.0,0,Germany,Male,44
9924,693,2,104763.0,1,1,1,62368.3,0,Germany,Male,46
9925,530,6,0.0,2,0,0,55893.4,0,Spain,Male,44
9926,670,6,0.0,2,1,1,78358.9,0,Spain,Male,25
9927,662,4,0.0,2,1,0,136260.0,0,Spain,Male,38
9928,652,8,133297.0,1,1,0,77764.4,0,France,Female,48
9929,594,6,153880.0,1,0,0,135432.0,0,France,Male,36
9930,720,5,183135.0,2,1,1,197688.0,0,France,Male,71
9931,744,6,93806.3,2,0,1,140069.0,0,France,Male,54
9932,640,1,111599.0,1,0,1,135996.0,0,Germany,Male,48
9933,529,7,0.0,2,1,1,175698.0,0,France,Female,31
9934,674,1,0.0,1,1,0,128954.0,0,France,Female,31
9935,553,4,118083.0,1,0,0,94440.5,0,France,Male,33
9936,850,7,80294.0,1,0,0,126556.0,0,France,Male,38
9937,637,4,126346.0,1,0,1,17323.0,1,Germany,Male,50
9938,543,1,100900.0,1,0,0,33310.7,1,Germany,Male,48
9939,585,10,0.0,2,1,1,180319.0,0,Spain,Male,36
9940,497,8,111537.0,4,1,1,9497.99,1,Germany,Female,32
9941,577,2,108867.0,1,0,0,140801.0,1,Spain,Male,51
9942,540,2,0.0,2,1,0,81995.9,0,Spain,Male,39
9943,670,5,49508.8,3,1,1,100324.0,0,Germany,Female,42
9944,763,0,152582.0,2,0,0,31892.8,0,France,Female,38
9945,438,7,127197.0,1,1,0,51566.0,1,Germany,Male,59
9946,583,7,94753.5,2,1,1,18149.0,0,Germany,Female,32
9947,808,2,100432.0,1,1,0,35140.5,1,Germany,Female,37
9948,739,7,104960.0,1,0,1,80883.8,0,France,Male,37
9949,693,5,124602.0,2,1,1,46998.1,1,Germany,Male,44
9950,569,8,161547.0,2,0,1,178187.0,0,Spain,Male,43
9951,634,5,115346.0,2,0,0,168782.0,0,France,Male,37
9952,679,4,77949.7,1,1,1,121151.0,0,Germany,Female,30
9953,779,1,0.0,2,1,1,190623.0,0,France,Male,27
9954,485,7,0.0,1,1,0,107067.0,0,Spain,Female,30
9955,710,2,135278.0,1,1,0,142200.0,0,Spain,Female,27
9956,722,6,89175.1,2,0,1,152884.0,0,Germany,Female,40
9957,850,8,102801.0,1,1,0,60811.6,0,France,Male,40
9958,637,2,0.0,2,0,1,102515.0,0,France,Male,41
9959,719,5,0.0,2,0,1,29132.4,0,France,Male,61
9960,575,3,139302.0,1,1,0,99844.0,0,France,Male,27
9961,763,9,0.0,1,1,1,31372.9,0,France,Male,35
9962,654,5,112146.0,1,1,0,75927.4,0,Germany,Male,37
9963,724,10,0.0,1,1,0,127847.0,1,France,Male,40
9964,599,10,103583.0,1,1,0,132128.0,1,Germany,Male,45
9965,656,4,163550.0,1,0,1,21085.1,0,Germany,Female,23
9966,657,0,163607.0,1,0,1,44203.6,0,Spain,Female,37
9967,583,8,0.0,2,1,1,27431.6,0,France,Female,44
9968,455,1,0.0,3,0,1,129975.0,0,France,Male,40
9969,704,4,165438.0,1,1,0,120771.0,1,France,Male,50
9970,791,7,0.0,2,1,0,96734.5,0,France,Male,34
9971,663,6,95439.4,1,1,1,21038.6,1,Germany,Female,46
9972,690,5,0.0,2,0,1,78700.0,0,Spain,Female,30
9973,793,2,0.0,2,1,0,193818.0,1,France,Male,32
9974,707,10,0.0,1,1,0,82968.0,1,France,Female,49
9975,453,8,120623.0,1,1,0,129698.0,0,Germany,Female,38
9976,691,8,133936.0,2,1,0,91359.8,0,France,Male,34
9977,627,4,111088.0,1,0,1,146680.0,0,Spain,Male,49
9978,807,10,130110.0,2,0,1,172098.0,0,Germany,Male,37
9979,591,6,147360.0,1,1,1,25310.8,0,France,Male,24
9980,490,6,156111.0,1,0,0,190889.0,0,Spain,Male,40
9981,731,3,0.0,2,1,1,141181.0,0,Spain,Male,70
9982,562,8,92659.2,2,1,0,1354.25,0,Germany,Male,33
9983,494,5,0.0,2,1,1,85890.2,0,Spain,Male,67
9984,785,2,99806.9,1,0,1,36976.5,0,Germany,Female,36
9985,447,3,0.0,4,1,1,197490.0,1,France,Male,41
9986,629,10,0.0,2,1,1,43174.5,1,France,Female,39
9987,653,6,116663.0,2,1,1,23864.2,0,Spain,Male,35
9988,432,6,62339.8,2,0,0,53874.7,0,France,Female,27
9989,607,5,90594.5,1,0,1,181598.0,0,Germany,Male,40
9990,582,0,0.0,1,1,1,84012.8,0,France,Female,29
9991,509,2,0.0,1,0,0,168460.0,0,Spain,Male,38
9992,531,1,0.0,2,0,0,99503.2,0,Spain,Male,70
9993,727,2,62277.0,1,1,1,59280.8,0,Spain,Male,38
9994,432,3,110219.0,1,1,0,43046.7,1,Germany,Female,45
9995,553,2,0.0,2,1,0,33877.3,0,France,Male,37
9996,795,5,0.0,1,1,0,35418.7,1,Spain,Female,56
9997,668,1,147167.0,1,0,0,141680.0,0,Spain,Male,43
9998,800,6,88541.6,2,1,1,131718.0,0,France,Male,60
9999,812,10,0.0,2,1,1,156906.0,0,France,Male,24
